PRODUCT_ID,MANUFACTURER,DEPARTMENT,BRAND,COMMODITY_DESC,SUB_COMMODITY_DESC,CURR_SIZE_OF_PRODUCT
1,1,DEPT_07,National,COMMODITY_255,SUB_255_0,
2,274,DEPT_02,Private,COMMODITY_191,SUB_191_1,
3,493,DEPT_23,Private,COMMODITY_153,SUB_153_2,
4,106,DEPT_04,National,COMMODITY_080,SUB_080_3,
5,260,DEPT_16,National,COMMODITY_092,SUB_092_4,
6,294,DEPT_17,National,COMMODITY_012,SUB_012_5,
7,169,DEPT_00,National,COMMODITY_022,SUB_022_6,
8,321,DEPT_18,Private,COMMODITY_004,SUB_004_7,
9,447,DEPT_00,National,COMMODITY_052,SUB_052_0,
10,57,DEPT_16,National,COMMODITY_243,SUB_243_1,
11,191,DEPT_14,National,COMMODITY_194,SUB_194_2,
12,412,DEPT_21,National,COMMODITY_273,SUB_273_3,
13,34,DEPT_02,National,COMMODITY_151,SUB_151_4,
14,235,DEPT_01,National,COMMODITY_181,SUB_181_5,
15,403,DEPT_08,Private,COMMODITY_291,SUB_291_6,
16,181,DEPT_02,Private,COMMODITY_218,SUB_218_7,
17,189,DEPT_22,National,COMMODITY_189,SUB_189_0,
18,279,DEPT_08,Private,COMMODITY_163,SUB_163_1,
19,373,DEPT_00,Private,COMMODITY_167,SUB_167_2,
20,58,DEPT_16,National,COMMODITY_280,SUB_280_3,
21,444,DEPT_16,Private,COMMODITY_083,SUB_083_4,
22,249,DEPT_04,Private,COMMODITY_244,SUB_244_5,
23,338,DEPT_24,Private,COMMODITY_201,SUB_201_6,
24,54,DEPT_00,National,COMMODITY_000,SUB_000_7,
25,138,DEPT_09,Private,COMMODITY_118,SUB_118_0,
26,51,DEPT_12,National,COMMODITY_257,SUB_257_1,
27,309,DEPT_04,National,COMMODITY_166,SUB_166_2,
28,447,DEPT_23,National,COMMODITY_010,SUB_010_3,
29,493,DEPT_04,National,COMMODITY_229,SUB_229_4,
30,294,DEPT_02,Private,COMMODITY_218,SUB_218_5,
31,73,DEPT_20,Private,COMMODITY_253,SUB_253_6,
32,370,DEPT_00,National,COMMODITY_052,SUB_052_7,
33,342,DEPT_11,Private,COMMODITY_026,SUB_026_0,
34,75,DEPT_12,National,COMMODITY_258,SUB_258_1,
35,383,DEPT_22,Private,COMMODITY_006,SUB_006_2,
36,29,DEPT_23,National,COMMODITY_162,SUB_162_3,
37,355,DEPT_16,National,COMMODITY_024,SUB_024_4,
38,231,DEPT_19,National,COMMODITY_089,SUB_089_5,
39,294,DEPT_02,National,COMMODITY_144,SUB_144_6,
40,155,DEPT_10,Private,COMMODITY_126,SUB_126_7,
41,54,DEPT_19,National,COMMODITY_120,SUB_120_0,
42,42,DEPT_06,National,COMMODITY_008,SUB_008_1,
43,310,DEPT_03,National,COMMODITY_001,SUB_001_2,
44,87,DEPT_08,Private,COMMODITY_037,SUB_037_3,
45,164,DEPT_23,National,COMMODITY_002,SUB_002_4,
46,295,DEPT_24,National,COMMODITY_201,SUB_201_5,
47,319,DEPT_18,National,COMMODITY_157,SUB_157_6,
48,39,DEPT_14,National,COMMODITY_194,SUB_194_7,
49,315,DEPT_17,National,COMMODITY_077,SUB_077_0,
50,471,DEPT_01,Private,COMMODITY_184,SUB_184_1,
51,285,DEPT_04,National,COMMODITY_229,SUB_229_2,
52,6,DEPT_20,National,COMMODITY_115,SUB_115_3,
53,403,DEPT_21,Private,COMMODITY_138,SUB_138_4,
54,184,DEPT_12,Private,COMMODITY_299,SUB_299_5,
55,62,DEPT_01,National,COMMODITY_241,SUB_241_6,
56,204,DEPT_13,Private,COMMODITY_294,SUB_294_7,
57,308,DEPT_09,Private,COMMODITY_113,SUB_113_0,
58,98,DEPT_04,Private,COMMODITY_205,SUB_205_1,
59,125,DEPT_13,National,COMMODITY_285,SUB_285_2,
60,355,DEPT_20,National,COMMODITY_195,SUB_195_3,
61,261,DEPT_00,National,COMMODITY_252,SUB_252_4,
62,476,DEPT_14,Private,COMMODITY_206,SUB_206_5,
63,495,DEPT_19,National,COMMODITY_211,SUB_211_6,
64,164,DEPT_09,Private,COMMODITY_116,SUB_116_7,
65,90,DEPT_05,National,COMMODITY_262,SUB_262_0,
66,40,DEPT_04,National,COMMODITY_040,SUB_040_1,
67,486,DEPT_23,Private,COMMODITY_173,SUB_173_2,
68,149,DEPT_17,National,COMMODITY_216,SUB_216_3,
69,84,DEPT_20,National,COMMODITY_253,SUB_253_4,
70,65,DEPT_18,National,COMMODITY_157,SUB_157_5,
71,163,DEPT_17,National,COMMODITY_112,SUB_112_6,
72,424,DEPT_08,National,COMMODITY_093,SUB_093_7,
73,344,DEPT_10,National,COMMODITY_126,SUB_126_0,
74,143,DEPT_20,National,COMMODITY_145,SUB_145_1,
75,236,DEPT_13,Private,COMMODITY_215,SUB_215_2,
76,300,DEPT_13,National,COMMODITY_266,SUB_266_3,
77,217,DEPT_00,National,COMMODITY_021,SUB_021_4,
78,128,DEPT_16,National,COMMODITY_280,SUB_280_5,
79,3,DEPT_03,National,COMMODITY_159,SUB_159_6,
80,19,DEPT_24,National,COMMODITY_107,SUB_107_7,
81,128,DEPT_24,National,COMMODITY_201,SUB_201_0,
82,261,DEPT_02,National,COMMODITY_171,SUB_171_1,
83,188,DEPT_00,National,COMMODITY_076,SUB_076_2,
84,379,DEPT_23,Private,COMMODITY_096,SUB_096_3,
85,329,DEPT_13,Private,COMMODITY_215,SUB_215_4,
86,421,DEPT_17,Private,COMMODITY_178,SUB_178_5,
87,423,DEPT_02,National,COMMODITY_151,SUB_151_6,
88,150,DEPT_08,National,COMMODITY_101,SUB_101_7,
89,50,DEPT_21,National,COMMODITY_228,SUB_228_0,
90,37,DEPT_01,National,COMMODITY_117,SUB_117_1,
91,80,DEPT_00,Private,COMMODITY_098,SUB_098_2,
92,132,DEPT_00,National,COMMODITY_267,SUB_267_3,
93,120,DEPT_00,National,COMMODITY_079,SUB_079_4,
94,241,DEPT_00,Private,COMMODITY_068,SUB_068_5,
95,138,DEPT_24,National,COMMODITY_214,SUB_214_6,
96,448,DEPT_15,Private,COMMODITY_186,SUB_186_7,
97,331,DEPT_23,Private,COMMODITY_014,SUB_014_0,
98,414,DEPT_15,National,COMMODITY_025,SUB_025_1,
99,109,DEPT_09,National,COMMODITY_113,SUB_113_2,
100,92,DEPT_24,National,COMMODITY_249,SUB_249_3,
101,443,DEPT_19,National,COMMODITY_120,SUB_120_4,
102,274,DEPT_24,National,COMMODITY_236,SUB_236_5,
103,414,DEPT_23,National,COMMODITY_094,SUB_094_6,
104,279,DEPT_17,National,COMMODITY_071,SUB_071_7,
105,182,DEPT_08,National,COMMODITY_237,SUB_237_0,
106,192,DEPT_05,National,COMMODITY_262,SUB_262_1,
107,126,DEPT_05,National,COMMODITY_023,SUB_023_2,
108,290,DEPT_22,National,COMMODITY_017,SUB_017_3,
109,284,DEPT_24,National,COMMODITY_201,SUB_201_4,
110,465,DEPT_08,National,COMMODITY_100,SUB_100_5,
111,271,DEPT_12,National,COMMODITY_172,SUB_172_6,
112,54,DEPT_21,Private,COMMODITY_045,SUB_045_7,
113,356,DEPT_12,National,COMMODITY_258,SUB_258_0,
114,469,DEPT_23,Private,COMMODITY_135,SUB_135_1,
115,107,DEPT_01,National,COMMODITY_268,SUB_268_2,
116,268,DEPT_21,National,COMMODITY_238,SUB_238_3,
117,186,DEPT_19,National,COMMODITY_211,SUB_211_4,
118,362,DEPT_20,National,COMMODITY_069,SUB_069_5,
119,477,DEPT_16,Private,COMMODITY_230,SUB_230_6,
120,176,DEPT_17,National,COMMODITY_015,SUB_015_7,
121,76,DEPT_02,National,COMMODITY_171,SUB_171_0,
122,25,DEPT_22,National,COMMODITY_121,SUB_121_1,
123,275,DEPT_13,National,COMMODITY_298,SUB_298_2,
124,102,DEPT_04,National,COMMODITY_059,SUB_059_3,
125,480,DEPT_15,National,COMMODITY_283,SUB_283_4,
126,93,DEPT_20,Private,COMMODITY_027,SUB_027_5,
127,316,DEPT_15,National,COMMODITY_186,SUB_186_6,
128,243,DEPT_18,National,COMMODITY_174,SUB_174_7,
129,57,DEPT_20,Private,COMMODITY_269,SUB_269_0,
130,242,DEPT_19,National,COMMODITY_089,SUB_089_1,
131,157,DEPT_14,Private,COMMODITY_270,SUB_270_2,
132,308,DEPT_24,National,COMMODITY_201,SUB_201_3,
133,342,DEPT_00,National,COMMODITY_267,SUB_267_4,
134,271,DEPT_04,National,COMMODITY_059,SUB_059_5,
135,461,DEPT_12,Private,COMMODITY_227,SUB_227_6,
136,449,DEPT_17,National,COMMODITY_282,SUB_282_7,
137,181,DEPT_23,National,COMMODITY_014,SUB_014_0,
138,412,DEPT_09,Private,COMMODITY_109,SUB_109_1,
139,101,DEPT_19,Private,COMMODITY_190,SUB_190_2,
140,417,DEPT_14,National,COMMODITY_031,SUB_031_3,
141,233,DEPT_23,National,COMMODITY_153,SUB_153_4,
142,317,DEPT_07,Private,COMMODITY_188,SUB_188_5,
143,292,DEPT_04,National,COMMODITY_229,SUB_229_6,
144,484,DEPT_16,National,COMMODITY_278,SUB_278_7,
145,275,DEPT_13,Private,COMMODITY_122,SUB_122_0,
146,496,DEPT_21,Private,COMMODITY_132,SUB_132_1,
147,403,DEPT_22,National,COMMODITY_142,SUB_142_2,
148,1,DEPT_12,Private,COMMODITY_286,SUB_286_3,
149,129,DEPT_05,Private,COMMODITY_058,SUB_058_4,
150,250,DEPT_23,National,COMMODITY_149,SUB_149_5,
151,418,DEPT_23,National,COMMODITY_014,SUB_014_6,
152,89,DEPT_22,National,COMMODITY_127,SUB_127_7,
153,420,DEPT_15,Private,COMMODITY_283,SUB_283_0,
154,461,DEPT_15,National,COMMODITY_186,SUB_186_1,
155,431,DEPT_21,Private,COMMODITY_104,SUB_104_2,
156,126,DEPT_13,Private,COMMODITY_298,SUB_298_3,
157,213,DEPT_01,National,COMMODITY_181,SUB_181_4,
158,416,DEPT_07,Private,COMMODITY_284,SUB_284_5,
159,325,DEPT_18,National,COMMODITY_004,SUB_004_6,
160,197,DEPT_21,Private,COMMODITY_138,SUB_138_7,
161,286,DEPT_23,National,COMMODITY_250,SUB_250_0,
162,35,DEPT_12,National,COMMODITY_227,SUB_227_1,
163,369,DEPT_13,National,COMMODITY_122,SUB_122_2,
164,220,DEPT_23,National,COMMODITY_149,SUB_149_3,
165,167,DEPT_10,Private,COMMODITY_126,SUB_126_4,
166,333,DEPT_06,National,COMMODITY_158,SUB_158_5,
167,181,DEPT_20,National,COMMODITY_069,SUB_069_6,
168,312,DEPT_05,National,COMMODITY_235,SUB_235_7,
169,235,DEPT_05,National,COMMODITY_023,SUB_023_0,
170,252,DEPT_02,National,COMMODITY_124,SUB_124_1,
171,326,DEPT_09,National,COMMODITY_084,SUB_084_2,
172,84,DEPT_00,National,COMMODITY_220,SUB_220_3,
173,487,DEPT_05,National,COMMODITY_224,SUB_224_4,
174,494,DEPT_23,National,COMMODITY_213,SUB_213_5,
175,399,DEPT_08,Private,COMMODITY_277,SUB_277_6,
176,338,DEPT_07,National,COMMODITY_279,SUB_279_7,
177,218,DEPT_19,National,COMMODITY_055,SUB_055_0,
178,339,DEPT_08,National,COMMODITY_034,SUB_034_1,
179,234,DEPT_13,National,COMMODITY_039,SUB_039_2,
180,81,DEPT_02,National,COMMODITY_218,SUB_218_3,
181,272,DEPT_08,National,COMMODITY_291,SUB_291_4,
182,435,DEPT_16,Private,COMMODITY_278,SUB_278_5,
183,88,DEPT_21,Private,COMMODITY_200,SUB_200_6,
184,114,DEPT_14,National,COMMODITY_290,SUB_290_7,
185,8,DEPT_17,National,COMMODITY_261,SUB_261_0,
186,259,DEPT_18,National,COMMODITY_004,SUB_004_1,
187,402,DEPT_13,Private,COMMODITY_035,SUB_035_2,
188,31,DEPT_17,Private,COMMODITY_259,SUB_259_3,
189,187,DEPT_16,National,COMMODITY_024,SUB_024_4,
190,314,DEPT_13,Private,COMMODITY_294,SUB_294_5,
191,261,DEPT_05,National,COMMODITY_248,SUB_248_6,
192,336,DEPT_19,Private,COMMODITY_287,SUB_287_7,
193,426,DEPT_19,Private,COMMODITY_108,SUB_108_0,
194,444,DEPT_22,Private,COMMODITY_044,SUB_044_1,
195,58,DEPT_01,Private,COMMODITY_155,SUB_155_2,
196,352,DEPT_08,National,COMMODITY_291,SUB_291_3,
197,335,DEPT_15,National,COMMODITY_110,SUB_110_4,
198,417,DEPT_13,National,COMMODITY_266,SUB_266_5,
199,198,DEPT_20,National,COMMODITY_115,SUB_115_6,
200,162,DEPT_09,National,COMMODITY_246,SUB_246_7,
201,444,DEPT_00,Private,COMMODITY_068,SUB_068_0,
202,468,DEPT_06,National,COMMODITY_143,SUB_143_1,
203,488,DEPT_00,National,COMMODITY_098,SUB_098_2,
204,98,DEPT_20,National,COMMODITY_069,SUB_069_3,
205,112,DEPT_00,National,COMMODITY_267,SUB_267_4,
206,11,DEPT_13,National,COMMODITY_240,SUB_240_5,
207,224,DEPT_13,National,COMMODITY_041,SUB_041_6,
208,367,DEPT_08,National,COMMODITY_277,SUB_277_7,
209,274,DEPT_08,National,COMMODITY_291,SUB_291_0,
210,401,DEPT_00,National,COMMODITY_079,SUB_079_1,
211,191,DEPT_22,National,COMMODITY_127,SUB_127_2,
212,424,DEPT_03,National,COMMODITY_161,SUB_161_3,
213,169,DEPT_06,National,COMMODITY_197,SUB_197_4,
214,97,DEPT_21,National,COMMODITY_132,SUB_132_5,
215,230,DEPT_22,Private,COMMODITY_044,SUB_044_6,
216,451,DEPT_07,National,COMMODITY_279,SUB_279_7,
217,458,DEPT_05,National,COMMODITY_207,SUB_207_0,
218,318,DEPT_17,Private,COMMODITY_012,SUB_012_1,
219,452,DEPT_04,National,COMMODITY_244,SUB_244_2,
220,35,DEPT_06,Private,COMMODITY_219,SUB_219_3,
221,75,DEPT_15,National,COMMODITY_054,SUB_054_4,
222,472,DEPT_01,National,COMMODITY_184,SUB_184_5,
223,104,DEPT_18,National,COMMODITY_150,SUB_150_6,
224,174,DEPT_06,Private,COMMODITY_008,SUB_008_7,
225,424,DEPT_16,Private,COMMODITY_278,SUB_278_0,
226,94,DEPT_13,National,COMMODITY_215,SUB_215_1,
227,387,DEPT_08,National,COMMODITY_093,SUB_093_2,
228,195,DEPT_18,National,COMMODITY_004,SUB_004_3,
229,70,DEPT_20,National,COMMODITY_027,SUB_027_4,
230,368,DEPT_12,National,COMMODITY_227,SUB_227_5,
231,168,DEPT_22,National,COMMODITY_044,SUB_044_6,
232,286,DEPT_23,National,COMMODITY_153,SUB_153_7,
233,44,DEPT_20,National,COMMODITY_269,SUB_269_0,
234,410,DEPT_16,National,COMMODITY_278,SUB_278_1,
235,483,DEPT_04,National,COMMODITY_080,SUB_080_2,
236,287,DEPT_17,National,COMMODITY_019,SUB_019_3,
237,317,DEPT_10,National,COMMODITY_148,SUB_148_4,
238,438,DEPT_00,National,COMMODITY_252,SUB_252_5,
239,459,DEPT_19,National,COMMODITY_187,SUB_187_6,
240,118,DEPT_17,National,COMMODITY_020,SUB_020_7,
241,368,DEPT_20,Private,COMMODITY_195,SUB_195_0,
242,219,DEPT_08,National,COMMODITY_103,SUB_103_1,
243,15,DEPT_23,National,COMMODITY_067,SUB_067_2,
244,263,DEPT_24,National,COMMODITY_129,SUB_129_3,
245,73,DEPT_17,National,COMMODITY_261,SUB_261_4,
246,57,DEPT_19,National,COMMODITY_289,SUB_289_5,
247,237,DEPT_02,National,COMMODITY_042,SUB_042_6,
248,349,DEPT_24,National,COMMODITY_168,SUB_168_7,
249,190,DEPT_21,National,COMMODITY_228,SUB_228_0,
250,334,DEPT_17,Private,COMMODITY_077,SUB_077_1,
251,456,DEPT_04,Private,COMMODITY_081,SUB_081_2,
252,150,DEPT_21,National,COMMODITY_072,SUB_072_3,
253,304,DEPT_00,National,COMMODITY_062,SUB_062_4,
254,237,DEPT_13,Private,COMMODITY_266,SUB_266_5,
255,442,DEPT_16,Private,COMMODITY_065,SUB_065_6,
256,482,DEPT_23,National,COMMODITY_067,SUB_067_7,
257,363,DEPT_08,Private,COMMODITY_037,SUB_037_0,
258,342,DEPT_08,Private,COMMODITY_037,SUB_037_1,
259,404,DEPT_17,National,COMMODITY_233,SUB_233_2,
260,314,DEPT_15,Private,COMMODITY_086,SUB_086_3,
261,231,DEPT_13,National,COMMODITY_240,SUB_240_4,
262,201,DEPT_23,National,COMMODITY_175,SUB_175_5,
263,486,DEPT_12,National,COMMODITY_257,SUB_257_6,
264,253,DEPT_04,National,COMMODITY_166,SUB_166_7,
265,355,DEPT_04,National,COMMODITY_229,SUB_229_0,
266,462,DEPT_20,National,COMMODITY_242,SUB_242_1,
267,331,DEPT_11,Private,COMMODITY_018,SUB_018_2,
268,328,DEPT_24,National,COMMODITY_168,SUB_168_3,
269,450,DEPT_07,National,COMMODITY_136,SUB_136_4,
270,404,DEPT_15,National,COMMODITY_086,SUB_086_5,
271,344,DEPT_23,National,COMMODITY_135,SUB_135_6,
272,331,DEPT_08,National,COMMODITY_123,SUB_123_7,
273,139,DEPT_01,National,COMMODITY_147,SUB_147_0,
274,35,DEPT_05,National,COMMODITY_245,SUB_245_1,
275,422,DEPT_22,National,COMMODITY_247,SUB_247_2,
276,84,DEPT_19,National,COMMODITY_187,SUB_187_3,
277,229,DEPT_23,Private,COMMODITY_213,SUB_213_4,
278,28,DEPT_19,Private,COMMODITY_287,SUB_287_5,
279,151,DEPT_02,National,COMMODITY_191,SUB_191_6,
280,109,DEPT_15,Private,COMMODITY_110,SUB_110_7,
281,386,DEPT_16,National,COMMODITY_024,SUB_024_0,
282,29,DEPT_02,National,COMMODITY_165,SUB_165_1,
283,190,DEPT_20,National,COMMODITY_069,SUB_069_2,
284,400,DEPT_17,National,COMMODITY_178,SUB_178_3,
285,92,DEPT_21,National,COMMODITY_007,SUB_007_4,
286,473,DEPT_04,National,COMMODITY_254,SUB_254_5,
287,185,DEPT_15,Private,COMMODITY_283,SUB_283_6,
288,115,DEPT_19,National,COMMODITY_043,SUB_043_7,
289,162,DEPT_05,Private,COMMODITY_245,SUB_245_0,
290,59,DEPT_22,National,COMMODITY_121,SUB_121_1,
291,268,DEPT_17,Private,COMMODITY_012,SUB_012_2,
292,214,DEPT_11,National,COMMODITY_272,SUB_272_3,
293,53,DEPT_17,Private,COMMODITY_282,SUB_282_4,
294,245,DEPT_17,National,COMMODITY_012,SUB_012_5,
295,409,DEPT_17,Private,COMMODITY_178,SUB_178_6,
296,392,DEPT_09,Private,COMMODITY_246,SUB_246_7,
297,185,DEPT_24,National,COMMODITY_236,SUB_236_0,
298,200,DEPT_02,National,COMMODITY_124,SUB_124_1,
299,104,DEPT_12,Private,COMMODITY_257,SUB_257_2,
300,420,DEPT_05,National,COMMODITY_248,SUB_248_3,
301,483,DEPT_08,National,COMMODITY_034,SUB_034_4,
302,479,DEPT_23,National,COMMODITY_002,SUB_002_5,
303,228,DEPT_14,National,COMMODITY_030,SUB_030_6,
304,190,DEPT_09,National,COMMODITY_109,SUB_109_7,
305,351,DEPT_11,National,COMMODITY_032,SUB_032_0,
306,474,DEPT_05,National,COMMODITY_023,SUB_023_1,
307,396,DEPT_17,National,COMMODITY_077,SUB_077_2,
308,201,DEPT_20,National,COMMODITY_195,SUB_195_3,
309,423,DEPT_18,National,COMMODITY_157,SUB_157_4,
310,379,DEPT_23,Private,COMMODITY_082,SUB_082_5,
311,126,DEPT_13,National,COMMODITY_285,SUB_285_6,
312,352,DEPT_11,National,COMMODITY_210,SUB_210_7,
313,482,DEPT_19,National,COMMODITY_190,SUB_190_0,
314,137,DEPT_15,National,COMMODITY_283,SUB_283_1,
315,497,DEPT_05,National,COMMODITY_235,SUB_235_2,
316,20,DEPT_15,National,COMMODITY_038,SUB_038_3,
317,382,DEPT_13,Private,COMMODITY_011,SUB_011_4,
318,145,DEPT_17,National,COMMODITY_259,SUB_259_5,
319,26,DEPT_13,Private,COMMODITY_122,SUB_122_6,
320,56,DEPT_22,Private,COMMODITY_017,SUB_017_7,
321,242,DEPT_22,National,COMMODITY_142,SUB_142_0,
322,294,DEPT_00,Private,COMMODITY_114,SUB_114_1,
323,398,DEPT_24,Private,COMMODITY_129,SUB_129_2,
324,9,DEPT_01,Private,COMMODITY_128,SUB_128_3,
325,63,DEPT_23,National,COMMODITY_094,SUB_094_4,
326,350,DEPT_04,National,COMMODITY_146,SUB_146_5,
327,152,DEPT_01,National,COMMODITY_147,SUB_147_6,
328,281,DEPT_07,National,COMMODITY_292,SUB_292_7,
329,89,DEPT_05,Private,COMMODITY_207,SUB_207_0,
330,232,DEPT_09,National,COMMODITY_232,SUB_232_1,
331,330,DEPT_23,National,COMMODITY_002,SUB_002_2,
332,486,DEPT_16,National,COMMODITY_092,SUB_092_3,
333,222,DEPT_12,National,COMMODITY_295,SUB_295_4,
334,408,DEPT_04,National,COMMODITY_080,SUB_080_5,
335,423,DEPT_23,Private,COMMODITY_152,SUB_152_6,
336,6,DEPT_12,Private,COMMODITY_258,SUB_258_7,
337,425,DEPT_02,National,COMMODITY_191,SUB_191_0,
338,27,DEPT_20,Private,COMMODITY_264,SUB_264_1,
339,314,DEPT_11,National,COMMODITY_049,SUB_049_2,
340,310,DEPT_23,National,COMMODITY_153,SUB_153_3,
341,428,DEPT_19,National,COMMODITY_190,SUB_190_4,
342,366,DEPT_08,National,COMMODITY_103,SUB_103_5,
343,482,DEPT_12,National,COMMODITY_172,SUB_172_6,
344,337,DEPT_13,National,COMMODITY_298,SUB_298_7,
345,66,DEPT_00,National,COMMODITY_220,SUB_220_0,
346,60,DEPT_23,National,COMMODITY_094,SUB_094_1,
347,417,DEPT_17,National,COMMODITY_019,SUB_019_2,
348,361,DEPT_15,National,COMMODITY_054,SUB_054_3,
349,335,DEPT_04,Private,COMMODITY_081,SUB_081_4,
350,416,DEPT_20,Private,COMMODITY_264,SUB_264_5,
351,186,DEPT_04,National,COMMODITY_081,SUB_081_6,
352,316,DEPT_16,National,COMMODITY_243,SUB_243_7,
353,134,DEPT_23,National,COMMODITY_082,SUB_082_0,
354,383,DEPT_21,Private,COMMODITY_200,SUB_200_1,
355,139,DEPT_06,National,COMMODITY_158,SUB_158_2,
356,204,DEPT_19,Private,COMMODITY_287,SUB_287_3,
357,496,DEPT_02,National,COMMODITY_169,SUB_169_4,
358,91,DEPT_08,National,COMMODITY_277,SUB_277_5,
359,182,DEPT_21,National,COMMODITY_288,SUB_288_6,
360,388,DEPT_05,National,COMMODITY_224,SUB_224_7,
361,329,DEPT_07,National,COMMODITY_188,SUB_188_0,
362,50,DEPT_12,National,COMMODITY_258,SUB_258_1,
363,465,DEPT_13,National,COMMODITY_298,SUB_298_2,
364,63,DEPT_05,Private,COMMODITY_074,SUB_074_3,
365,427,DEPT_24,National,COMMODITY_168,SUB_168_4,
366,388,DEPT_02,National,COMMODITY_042,SUB_042_5,
367,387,DEPT_14,National,COMMODITY_031,SUB_031_6,
368,11,DEPT_24,National,COMMODITY_201,SUB_201_7,
369,304,DEPT_23,National,COMMODITY_014,SUB_014_0,
370,85,DEPT_24,National,COMMODITY_214,SUB_214_1,
371,312,DEPT_09,Private,COMMODITY_246,SUB_246_2,
372,323,DEPT_11,National,COMMODITY_050,SUB_050_3,
373,434,DEPT_21,National,COMMODITY_204,SUB_204_4,
374,260,DEPT_09,Private,COMMODITY_118,SUB_118_5,
375,390,DEPT_01,National,COMMODITY_268,SUB_268_6,
376,359,DEPT_21,National,COMMODITY_273,SUB_273_7,
377,330,DEPT_23,National,COMMODITY_173,SUB_173_0,
378,155,DEPT_24,National,COMMODITY_168,SUB_168_1,
379,433,DEPT_23,National,COMMODITY_213,SUB_213_2,
380,406,DEPT_23,National,COMMODITY_173,SUB_173_3,
381,490,DEPT_22,National,COMMODITY_223,SUB_223_4,
382,355,DEPT_05,National,COMMODITY_058,SUB_058_5,
383,294,DEPT_11,National,COMMODITY_234,SUB_234_6,
384,270,DEPT_18,National,COMMODITY_157,SUB_157_7,
385,311,DEPT_13,National,COMMODITY_225,SUB_225_0,
386,91,DEPT_18,National,COMMODITY_157,SUB_157_1,
387,491,DEPT_06,Private,COMMODITY_091,SUB_091_2,
388,176,DEPT_11,National,COMMODITY_026,SUB_026_3,
389,379,DEPT_18,Private,COMMODITY_157,SUB_157_4,
390,101,DEPT_13,Private,COMMODITY_294,SUB_294_5,
391,92,DEPT_23,National,COMMODITY_010,SUB_010_6,
392,307,DEPT_02,National,COMMODITY_171,SUB_171_7,
393,209,DEPT_01,National,COMMODITY_134,SUB_134_0,
394,410,DEPT_03,National,COMMODITY_001,SUB_001_1,
395,180,DEPT_08,National,COMMODITY_163,SUB_163_2,
396,126,DEPT_11,National,COMMODITY_231,SUB_231_3,
397,222,DEPT_05,National,COMMODITY_222,SUB_222_4,
398,462,DEPT_06,Private,COMMODITY_293,SUB_293_5,
399,30,DEPT_06,National,COMMODITY_158,SUB_158_6,
400,297,DEPT_02,National,COMMODITY_176,SUB_176_7,
401,289,DEPT_19,National,COMMODITY_289,SUB_289_0,
402,407,DEPT_19,Private,COMMODITY_095,SUB_095_1,
403,36,DEPT_08,National,COMMODITY_239,SUB_239_2,
404,323,DEPT_09,National,COMMODITY_056,SUB_056_3,
405,75,DEPT_19,National,COMMODITY_108,SUB_108_4,
406,137,DEPT_24,National,COMMODITY_201,SUB_201_5,
407,321,DEPT_23,National,COMMODITY_173,SUB_173_6,
408,464,DEPT_05,Private,COMMODITY_058,SUB_058_7,
409,284,DEPT_06,National,COMMODITY_197,SUB_197_0,
410,459,DEPT_23,National,COMMODITY_173,SUB_173_1,
411,175,DEPT_11,Private,COMMODITY_276,SUB_276_2,
412,207,DEPT_05,National,COMMODITY_180,SUB_180_3,
413,463,DEPT_06,Private,COMMODITY_265,SUB_265_4,
414,379,DEPT_21,National,COMMODITY_288,SUB_288_5,
415,236,DEPT_11,National,COMMODITY_026,SUB_026_6,
416,399,DEPT_00,National,COMMODITY_021,SUB_021_7,
417,352,DEPT_18,National,COMMODITY_150,SUB_150_0,
418,291,DEPT_23,National,COMMODITY_149,SUB_149_1,
419,251,DEPT_04,Private,COMMODITY_166,SUB_166_2,
420,253,DEPT_22,National,COMMODITY_223,SUB_223_3,
421,431,DEPT_23,National,COMMODITY_094,SUB_094_4,
422,202,DEPT_08,National,COMMODITY_053,SUB_053_5,
423,209,DEPT_21,National,COMMODITY_204,SUB_204_6,
424,276,DEPT_09,Private,COMMODITY_116,SUB_116_7,
425,471,DEPT_16,Private,COMMODITY_278,SUB_278_0,
426,154,DEPT_11,National,COMMODITY_018,SUB_018_1,
427,299,DEPT_21,Private,COMMODITY_212,SUB_212_2,
428,109,DEPT_06,Private,COMMODITY_217,SUB_217_3,
429,252,DEPT_04,National,COMMODITY_081,SUB_081_4,
430,294,DEPT_11,National,COMMODITY_026,SUB_026_5,
431,302,DEPT_19,National,COMMODITY_095,SUB_095_6,
432,22,DEPT_09,Private,COMMODITY_118,SUB_118_7,
433,60,DEPT_06,National,COMMODITY_293,SUB_293_0,
434,254,DEPT_05,Private,COMMODITY_262,SUB_262_1,
435,331,DEPT_20,National,COMMODITY_069,SUB_069_2,
436,418,DEPT_14,National,COMMODITY_141,SUB_141_3,
437,171,DEPT_16,Private,COMMODITY_179,SUB_179_4,
438,15,DEPT_21,National,COMMODITY_273,SUB_273_5,
439,303,DEPT_04,Private,COMMODITY_040,SUB_040_6,
440,417,DEPT_04,National,COMMODITY_229,SUB_229_7,
441,190,DEPT_08,National,COMMODITY_277,SUB_277_0,
442,480,DEPT_17,National,COMMODITY_274,SUB_274_1,
443,69,DEPT_16,National,COMMODITY_083,SUB_083_2,
444,48,DEPT_15,National,COMMODITY_038,SUB_038_3,
445,180,DEPT_17,National,COMMODITY_178,SUB_178_4,
446,37,DEPT_00,Private,COMMODITY_022,SUB_022_5,
447,101,DEPT_15,National,COMMODITY_038,SUB_038_6,
448,16,DEPT_00,Private,COMMODITY_021,SUB_021_7,
449,216,DEPT_01,Private,COMMODITY_063,SUB_063_0,
450,291,DEPT_06,National,COMMODITY_260,SUB_260_1,
451,104,DEPT_24,National,COMMODITY_201,SUB_201_2,
452,203,DEPT_19,National,COMMODITY_190,SUB_190_3,
453,487,DEPT_12,Private,COMMODITY_295,SUB_295_4,
454,337,DEPT_10,Private,COMMODITY_148,SUB_148_5,
455,44,DEPT_13,National,COMMODITY_011,SUB_011_6,
456,92,DEPT_11,National,COMMODITY_049,SUB_049_7,
457,236,DEPT_11,National,COMMODITY_078,SUB_078_0,
458,349,DEPT_14,National,COMMODITY_202,SUB_202_1,
459,135,DEPT_24,National,COMMODITY_107,SUB_107_2,
460,212,DEPT_19,Private,COMMODITY_095,SUB_095_3,
461,238,DEPT_02,Private,COMMODITY_033,SUB_033_4,
462,474,DEPT_23,National,COMMODITY_213,SUB_213_5,
463,407,DEPT_21,National,COMMODITY_007,SUB_007_6,
464,345,DEPT_21,National,COMMODITY_138,SUB_138_7,
465,371,DEPT_22,National,COMMODITY_223,SUB_223_0,
466,292,DEPT_23,Private,COMMODITY_152,SUB_152_1,
467,496,DEPT_14,National,COMMODITY_206,SUB_206_2,
468,266,DEPT_24,Private,COMMODITY_236,SUB_236_3,
469,403,DEPT_23,Private,COMMODITY_067,SUB_067_4,
470,207,DEPT_20,National,COMMODITY_027,SUB_027_5,
471,8,DEPT_24,National,COMMODITY_016,SUB_016_6,
472,55,DEPT_23,Private,COMMODITY_173,SUB_173_7,
473,300,DEPT_00,National,COMMODITY_079,SUB_079_0,
474,401,DEPT_04,National,COMMODITY_059,SUB_059_1,
475,78,DEPT_00,National,COMMODITY_220,SUB_220_2,
476,324,DEPT_20,National,COMMODITY_242,SUB_242_3,
477,77,DEPT_12,Private,COMMODITY_286,SUB_286_4,
478,103,DEPT_04,National,COMMODITY_146,SUB_146_5,
479,107,DEPT_11,Private,COMMODITY_156,SUB_156_6,
480,20,DEPT_03,National,COMMODITY_296,SUB_296_7,
481,66,DEPT_02,National,COMMODITY_151,SUB_151_0,
482,53,DEPT_15,Private,COMMODITY_054,SUB_054_1,
483,295,DEPT_00,National,COMMODITY_076,SUB_076_2,
484,8,DEPT_21,Private,COMMODITY_288,SUB_288_3,
485,416,DEPT_17,National,COMMODITY_012,SUB_012_4,
486,482,DEPT_13,National,COMMODITY_240,SUB_240_5,
487,282,DEPT_14,Private,COMMODITY_194,SUB_194_6,
488,294,DEPT_02,Private,COMMODITY_144,SUB_144_7,
489,102,DEPT_23,National,COMMODITY_250,SUB_250_0,
490,208,DEPT_04,National,COMMODITY_244,SUB_244_1,
491,256,DEPT_24,Private,COMMODITY_131,SUB_131_2,
492,186,DEPT_05,Private,COMMODITY_180,SUB_180_3,
493,348,DEPT_04,National,COMMODITY_229,SUB_229_4,
494,410,DEPT_13,National,COMMODITY_196,SUB_196_5,
495,84,DEPT_20,National,COMMODITY_145,SUB_145_6,
496,233,DEPT_17,National,COMMODITY_274,SUB_274_7,
497,88,DEPT_20,Private,COMMODITY_264,SUB_264_0,
498,465,DEPT_17,National,COMMODITY_019,SUB_019_1,
499,169,DEPT_13,National,COMMODITY_164,SUB_164_2,
500,326,DEPT_23,National,COMMODITY_250,SUB_250_3,
501,251,DEPT_15,Private,COMMODITY_025,SUB_025_4,
502,107,DEPT_00,National,COMMODITY_114,SUB_114_5,
503,391,DEPT_23,Private,COMMODITY_152,SUB_152_6,
504,441,DEPT_13,National,COMMODITY_097,SUB_097_7,
505,303,DEPT_10,National,COMMODITY_208,SUB_208_0,
506,369,DEPT_13,National,COMMODITY_298,SUB_298_1,
507,271,DEPT_09,National,COMMODITY_109,SUB_109_2,
508,104,DEPT_11,National,COMMODITY_234,SUB_234_3,
509,251,DEPT_13,National,COMMODITY_035,SUB_035_4,
510,306,DEPT_20,National,COMMODITY_145,SUB_145_5,
511,456,DEPT_03,National,COMMODITY_001,SUB_001_6,
512,263,DEPT_10,Private,COMMODITY_126,SUB_126_7,
513,13,DEPT_18,National,COMMODITY_004,SUB_004_0,
514,86,DEPT_16,Private,COMMODITY_263,SUB_263_1,
515,239,DEPT_14,Private,COMMODITY_290,SUB_290_2,
516,255,DEPT_11,Private,COMMODITY_026,SUB_026_3,
517,255,DEPT_05,National,COMMODITY_245,SUB_245_4,
518,444,DEPT_21,Private,COMMODITY_212,SUB_212_5,
519,294,DEPT_03,Private,COMMODITY_090,SUB_090_6,
520,409,DEPT_24,National,COMMODITY_236,SUB_236_7,
521,92,DEPT_21,National,COMMODITY_288,SUB_288_0,
522,440,DEPT_08,National,COMMODITY_239,SUB_239_1,
523,75,DEPT_05,National,COMMODITY_207,SUB_207_2,
524,488,DEPT_23,National,COMMODITY_096,SUB_096_3,
525,290,DEPT_01,National,COMMODITY_181,SUB_181_4,
526,498,DEPT_21,National,COMMODITY_238,SUB_238_5,
527,321,DEPT_24,National,COMMODITY_214,SUB_214_6,
528,379,DEPT_23,National,COMMODITY_067,SUB_067_7,
529,460,DEPT_08,National,COMMODITY_123,SUB_123_0,
530,490,DEPT_19,National,COMMODITY_108,SUB_108_1,
531,141,DEPT_10,National,COMMODITY_208,SUB_208_2,
532,70,DEPT_23,National,COMMODITY_125,SUB_125_3,
533,202,DEPT_23,National,COMMODITY_125,SUB_125_4,
534,225,DEPT_23,National,COMMODITY_162,SUB_162_5,
535,114,DEPT_23,National,COMMODITY_173,SUB_173_6,
536,64,DEPT_02,National,COMMODITY_033,SUB_033_7,
537,190,DEPT_08,National,COMMODITY_277,SUB_277_0,
538,222,DEPT_13,Private,COMMODITY_122,SUB_122_1,
539,61,DEPT_00,National,COMMODITY_052,SUB_052_2,
540,25,DEPT_00,National,COMMODITY_000,SUB_000_3,
541,311,DEPT_19,National,COMMODITY_130,SUB_130_4,
542,10,DEPT_22,Private,COMMODITY_223,SUB_223_5,
543,480,DEPT_20,National,COMMODITY_088,SUB_088_6,
544,252,DEPT_07,National,COMMODITY_255,SUB_255_7,
545,103,DEPT_04,National,COMMODITY_059,SUB_059_0,
546,207,DEPT_13,National,COMMODITY_041,SUB_041_1,
547,397,DEPT_01,National,COMMODITY_117,SUB_117_2,
548,390,DEPT_19,Private,COMMODITY_211,SUB_211_3,
549,379,DEPT_19,Private,COMMODITY_089,SUB_089_4,
550,100,DEPT_09,National,COMMODITY_246,SUB_246_5,
551,140,DEPT_22,National,COMMODITY_006,SUB_006_6,
552,66,DEPT_13,National,COMMODITY_294,SUB_294_7,
553,341,DEPT_23,Private,COMMODITY_014,SUB_014_0,
554,64,DEPT_20,National,COMMODITY_253,SUB_253_1,
555,208,DEPT_03,National,COMMODITY_001,SUB_001_2,
556,329,DEPT_22,Private,COMMODITY_127,SUB_127_3,
557,251,DEPT_16,National,COMMODITY_092,SUB_092_4,
558,90,DEPT_06,National,COMMODITY_293,SUB_293_5,
559,163,DEPT_13,Private,COMMODITY_196,SUB_196_6,
560,140,DEPT_07,Private,COMMODITY_292,SUB_292_7,
561,159,DEPT_02,National,COMMODITY_124,SUB_124_0,
562,342,DEPT_02,National,COMMODITY_151,SUB_151_1,
563,229,DEPT_18,National,COMMODITY_150,SUB_150_2,
564,244,DEPT_19,Private,COMMODITY_226,SUB_226_3,
565,276,DEPT_23,National,COMMODITY_152,SUB_152_4,
566,135,DEPT_17,National,COMMODITY_274,SUB_274_5,
567,93,DEPT_00,National,COMMODITY_057,SUB_057_6,
568,257,DEPT_22,National,COMMODITY_142,SUB_142_7,
569,166,DEPT_05,National,COMMODITY_074,SUB_074_0,
570,75,DEPT_17,National,COMMODITY_259,SUB_259_1,
571,94,DEPT_13,Private,COMMODITY_041,SUB_041_2,
572,160,DEPT_11,National,COMMODITY_210,SUB_210_3,
573,463,DEPT_21,National,COMMODITY_273,SUB_273_4,
574,406,DEPT_20,National,COMMODITY_088,SUB_088_5,
575,60,DEPT_16,National,COMMODITY_083,SUB_083_6,
576,441,DEPT_16,National,COMMODITY_230,SUB_230_7,
577,386,DEPT_05,National,COMMODITY_177,SUB_177_0,
578,474,DEPT_02,National,COMMODITY_171,SUB_171_1,
579,167,DEPT_06,National,COMMODITY_265,SUB_265_2,
580,186,DEPT_13,National,COMMODITY_028,SUB_028_3,
581,240,DEPT_04,National,COMMODITY_081,SUB_081_4,
582,134,DEPT_01,Private,COMMODITY_117,SUB_117_5,
583,392,DEPT_17,National,COMMODITY_275,SUB_275_6,
584,18,DEPT_00,National,COMMODITY_022,SUB_022_7,
585,223,DEPT_23,Private,COMMODITY_135,SUB_135_0,
586,311,DEPT_22,National,COMMODITY_142,SUB_142_1,
587,82,DEPT_18,Private,COMMODITY_004,SUB_004_2,
588,166,DEPT_01,National,COMMODITY_128,SUB_128_3,
589,159,DEPT_14,National,COMMODITY_194,SUB_194_4,
590,22,DEPT_22,National,COMMODITY_127,SUB_127_5,
591,420,DEPT_06,National,COMMODITY_091,SUB_091_6,
592,268,DEPT_23,National,COMMODITY_175,SUB_175_7,
593,54,DEPT_13,National,COMMODITY_294,SUB_294_0,
594,86,DEPT_15,Private,COMMODITY_036,SUB_036_1,
595,228,DEPT_19,National,COMMODITY_085,SUB_085_2,
596,80,DEPT_16,Private,COMMODITY_280,SUB_280_3,
597,245,DEPT_20,National,COMMODITY_088,SUB_088_4,
598,25,DEPT_04,Private,COMMODITY_205,SUB_205_5,
599,90,DEPT_11,Private,COMMODITY_105,SUB_105_6,
600,454,DEPT_22,National,COMMODITY_247,SUB_247_7,
601,414,DEPT_23,Private,COMMODITY_175,SUB_175_0,
602,273,DEPT_20,National,COMMODITY_269,SUB_269_1,
603,96,DEPT_02,National,COMMODITY_191,SUB_191_2,
604,64,DEPT_18,Private,COMMODITY_174,SUB_174_3,
605,32,DEPT_04,Private,COMMODITY_146,SUB_146_4,
606,74,DEPT_17,National,COMMODITY_012,SUB_012_5,
607,81,DEPT_15,Private,COMMODITY_036,SUB_036_6,
608,468,DEPT_23,Private,COMMODITY_213,SUB_213_7,
609,383,DEPT_02,Private,COMMODITY_191,SUB_191_0,
610,38,DEPT_24,National,COMMODITY_170,SUB_170_1,
611,201,DEPT_13,National,COMMODITY_035,SUB_035_2,
612,309,DEPT_22,Private,COMMODITY_247,SUB_247_3,
613,332,DEPT_21,National,COMMODITY_238,SUB_238_4,
614,15,DEPT_03,National,COMMODITY_159,SUB_159_5,
615,47,DEPT_00,National,COMMODITY_076,SUB_076_6,
616,191,DEPT_16,National,COMMODITY_243,SUB_243_7,
617,173,DEPT_11,Private,COMMODITY_156,SUB_156_0,
618,471,DEPT_12,National,COMMODITY_299,SUB_299_1,
619,371,DEPT_09,National,COMMODITY_084,SUB_084_2,
620,184,DEPT_11,Private,COMMODITY_105,SUB_105_3,
621,356,DEPT_01,National,COMMODITY_241,SUB_241_4,
622,222,DEPT_17,Private,COMMODITY_051,SUB_051_5,
623,447,DEPT_23,National,COMMODITY_096,SUB_096_6,
624,36,DEPT_01,National,COMMODITY_117,SUB_117_7,
625,389,DEPT_06,National,COMMODITY_217,SUB_217_0,
626,36,DEPT_13,National,COMMODITY_225,SUB_225_1,
627,298,DEPT_24,National,COMMODITY_236,SUB_236_2,
628,287,DEPT_24,National,COMMODITY_131,SUB_131_3,
629,329,DEPT_01,National,COMMODITY_184,SUB_184_4,
630,477,DEPT_02,National,COMMODITY_176,SUB_176_5,
631,18,DEPT_11,National,COMMODITY_231,SUB_231_6,
632,433,DEPT_15,Private,COMMODITY_038,SUB_038_7,
633,285,DEPT_19,National,COMMODITY_095,SUB_095_0,
634,325,DEPT_06,National,COMMODITY_217,SUB_217_1,
635,275,DEPT_13,National,COMMODITY_060,SUB_060_2,
636,489,DEPT_09,Private,COMMODITY_084,SUB_084_3,
637,283,DEPT_06,Private,COMMODITY_293,SUB_293_4,
638,216,DEPT_00,National,COMMODITY_057,SUB_057_5,
639,284,DEPT_12,National,COMMODITY_299,SUB_299_6,
640,478,DEPT_12,Private,COMMODITY_258,SUB_258_7,
641,99,DEPT_08,National,COMMODITY_046,SUB_046_0,
642,262,DEPT_02,Private,COMMODITY_169,SUB_169_1,
643,488,DEPT_13,National,COMMODITY_097,SUB_097_2,
644,32,DEPT_20,National,COMMODITY_145,SUB_145_3,
645,111,DEPT_20,Private,COMMODITY_182,SUB_182_4,
646,232,DEPT_20,National,COMMODITY_269,SUB_269_5,
647,250,DEPT_07,National,COMMODITY_279,SUB_279_6,
648,483,DEPT_15,National,COMMODITY_025,SUB_025_7,
649,198,DEPT_08,National,COMMODITY_053,SUB_053_0,
650,208,DEPT_10,National,COMMODITY_208,SUB_208_1,
651,232,DEPT_13,Private,COMMODITY_061,SUB_061_2,
652,492,DEPT_00,National,COMMODITY_098,SUB_098_3,
653,91,DEPT_23,National,COMMODITY_175,SUB_175_4,
654,195,DEPT_00,National,COMMODITY_052,SUB_052_5,
655,75,DEPT_13,Private,COMMODITY_298,SUB_298_6,
656,81,DEPT_14,National,COMMODITY_202,SUB_202_7,
657,111,DEPT_00,National,COMMODITY_068,SUB_068_0,
658,128,DEPT_19,National,COMMODITY_108,SUB_108_1,
659,297,DEPT_14,National,COMMODITY_194,SUB_194_2,
660,120,DEPT_00,Private,COMMODITY_098,SUB_098_3,
661,461,DEPT_15,Private,COMMODITY_186,SUB_186_4,
662,291,DEPT_15,National,COMMODITY_283,SUB_283_5,
663,446,DEPT_09,National,COMMODITY_109,SUB_109_6,
664,80,DEPT_04,National,COMMODITY_059,SUB_059_7,
665,345,DEPT_19,Private,COMMODITY_085,SUB_085_0,
666,179,DEPT_23,National,COMMODITY_153,SUB_153_1,
667,62,DEPT_04,Private,COMMODITY_166,SUB_166_2,
668,485,DEPT_21,National,COMMODITY_007,SUB_007_3,
669,454,DEPT_21,National,COMMODITY_192,SUB_192_4,
670,58,DEPT_11,National,COMMODITY_049,SUB_049_5,
671,404,DEPT_07,National,COMMODITY_188,SUB_188_6,
672,326,DEPT_06,National,COMMODITY_265,SUB_265_7,
673,469,DEPT_05,National,COMMODITY_058,SUB_058_0,
674,114,DEPT_24,Private,COMMODITY_236,SUB_236_1,
675,319,DEPT_23,National,COMMODITY_010,SUB_010_2,
676,203,DEPT_00,National,COMMODITY_167,SUB_167_3,
677,76,DEPT_21,National,COMMODITY_200,SUB_200_4,
678,39,DEPT_07,National,COMMODITY_066,SUB_066_5,
679,189,DEPT_11,Private,COMMODITY_234,SUB_234_6,
680,377,DEPT_00,National,COMMODITY_167,SUB_167_7,
681,273,DEPT_23,National,COMMODITY_125,SUB_125_0,
682,424,DEPT_22,National,COMMODITY_003,SUB_003_1,
683,89,DEPT_04,National,COMMODITY_040,SUB_040_2,
684,379,DEPT_23,National,COMMODITY_213,SUB_213_3,
685,191,DEPT_13,Private,COMMODITY_122,SUB_122_4,
686,164,DEPT_13,National,COMMODITY_215,SUB_215_5,
687,152,DEPT_21,National,COMMODITY_288,SUB_288_6,
688,271,DEPT_13,National,COMMODITY_193,SUB_193_7,
689,464,DEPT_05,Private,COMMODITY_222,SUB_222_0,
690,157,DEPT_11,Private,COMMODITY_183,SUB_183_1,
691,288,DEPT_03,National,COMMODITY_090,SUB_090_2,
692,489,DEPT_00,National,COMMODITY_022,SUB_022_3,
693,26,DEPT_11,Private,COMMODITY_183,SUB_183_4,
694,214,DEPT_22,National,COMMODITY_073,SUB_073_5,
695,337,DEPT_15,National,COMMODITY_036,SUB_036_6,
696,409,DEPT_12,Private,COMMODITY_172,SUB_172_7,
697,483,DEPT_11,National,COMMODITY_183,SUB_183_0,
698,45,DEPT_09,National,COMMODITY_118,SUB_118_1,
699,472,DEPT_07,National,COMMODITY_188,SUB_188_2,
700,473,DEPT_05,Private,COMMODITY_297,SUB_297_3,
701,340,DEPT_12,National,COMMODITY_227,SUB_227_4,
702,442,DEPT_08,National,COMMODITY_277,SUB_277_5,
703,247,DEPT_17,Private,COMMODITY_020,SUB_020_6,
704,345,DEPT_21,National,COMMODITY_045,SUB_045_7,
705,370,DEPT_24,National,COMMODITY_107,SUB_107_0,
706,241,DEPT_02,National,COMMODITY_176,SUB_176_1,
707,27,DEPT_10,National,COMMODITY_208,SUB_208_2,
708,340,DEPT_10,National,COMMODITY_208,SUB_208_3,
709,159,DEPT_09,National,COMMODITY_271,SUB_271_4,
710,418,DEPT_04,Private,COMMODITY_040,SUB_040_5,
711,341,DEPT_17,National,COMMODITY_051,SUB_051_6,
712,67,DEPT_08,National,COMMODITY_093,SUB_093_7,
713,48,DEPT_11,National,COMMODITY_050,SUB_050_0,
714,337,DEPT_24,Private,COMMODITY_214,SUB_214_1,
715,187,DEPT_08,National,COMMODITY_123,SUB_123_2,
716,276,DEPT_14,National,COMMODITY_270,SUB_270_3,
717,237,DEPT_19,National,COMMODITY_085,SUB_085_4,
718,317,DEPT_22,National,COMMODITY_102,SUB_102_5,
719,484,DEPT_19,National,COMMODITY_089,SUB_089_6,
720,130,DEPT_17,National,COMMODITY_071,SUB_071_7,
721,396,DEPT_00,Private,COMMODITY_252,SUB_252_0,
722,457,DEPT_09,National,COMMODITY_246,SUB_246_1,
723,271,DEPT_20,National,COMMODITY_088,SUB_088_2,
724,255,DEPT_23,National,COMMODITY_175,SUB_175_3,
725,271,DEPT_16,National,COMMODITY_263,SUB_263_4,
726,287,DEPT_22,National,COMMODITY_142,SUB_142_5,
727,2,DEPT_14,National,COMMODITY_270,SUB_270_6,
728,299,DEPT_00,National,COMMODITY_076,SUB_076_7,
729,81,DEPT_23,National,COMMODITY_067,SUB_067_0,
730,103,DEPT_00,National,COMMODITY_021,SUB_021_1,
731,436,DEPT_22,National,COMMODITY_189,SUB_189_2,
732,78,DEPT_24,National,COMMODITY_005,SUB_005_3,
733,448,DEPT_08,National,COMMODITY_053,SUB_053_4,
734,314,DEPT_23,National,COMMODITY_173,SUB_173_5,
735,432,DEPT_21,Private,COMMODITY_132,SUB_132_6,
736,100,DEPT_00,National,COMMODITY_057,SUB_057_7,
737,372,DEPT_23,National,COMMODITY_153,SUB_153_0,
738,75,DEPT_07,National,COMMODITY_292,SUB_292_1,
739,188,DEPT_13,National,COMMODITY_294,SUB_294_2,
740,284,DEPT_11,National,COMMODITY_032,SUB_032_3,
741,245,DEPT_13,Private,COMMODITY_225,SUB_225_4,
742,483,DEPT_23,National,COMMODITY_135,SUB_135_5,
743,388,DEPT_15,National,COMMODITY_139,SUB_139_6,
744,438,DEPT_09,National,COMMODITY_118,SUB_118_7,
745,120,DEPT_01,Private,COMMODITY_251,SUB_251_0,
746,252,DEPT_20,National,COMMODITY_069,SUB_069_1,
747,126,DEPT_23,Private,COMMODITY_175,SUB_175_2,
748,357,DEPT_05,Private,COMMODITY_224,SUB_224_3,
749,262,DEPT_02,National,COMMODITY_124,SUB_124_4,
750,113,DEPT_13,Private,COMMODITY_193,SUB_193_5,
751,333,DEPT_13,National,COMMODITY_035,SUB_035_6,
752,115,DEPT_06,National,COMMODITY_217,SUB_217_7,
753,370,DEPT_06,National,COMMODITY_091,SUB_091_0,
754,285,DEPT_16,National,COMMODITY_024,SUB_024_1,
755,107,DEPT_20,National,COMMODITY_088,SUB_088_2,
756,435,DEPT_11,National,COMMODITY_105,SUB_105_3,
757,376,DEPT_13,Private,COMMODITY_193,SUB_193_4,
758,473,DEPT_01,National,COMMODITY_155,SUB_155_5,
759,207,DEPT_24,National,COMMODITY_249,SUB_249_6,
760,435,DEPT_01,Private,COMMODITY_128,SUB_128_7,
761,187,DEPT_13,National,COMMODITY_266,SUB_266_0,
762,110,DEPT_17,National,COMMODITY_012,SUB_012_1,
763,158,DEPT_13,National,COMMODITY_097,SUB_097_2,
764,458,DEPT_05,Private,COMMODITY_058,SUB_058_3,
765,372,DEPT_00,National,COMMODITY_114,SUB_114_4,
766,104,DEPT_15,National,COMMODITY_283,SUB_283_5,
767,87,DEPT_04,National,COMMODITY_040,SUB_040_6,
768,308,DEPT_12,National,COMMODITY_048,SUB_048_7,
769,229,DEPT_13,Private,COMMODITY_122,SUB_122_0,
770,393,DEPT_07,National,COMMODITY_255,SUB_255_1,
771,56,DEPT_23,National,COMMODITY_002,SUB_002_2,
772,140,DEPT_09,Private,COMMODITY_246,SUB_246_3,
773,391,DEPT_17,National,COMMODITY_233,SUB_233_4,
774,355,DEPT_01,Private,COMMODITY_117,SUB_117_5,
775,310,DEPT_17,National,COMMODITY_012,SUB_012_6,
776,258,DEPT_14,National,COMMODITY_140,SUB_140_7,
777,87,DEPT_11,Private,COMMODITY_210,SUB_210_0,
778,327,DEPT_22,Private,COMMODITY_247,SUB_247_1,
779,141,DEPT_00,Private,COMMODITY_047,SUB_047_2,
780,373,DEPT_21,Private,COMMODITY_204,SUB_204_3,
781,74,DEPT_04,Private,COMMODITY_166,SUB_166_4,
782,202,DEPT_01,National,COMMODITY_251,SUB_251_5,
783,180,DEPT_23,National,COMMODITY_213,SUB_213_6,
784,312,DEPT_12,National,COMMODITY_227,SUB_227_7,
785,409,DEPT_21,Private,COMMODITY_256,SUB_256_0,
786,315,DEPT_05,Private,COMMODITY_207,SUB_207_1,
787,174,DEPT_09,National,COMMODITY_118,SUB_118_2,
788,84,DEPT_21,Private,COMMODITY_273,SUB_273_3,
789,427,DEPT_00,Private,COMMODITY_167,SUB_167_4,
790,173,DEPT_09,Private,COMMODITY_246,SUB_246_5,
791,255,DEPT_14,National,COMMODITY_030,SUB_030_6,
792,42,DEPT_08,National,COMMODITY_053,SUB_053_7,
793,230,DEPT_13,National,COMMODITY_164,SUB_164_0,
794,378,DEPT_05,Private,COMMODITY_224,SUB_224_1,
795,305,DEPT_13,Private,COMMODITY_285,SUB_285_2,
796,287,DEPT_11,National,COMMODITY_026,SUB_026_3,
797,346,DEPT_12,National,COMMODITY_258,SUB_258_4,
798,190,DEPT_22,National,COMMODITY_127,SUB_127_5,
799,317,DEPT_13,National,COMMODITY_285,SUB_285_6,
800,16,DEPT_18,National,COMMODITY_119,SUB_119_7,
801,493,DEPT_17,Private,COMMODITY_275,SUB_275_0,
802,277,DEPT_13,National,COMMODITY_060,SUB_060_1,
803,235,DEPT_22,National,COMMODITY_102,SUB_102_2,
804,271,DEPT_10,National,COMMODITY_281,SUB_281_3,
805,292,DEPT_12,National,COMMODITY_295,SUB_295_4,
806,229,DEPT_13,National,COMMODITY_028,SUB_028_5,
807,383,DEPT_19,National,COMMODITY_043,SUB_043_6,
808,414,DEPT_03,National,COMMODITY_001,SUB_001_7,
809,135,DEPT_16,National,COMMODITY_280,SUB_280_0,
810,7,DEPT_23,National,COMMODITY_096,SUB_096_1,
811,254,DEPT_03,Private,COMMODITY_159,SUB_159_2,
812,461,DEPT_05,Private,COMMODITY_297,SUB_297_3,
813,496,DEPT_01,National,COMMODITY_251,SUB_251_4,
814,486,DEPT_00,National,COMMODITY_079,SUB_079_5,
815,366,DEPT_17,National,COMMODITY_112,SUB_112_6,
816,75,DEPT_24,Private,COMMODITY_249,SUB_249_7,
817,463,DEPT_10,Private,COMMODITY_148,SUB_148_0,
818,435,DEPT_17,National,COMMODITY_051,SUB_051_1,
819,10,DEPT_17,National,COMMODITY_282,SUB_282_2,
820,307,DEPT_23,National,COMMODITY_175,SUB_175_3,
821,408,DEPT_09,National,COMMODITY_232,SUB_232_4,
822,455,DEPT_19,National,COMMODITY_287,SUB_287_5,
823,485,DEPT_11,National,COMMODITY_183,SUB_183_6,
824,373,DEPT_24,National,COMMODITY_214,SUB_214_7,
825,272,DEPT_12,National,COMMODITY_257,SUB_257_0,
826,332,DEPT_13,Private,COMMODITY_294,SUB_294_1,
827,24,DEPT_03,Private,COMMODITY_161,SUB_161_2,
828,391,DEPT_12,Private,COMMODITY_172,SUB_172_3,
829,277,DEPT_21,National,COMMODITY_200,SUB_200_4,
830,141,DEPT_12,National,COMMODITY_295,SUB_295_5,
831,221,DEPT_23,Private,COMMODITY_135,SUB_135_6,
832,249,DEPT_01,National,COMMODITY_251,SUB_251_7,
833,406,DEPT_16,Private,COMMODITY_083,SUB_083_0,
834,245,DEPT_17,National,COMMODITY_233,SUB_233_1,
835,404,DEPT_02,National,COMMODITY_033,SUB_033_2,
836,80,DEPT_13,National,COMMODITY_266,SUB_266_3,
837,462,DEPT_22,National,COMMODITY_102,SUB_102_4,
838,115,DEPT_22,National,COMMODITY_189,SUB_189_5,
839,334,DEPT_02,Private,COMMODITY_042,SUB_042_6,
840,9,DEPT_06,Private,COMMODITY_106,SUB_106_7,
841,111,DEPT_13,Private,COMMODITY_028,SUB_028_0,
842,441,DEPT_06,National,COMMODITY_158,SUB_158_1,
843,462,DEPT_03,National,COMMODITY_296,SUB_296_2,
844,24,DEPT_23,Private,COMMODITY_067,SUB_067_3,
845,425,DEPT_04,National,COMMODITY_080,SUB_080_4,
846,47,DEPT_17,National,COMMODITY_233,SUB_233_5,
847,158,DEPT_09,Private,COMMODITY_056,SUB_056_6,
848,349,DEPT_17,National,COMMODITY_051,SUB_051_7,
849,232,DEPT_05,Private,COMMODITY_064,SUB_064_0,
850,432,DEPT_23,National,COMMODITY_173,SUB_173_1,
851,210,DEPT_02,National,COMMODITY_151,SUB_151_2,
852,348,DEPT_19,Private,COMMODITY_160,SUB_160_3,
853,214,DEPT_06,Private,COMMODITY_008,SUB_008_4,
854,356,DEPT_24,Private,COMMODITY_201,SUB_201_5,
855,434,DEPT_23,National,COMMODITY_094,SUB_094_6,
856,187,DEPT_21,National,COMMODITY_228,SUB_228_7,
857,221,DEPT_24,National,COMMODITY_249,SUB_249_0,
858,392,DEPT_11,National,COMMODITY_032,SUB_032_1,
859,78,DEPT_20,National,COMMODITY_088,SUB_088_2,
860,386,DEPT_19,Private,COMMODITY_187,SUB_187_3,
861,252,DEPT_00,Private,COMMODITY_052,SUB_052_4,
862,180,DEPT_02,National,COMMODITY_124,SUB_124_5,
863,398,DEPT_11,Private,COMMODITY_105,SUB_105_6,
864,461,DEPT_01,National,COMMODITY_184,SUB_184_7,
865,36,DEPT_22,Private,COMMODITY_223,SUB_223_0,
866,229,DEPT_10,National,COMMODITY_208,SUB_208_1,
867,478,DEPT_19,Private,COMMODITY_095,SUB_095_2,
868,336,DEPT_23,Private,COMMODITY_175,SUB_175_3,
869,339,DEPT_13,National,COMMODITY_240,SUB_240_4,
870,201,DEPT_06,National,COMMODITY_219,SUB_219_5,
871,259,DEPT_24,National,COMMODITY_236,SUB_236_6,
872,287,DEPT_11,Private,COMMODITY_156,SUB_156_7,
873,332,DEPT_18,National,COMMODITY_174,SUB_174_0,
874,43,DEPT_21,National,COMMODITY_138,SUB_138_1,
875,342,DEPT_11,National,COMMODITY_183,SUB_183_2,
876,210,DEPT_15,National,COMMODITY_086,SUB_086_3,
877,105,DEPT_05,Private,COMMODITY_137,SUB_137_4,
878,381,DEPT_00,Private,COMMODITY_068,SUB_068_5,
879,245,DEPT_02,National,COMMODITY_151,SUB_151_6,
880,419,DEPT_10,Private,COMMODITY_208,SUB_208_7,
881,37,DEPT_05,Private,COMMODITY_235,SUB_235_0,
882,171,DEPT_10,National,COMMODITY_208,SUB_208_1,
883,81,DEPT_00,Private,COMMODITY_052,SUB_052_2,
884,28,DEPT_05,Private,COMMODITY_058,SUB_058_3,
885,271,DEPT_17,National,COMMODITY_112,SUB_112_4,
886,85,DEPT_08,National,COMMODITY_291,SUB_291_5,
887,190,DEPT_06,Private,COMMODITY_008,SUB_008_6,
888,142,DEPT_24,National,COMMODITY_201,SUB_201_7,
889,238,DEPT_20,National,COMMODITY_088,SUB_088_0,
890,247,DEPT_03,National,COMMODITY_159,SUB_159_1,
891,153,DEPT_11,Private,COMMODITY_026,SUB_026_2,
892,132,DEPT_00,National,COMMODITY_252,SUB_252_3,
893,42,DEPT_17,National,COMMODITY_261,SUB_261_4,
894,185,DEPT_20,National,COMMODITY_145,SUB_145_5,
895,376,DEPT_17,National,COMMODITY_233,SUB_233_6,
896,9,DEPT_22,National,COMMODITY_142,SUB_142_7,
897,122,DEPT_02,Private,COMMODITY_218,SUB_218_0,
898,207,DEPT_17,National,COMMODITY_077,SUB_077_1,
899,431,DEPT_19,National,COMMODITY_095,SUB_095_2,
900,348,DEPT_08,National,COMMODITY_046,SUB_046_3,
901,214,DEPT_07,National,COMMODITY_136,SUB_136_4,
902,225,DEPT_23,National,COMMODITY_213,SUB_213_5,
903,111,DEPT_11,National,COMMODITY_234,SUB_234_6,
904,97,DEPT_20,National,COMMODITY_253,SUB_253_7,
905,297,DEPT_00,National,COMMODITY_057,SUB_057_0,
906,465,DEPT_17,National,COMMODITY_203,SUB_203_1,
907,297,DEPT_04,Private,COMMODITY_081,SUB_081_2,
908,92,DEPT_15,National,COMMODITY_110,SUB_110_3,
909,391,DEPT_06,National,COMMODITY_111,SUB_111_4,
910,434,DEPT_12,National,COMMODITY_172,SUB_172_5,
911,461,DEPT_02,Private,COMMODITY_176,SUB_176_6,
912,96,DEPT_02,Private,COMMODITY_169,SUB_169_7,
913,351,DEPT_17,National,COMMODITY_019,SUB_019_0,
914,76,DEPT_16,National,COMMODITY_280,SUB_280_1,
915,367,DEPT_07,National,COMMODITY_255,SUB_255_2,
916,244,DEPT_09,National,COMMODITY_116,SUB_116_3,
917,458,DEPT_02,Private,COMMODITY_171,SUB_171_4,
918,330,DEPT_11,Private,COMMODITY_049,SUB_049_5,
919,427,DEPT_19,National,COMMODITY_190,SUB_190_6,
920,227,DEPT_16,National,COMMODITY_263,SUB_263_7,
921,495,DEPT_16,National,COMMODITY_278,SUB_278_0,
922,254,DEPT_01,National,COMMODITY_268,SUB_268_1,
923,286,DEPT_24,National,COMMODITY_016,SUB_016_2,
924,312,DEPT_23,National,COMMODITY_014,SUB_014_3,
925,192,DEPT_24,National,COMMODITY_221,SUB_221_4,
926,242,DEPT_04,National,COMMODITY_059,SUB_059_5,
927,379,DEPT_09,National,COMMODITY_056,SUB_056_6,
928,478,DEPT_19,National,COMMODITY_190,SUB_190_7,
929,58,DEPT_22,Private,COMMODITY_017,SUB_017_0,
930,76,DEPT_24,Private,COMMODITY_236,SUB_236_1,
931,263,DEPT_08,National,COMMODITY_053,SUB_053_2,
932,196,DEPT_20,Private,COMMODITY_182,SUB_182_3,
933,9,DEPT_22,National,COMMODITY_189,SUB_189_4,
934,64,DEPT_00,National,COMMODITY_057,SUB_057_5,
935,85,DEPT_19,National,COMMODITY_120,SUB_120_6,
936,99,DEPT_13,National,COMMODITY_035,SUB_035_7,
937,170,DEPT_13,National,COMMODITY_294,SUB_294_0,
938,310,DEPT_02,Private,COMMODITY_151,SUB_151_1,
939,459,DEPT_22,National,COMMODITY_044,SUB_044_2,
940,433,DEPT_04,National,COMMODITY_244,SUB_244_3,
941,211,DEPT_24,Private,COMMODITY_221,SUB_221_4,
942,178,DEPT_16,National,COMMODITY_065,SUB_065_5,
943,162,DEPT_08,Private,COMMODITY_101,SUB_101_6,
944,427,DEPT_00,National,COMMODITY_022,SUB_022_7,
945,33,DEPT_00,National,COMMODITY_167,SUB_167_0,
946,190,DEPT_02,Private,COMMODITY_165,SUB_165_1,
947,173,DEPT_17,National,COMMODITY_015,SUB_015_2,
948,354,DEPT_00,National,COMMODITY_057,SUB_057_3,
949,270,DEPT_07,Private,COMMODITY_136,SUB_136_4,
950,56,DEPT_17,National,COMMODITY_020,SUB_020_5,
951,145,DEPT_05,National,COMMODITY_222,SUB_222_6,
952,276,DEPT_11,National,COMMODITY_231,SUB_231_7,
953,388,DEPT_21,National,COMMODITY_212,SUB_212_0,
954,20,DEPT_09,National,COMMODITY_246,SUB_246_1,
955,184,DEPT_13,National,COMMODITY_240,SUB_240_2,
956,72,DEPT_18,Private,COMMODITY_119,SUB_119_3,
957,472,DEPT_01,Private,COMMODITY_134,SUB_134_4,
958,152,DEPT_20,Private,COMMODITY_088,SUB_088_5,
959,7,DEPT_17,National,COMMODITY_051,SUB_051_6,
960,25,DEPT_16,National,COMMODITY_083,SUB_083_7,
961,78,DEPT_17,Private,COMMODITY_216,SUB_216_0,
962,436,DEPT_19,Private,COMMODITY_108,SUB_108_1,
963,376,DEPT_12,National,COMMODITY_299,SUB_299_2,
964,410,DEPT_23,National,COMMODITY_173,SUB_173_3,
965,317,DEPT_05,Private,COMMODITY_199,SUB_199_4,
966,465,DEPT_06,National,COMMODITY_158,SUB_158_5,
967,296,DEPT_08,National,COMMODITY_239,SUB_239_6,
968,113,DEPT_06,National,COMMODITY_106,SUB_106_7,
969,47,DEPT_11,Private,COMMODITY_183,SUB_183_0,
970,223,DEPT_02,National,COMMODITY_191,SUB_191_1,
971,201,DEPT_17,National,COMMODITY_259,SUB_259_2,
972,404,DEPT_14,Private,COMMODITY_202,SUB_202_3,
973,361,DEPT_16,National,COMMODITY_179,SUB_179_4,
974,138,DEPT_00,National,COMMODITY_167,SUB_167_5,
975,302,DEPT_24,National,COMMODITY_016,SUB_016_6,
976,324,DEPT_09,National,COMMODITY_116,SUB_116_7,
977,258,DEPT_08,Private,COMMODITY_093,SUB_093_0,
978,173,DEPT_19,National,COMMODITY_187,SUB_187_1,
979,227,DEPT_23,National,COMMODITY_094,SUB_094_2,
980,189,DEPT_05,Private,COMMODITY_177,SUB_177_3,
981,14,DEPT_23,Private,COMMODITY_149,SUB_149_4,
982,338,DEPT_22,National,COMMODITY_102,SUB_102_5,
983,392,DEPT_23,Private,COMMODITY_152,SUB_152_6,
984,469,DEPT_03,Private,COMMODITY_090,SUB_090_7,
985,481,DEPT_05,Private,COMMODITY_064,SUB_064_0,
986,405,DEPT_08,National,COMMODITY_163,SUB_163_1,
987,445,DEPT_03,Private,COMMODITY_296,SUB_296_2,
988,174,DEPT_11,National,COMMODITY_183,SUB_183_3,
989,171,DEPT_15,National,COMMODITY_185,SUB_185_4,
990,35,DEPT_11,Private,COMMODITY_183,SUB_183_5,
991,256,DEPT_20,National,COMMODITY_264,SUB_264_6,
992,484,DEPT_00,National,COMMODITY_114,SUB_114_7,
993,425,DEPT_22,Private,COMMODITY_127,SUB_127_0,
994,170,DEPT_02,Private,COMMODITY_169,SUB_169_1,
995,79,DEPT_00,National,COMMODITY_167,SUB_167_2,
996,359,DEPT_12,National,COMMODITY_295,SUB_295_3,
997,77,DEPT_08,National,COMMODITY_053,SUB_053_4,
998,29,DEPT_01,National,COMMODITY_128,SUB_128_5,
999,103,DEPT_01,National,COMMODITY_063,SUB_063_6,
1000,6,DEPT_00,National,COMMODITY_252,SUB_252_7,
1001,396,DEPT_04,National,COMMODITY_166,SUB_166_0,
1002,321,DEPT_16,Private,COMMODITY_024,SUB_024_1,
1003,230,DEPT_19,National,COMMODITY_055,SUB_055_2,
1004,432,DEPT_05,National,COMMODITY_262,SUB_262_3,
1005,220,DEPT_21,National,COMMODITY_132,SUB_132_4,
1006,216,DEPT_17,National,COMMODITY_282,SUB_282_5,
1007,376,DEPT_20,National,COMMODITY_027,SUB_027_6,
1008,319,DEPT_11,Private,COMMODITY_078,SUB_078_7,
1009,275,DEPT_13,National,COMMODITY_164,SUB_164_0,
1010,351,DEPT_22,National,COMMODITY_003,SUB_003_1,
1011,89,DEPT_01,National,COMMODITY_117,SUB_117_2,
1012,424,DEPT_02,National,COMMODITY_144,SUB_144_3,
1013,294,DEPT_17,National,COMMODITY_071,SUB_071_4,
1014,46,DEPT_15,Private,COMMODITY_054,SUB_054_5,
1015,27,DEPT_16,Private,COMMODITY_278,SUB_278_6,
1016,267,DEPT_08,Private,COMMODITY_291,SUB_291_7,
1017,420,DEPT_18,National,COMMODITY_150,SUB_150_0,
1018,221,DEPT_20,National,COMMODITY_269,SUB_269_1,
1019,386,DEPT_20,Private,COMMODITY_145,SUB_145_2,
1020,170,DEPT_21,National,COMMODITY_288,SUB_288_3,
1021,170,DEPT_17,National,COMMODITY_012,SUB_012_4,
1022,185,DEPT_01,National,COMMODITY_181,SUB_181_5,
1023,17,DEPT_17,National,COMMODITY_012,SUB_012_6,
1024,208,DEPT_14,National,COMMODITY_154,SUB_154_7,
1025,455,DEPT_06,National,COMMODITY_265,SUB_265_0,
1026,86,DEPT_24,National,COMMODITY_249,SUB_249_1,
1027,429,DEPT_05,National,COMMODITY_064,SUB_064_2,
1028,431,DEPT_20,National,COMMODITY_195,SUB_195_3,
1029,73,DEPT_11,National,COMMODITY_050,SUB_050_4,
1030,145,DEPT_05,National,COMMODITY_074,SUB_074_5,
1031,10,DEPT_01,National,COMMODITY_128,SUB_128_6,
1032,200,DEPT_16,National,COMMODITY_280,SUB_280_7,
1033,252,DEPT_24,National,COMMODITY_201,SUB_201_0,
1034,292,DEPT_24,Private,COMMODITY_131,SUB_131_1,
1035,65,DEPT_13,Private,COMMODITY_061,SUB_061_2,
1036,343,DEPT_09,National,COMMODITY_232,SUB_232_3,
1037,287,DEPT_05,Private,COMMODITY_177,SUB_177_4,
1038,245,DEPT_18,National,COMMODITY_150,SUB_150_5,
1039,330,DEPT_13,National,COMMODITY_196,SUB_196_6,
1040,221,DEPT_19,Private,COMMODITY_055,SUB_055_7,
1041,86,DEPT_17,National,COMMODITY_274,SUB_274_0,
1042,183,DEPT_20,National,COMMODITY_088,SUB_088_1,
1043,358,DEPT_06,National,COMMODITY_143,SUB_143_2,
1044,252,DEPT_12,Private,COMMODITY_172,SUB_172_3,
1045,270,DEPT_00,Private,COMMODITY_052,SUB_052_4,
1046,117,DEPT_02,National,COMMODITY_042,SUB_042_5,
1047,384,DEPT_22,National,COMMODITY_142,SUB_142_6,
1048,11,DEPT_18,National,COMMODITY_004,SUB_004_7,
1049,20,DEPT_01,National,COMMODITY_181,SUB_181_0,
1050,457,DEPT_19,National,COMMODITY_130,SUB_130_1,
1051,275,DEPT_17,Private,COMMODITY_071,SUB_071_2,
1052,95,DEPT_21,Private,COMMODITY_228,SUB_228_3,
1053,279,DEPT_13,National,COMMODITY_097,SUB_097_4,
1054,200,DEPT_01,National,COMMODITY_184,SUB_184_5,
1055,370,DEPT_00,Private,COMMODITY_062,SUB_062_6,
1056,269,DEPT_13,National,COMMODITY_097,SUB_097_7,
1057,139,DEPT_19,National,COMMODITY_187,SUB_187_0,
1058,168,DEPT_13,National,COMMODITY_215,SUB_215_1,
1059,480,DEPT_21,National,COMMODITY_192,SUB_192_2,
1060,214,DEPT_20,National,COMMODITY_145,SUB_145_3,
1061,122,DEPT_18,National,COMMODITY_075,SUB_075_4,
1062,196,DEPT_12,Private,COMMODITY_299,SUB_299_5,
1063,413,DEPT_21,National,COMMODITY_273,SUB_273_6,
1064,227,DEPT_09,Private,COMMODITY_232,SUB_232_7,
1065,108,DEPT_24,National,COMMODITY_087,SUB_087_0,
1066,384,DEPT_24,National,COMMODITY_249,SUB_249_1,
1067,291,DEPT_23,National,COMMODITY_173,SUB_173_2,
1068,262,DEPT_17,Private,COMMODITY_077,SUB_077_3,
1069,261,DEPT_11,National,COMMODITY_234,SUB_234_4,
1070,434,DEPT_21,Private,COMMODITY_045,SUB_045_5,
1071,104,DEPT_23,National,COMMODITY_173,SUB_173_6,
1072,337,DEPT_04,Private,COMMODITY_059,SUB_059_7,
1073,369,DEPT_00,National,COMMODITY_022,SUB_022_0,
1074,258,DEPT_24,Private,COMMODITY_129,SUB_129_1,
1075,359,DEPT_01,National,COMMODITY_134,SUB_134_2,
1076,167,DEPT_23,National,COMMODITY_153,SUB_153_3,
1077,185,DEPT_03,Private,COMMODITY_001,SUB_001_4,
1078,39,DEPT_05,National,COMMODITY_058,SUB_058_5,
1079,159,DEPT_16,National,COMMODITY_024,SUB_024_6,
1080,157,DEPT_17,Private,COMMODITY_233,SUB_233_7,
1081,274,DEPT_23,National,COMMODITY_014,SUB_014_0,
1082,311,DEPT_06,National,COMMODITY_260,SUB_260_1,
1083,450,DEPT_01,Private,COMMODITY_063,SUB_063_2,
1084,247,DEPT_23,National,COMMODITY_094,SUB_094_3,
1085,182,DEPT_08,National,COMMODITY_101,SUB_101_4,
1086,66,DEPT_23,Private,COMMODITY_152,SUB_152_5,
1087,138,DEPT_09,National,COMMODITY_109,SUB_109_6,
1088,285,DEPT_17,National,COMMODITY_178,SUB_178_7,
1089,73,DEPT_09,National,COMMODITY_113,SUB_113_0,
1090,146,DEPT_17,National,COMMODITY_216,SUB_216_1,
1091,268,DEPT_03,Private,COMMODITY_296,SUB_296_2,
1092,135,DEPT_22,National,COMMODITY_044,SUB_044_3,
1093,130,DEPT_13,National,COMMODITY_035,SUB_035_4,
1094,155,DEPT_09,National,COMMODITY_084,SUB_084_5,
1095,148,DEPT_13,National,COMMODITY_060,SUB_060_6,
1096,343,DEPT_06,National,COMMODITY_219,SUB_219_7,
1097,346,DEPT_06,National,COMMODITY_217,SUB_217_0,
1098,332,DEPT_24,National,COMMODITY_170,SUB_170_1,
1099,33,DEPT_05,Private,COMMODITY_297,SUB_297_2,
1100,43,DEPT_20,National,COMMODITY_269,SUB_269_3,
1101,319,DEPT_13,Private,COMMODITY_294,SUB_294_4,
1102,104,DEPT_01,National,COMMODITY_134,SUB_134_5,
1103,344,DEPT_04,National,COMMODITY_166,SUB_166_6,
1104,299,DEPT_22,National,COMMODITY_121,SUB_121_7,
1105,497,DEPT_09,National,COMMODITY_084,SUB_084_0,
1106,44,DEPT_06,Private,COMMODITY_091,SUB_091_1,
1107,499,DEPT_22,National,COMMODITY_223,SUB_223_2,
1108,381,DEPT_20,National,COMMODITY_069,SUB_069_3,
1109,241,DEPT_19,National,COMMODITY_043,SUB_043_4,
1110,371,DEPT_20,Private,COMMODITY_195,SUB_195_5,
1111,34,DEPT_03,National,COMMODITY_161,SUB_161_6,
1112,90,DEPT_00,National,COMMODITY_079,SUB_079_7,
1113,233,DEPT_03,Private,COMMODITY_090,SUB_090_0,
1114,493,DEPT_12,Private,COMMODITY_258,SUB_258_1,
1115,210,DEPT_17,Private,COMMODITY_012,SUB_012_2,
1116,404,DEPT_04,National,COMMODITY_081,SUB_081_3,
1117,284,DEPT_00,National,COMMODITY_167,SUB_167_4,
1118,59,DEPT_14,National,COMMODITY_202,SUB_202_5,
1119,371,DEPT_12,National,COMMODITY_172,SUB_172_6,
1120,445,DEPT_24,National,COMMODITY_170,SUB_170_7,
1121,458,DEPT_09,National,COMMODITY_232,SUB_232_0,
1122,145,DEPT_07,National,COMMODITY_188,SUB_188_1,
1123,402,DEPT_07,National,COMMODITY_188,SUB_188_2,
1124,237,DEPT_01,Private,COMMODITY_268,SUB_268_3,
1125,323,DEPT_12,National,COMMODITY_227,SUB_227_4,
1126,70,DEPT_11,National,COMMODITY_050,SUB_050_5,
1127,256,DEPT_14,Private,COMMODITY_290,SUB_290_6,
1128,224,DEPT_22,National,COMMODITY_044,SUB_044_7,
1129,250,DEPT_15,National,COMMODITY_283,SUB_283_0,
1130,410,DEPT_15,National,COMMODITY_036,SUB_036_1,
1131,100,DEPT_13,Private,COMMODITY_294,SUB_294_2,
1132,283,DEPT_00,National,COMMODITY_022,SUB_022_3,
1133,359,DEPT_13,National,COMMODITY_266,SUB_266_4,
1134,38,DEPT_19,National,COMMODITY_160,SUB_160_5,
1135,324,DEPT_02,Private,COMMODITY_169,SUB_169_6,
1136,160,DEPT_11,Private,COMMODITY_049,SUB_049_7,
1137,153,DEPT_13,National,COMMODITY_039,SUB_039_0,
1138,272,DEPT_20,Private,COMMODITY_242,SUB_242_1,
1139,18,DEPT_22,Private,COMMODITY_073,SUB_073_2,
1140,223,DEPT_22,National,COMMODITY_006,SUB_006_3,
1141,171,DEPT_07,National,COMMODITY_136,SUB_136_4,
1142,242,DEPT_17,National,COMMODITY_112,SUB_112_5,
1143,436,DEPT_23,Private,COMMODITY_135,SUB_135_6,
1144,496,DEPT_14,National,COMMODITY_141,SUB_141_7,
1145,277,DEPT_17,Private,COMMODITY_019,SUB_019_0,
1146,247,DEPT_05,National,COMMODITY_064,SUB_064_1,
1147,74,DEPT_04,Private,COMMODITY_080,SUB_080_2,
1148,490,DEPT_06,Private,COMMODITY_106,SUB_106_3,
1149,389,DEPT_22,National,COMMODITY_127,SUB_127_4,
1150,30,DEPT_07,National,COMMODITY_066,SUB_066_5,
1151,302,DEPT_13,Private,COMMODITY_240,SUB_240_6,
1152,443,DEPT_09,Private,COMMODITY_084,SUB_084_7,
1153,197,DEPT_24,National,COMMODITY_131,SUB_131_0,
1154,208,DEPT_16,National,COMMODITY_278,SUB_278_1,
1155,106,DEPT_12,National,COMMODITY_299,SUB_299_2,
1156,429,DEPT_23,National,COMMODITY_125,SUB_125_3,
1157,372,DEPT_09,National,COMMODITY_116,SUB_116_4,
1158,460,DEPT_20,National,COMMODITY_115,SUB_115_5,
1159,72,DEPT_06,Private,COMMODITY_106,SUB_106_6,
1160,270,DEPT_11,National,COMMODITY_183,SUB_183_7,
1161,456,DEPT_02,National,COMMODITY_191,SUB_191_0,
1162,52,DEPT_05,Private,COMMODITY_199,SUB_199_1,
1163,46,DEPT_11,National,COMMODITY_234,SUB_234_2,
1164,183,DEPT_14,National,COMMODITY_198,SUB_198_3,
1165,227,DEPT_04,National,COMMODITY_080,SUB_080_4,
1166,36,DEPT_15,National,COMMODITY_025,SUB_025_5,
1167,251,DEPT_08,National,COMMODITY_123,SUB_123_6,
1168,409,DEPT_18,National,COMMODITY_174,SUB_174_7,
1169,168,DEPT_17,National,COMMODITY_274,SUB_274_0,
1170,489,DEPT_00,National,COMMODITY_220,SUB_220_1,
1171,106,DEPT_19,National,COMMODITY_095,SUB_095_2,
1172,340,DEPT_21,National,COMMODITY_238,SUB_238_3,
1173,155,DEPT_13,National,COMMODITY_196,SUB_196_4,
1174,191,DEPT_02,National,COMMODITY_176,SUB_176_5,
1175,461,DEPT_21,Private,COMMODITY_256,SUB_256_6,
1176,371,DEPT_13,National,COMMODITY_039,SUB_039_7,
1177,471,DEPT_01,Private,COMMODITY_147,SUB_147_0,
1178,498,DEPT_15,National,COMMODITY_025,SUB_025_1,
1179,207,DEPT_05,National,COMMODITY_222,SUB_222_2,
1180,236,DEPT_23,National,COMMODITY_096,SUB_096_3,
1181,56,DEPT_11,National,COMMODITY_231,SUB_231_4,
1182,48,DEPT_16,National,COMMODITY_278,SUB_278_5,
1183,368,DEPT_21,Private,COMMODITY_256,SUB_256_6,
1184,296,DEPT_14,National,COMMODITY_141,SUB_141_7,
1185,344,DEPT_15,Private,COMMODITY_186,SUB_186_0,
1186,428,DEPT_01,National,COMMODITY_268,SUB_268_1,
1187,23,DEPT_08,Private,COMMODITY_034,SUB_034_2,
1188,346,DEPT_05,National,COMMODITY_137,SUB_137_3,
1189,145,DEPT_24,National,COMMODITY_087,SUB_087_4,
1190,396,DEPT_19,National,COMMODITY_226,SUB_226_5,
1191,154,DEPT_03,Private,COMMODITY_296,SUB_296_6,
1192,235,DEPT_20,National,COMMODITY_145,SUB_145_7,
1193,46,DEPT_23,National,COMMODITY_135,SUB_135_0,
1194,387,DEPT_21,National,COMMODITY_212,SUB_212_1,
1195,413,DEPT_00,National,COMMODITY_076,SUB_076_2,
1196,310,DEPT_19,National,COMMODITY_095,SUB_095_3,
1197,141,DEPT_11,National,COMMODITY_049,SUB_049_4,
1198,88,DEPT_13,National,COMMODITY_266,SUB_266_5,
1199,82,DEPT_23,Private,COMMODITY_152,SUB_152_6,
1200,416,DEPT_00,National,COMMODITY_079,SUB_079_7,
1201,489,DEPT_15,Private,COMMODITY_186,SUB_186_0,
1202,173,DEPT_03,National,COMMODITY_001,SUB_001_1,
1203,169,DEPT_09,National,COMMODITY_109,SUB_109_2,
1204,337,DEPT_17,National,COMMODITY_216,SUB_216_3,
1205,385,DEPT_21,Private,COMMODITY_288,SUB_288_4,
1206,215,DEPT_14,National,COMMODITY_202,SUB_202_5,
1207,403,DEPT_08,Private,COMMODITY_037,SUB_037_6,
1208,460,DEPT_06,National,COMMODITY_197,SUB_197_7,
1209,436,DEPT_24,Private,COMMODITY_214,SUB_214_0,
1210,188,DEPT_14,Private,COMMODITY_206,SUB_206_1,
1211,360,DEPT_13,Private,COMMODITY_041,SUB_041_2,
1212,74,DEPT_23,National,COMMODITY_175,SUB_175_3,
1213,192,DEPT_09,National,COMMODITY_116,SUB_116_4,
1214,191,DEPT_08,Private,COMMODITY_034,SUB_034_5,
1215,443,DEPT_12,National,COMMODITY_295,SUB_295_6,
1216,91,DEPT_21,National,COMMODITY_200,SUB_200_7,
1217,493,DEPT_00,Private,COMMODITY_252,SUB_252_0,
1218,434,DEPT_03,National,COMMODITY_001,SUB_001_1,
1219,111,DEPT_23,Private,COMMODITY_125,SUB_125_2,
1220,214,DEPT_15,Private,COMMODITY_054,SUB_054_3,
1221,135,DEPT_09,National,COMMODITY_271,SUB_271_4,
1222,251,DEPT_10,National,COMMODITY_126,SUB_126_5,
1223,283,DEPT_14,National,COMMODITY_198,SUB_198_6,
1224,410,DEPT_09,National,COMMODITY_113,SUB_113_7,
1225,19,DEPT_16,National,COMMODITY_280,SUB_280_0,
1226,446,DEPT_13,National,COMMODITY_035,SUB_035_1,
1227,444,DEPT_15,Private,COMMODITY_038,SUB_038_2,
1228,337,DEPT_01,National,COMMODITY_128,SUB_128_3,
1229,436,DEPT_23,Private,COMMODITY_175,SUB_175_4,
1230,290,DEPT_19,Private,COMMODITY_187,SUB_187_5,
1231,410,DEPT_06,National,COMMODITY_260,SUB_260_6,
1232,322,DEPT_09,National,COMMODITY_113,SUB_113_7,
1233,139,DEPT_07,Private,COMMODITY_284,SUB_284_0,
1234,409,DEPT_21,Private,COMMODITY_212,SUB_212_1,
1235,355,DEPT_12,National,COMMODITY_172,SUB_172_2,
1236,174,DEPT_20,Private,COMMODITY_069,SUB_069_3,
1237,423,DEPT_05,National,COMMODITY_222,SUB_222_4,
1238,421,DEPT_19,National,COMMODITY_043,SUB_043_5,
1239,425,DEPT_22,National,COMMODITY_017,SUB_017_6,
1240,495,DEPT_05,National,COMMODITY_224,SUB_224_7,
1241,206,DEPT_21,National,COMMODITY_072,SUB_072_0,
1242,195,DEPT_21,Private,COMMODITY_200,SUB_200_1,
1243,55,DEPT_24,National,COMMODITY_168,SUB_168_2,
1244,398,DEPT_01,National,COMMODITY_128,SUB_128_3,
1245,72,DEPT_07,National,COMMODITY_136,SUB_136_4,
1246,412,DEPT_13,National,COMMODITY_041,SUB_041_5,
1247,409,DEPT_06,National,COMMODITY_091,SUB_091_6,
1248,235,DEPT_05,Private,COMMODITY_199,SUB_199_7,
1249,204,DEPT_00,Private,COMMODITY_114,SUB_114_0,
1250,397,DEPT_05,Private,COMMODITY_224,SUB_224_1,
1251,472,DEPT_07,National,COMMODITY_284,SUB_284_2,
1252,28,DEPT_11,Private,COMMODITY_049,SUB_049_3,
1253,413,DEPT_00,Private,COMMODITY_057,SUB_057_4,
1254,50,DEPT_14,Private,COMMODITY_206,SUB_206_5,
1255,60,DEPT_00,Private,COMMODITY_076,SUB_076_6,
1256,19,DEPT_06,National,COMMODITY_106,SUB_106_7,
1257,292,DEPT_21,National,COMMODITY_273,SUB_273_0,
1258,429,DEPT_17,Private,COMMODITY_274,SUB_274_1,
1259,50,DEPT_08,National,COMMODITY_277,SUB_277_2,
1260,198,DEPT_13,National,COMMODITY_225,SUB_225_3,
1261,268,DEPT_23,Private,COMMODITY_014,SUB_014_4,
1262,367,DEPT_23,National,COMMODITY_082,SUB_082_5,
1263,444,DEPT_22,National,COMMODITY_189,SUB_189_6,
1264,148,DEPT_10,Private,COMMODITY_281,SUB_281_7,
1265,499,DEPT_17,Private,COMMODITY_077,SUB_077_0,
1266,428,DEPT_21,National,COMMODITY_007,SUB_007_1,
1267,433,DEPT_11,National,COMMODITY_210,SUB_210_2,
1268,153,DEPT_19,Private,COMMODITY_055,SUB_055_3,
1269,389,DEPT_20,National,COMMODITY_264,SUB_264_4,
1270,344,DEPT_21,National,COMMODITY_072,SUB_072_5,
1271,286,DEPT_08,Private,COMMODITY_037,SUB_037_6,
1272,453,DEPT_06,National,COMMODITY_219,SUB_219_7,
1273,259,DEPT_13,National,COMMODITY_061,SUB_061_0,
1274,208,DEPT_18,Private,COMMODITY_157,SUB_157_1,
1275,193,DEPT_08,National,COMMODITY_291,SUB_291_2,
1276,424,DEPT_15,National,COMMODITY_139,SUB_139_3,
1277,299,DEPT_20,Private,COMMODITY_088,SUB_088_4,
1278,349,DEPT_07,National,COMMODITY_066,SUB_066_5,
1279,275,DEPT_10,National,COMMODITY_148,SUB_148_6,
1280,53,DEPT_19,Private,COMMODITY_226,SUB_226_7,
1281,440,DEPT_00,Private,COMMODITY_220,SUB_220_0,
1282,206,DEPT_13,National,COMMODITY_035,SUB_035_1,
1283,32,DEPT_05,National,COMMODITY_177,SUB_177_2,
1284,401,DEPT_05,National,COMMODITY_074,SUB_074_3,
1285,262,DEPT_09,National,COMMODITY_109,SUB_109_4,
1286,476,DEPT_01,National,COMMODITY_241,SUB_241_5,
1287,449,DEPT_22,National,COMMODITY_247,SUB_247_6,
1288,121,DEPT_23,National,COMMODITY_135,SUB_135_7,
1289,290,DEPT_05,National,COMMODITY_074,SUB_074_0,
1290,134,DEPT_16,National,COMMODITY_263,SUB_263_1,
1291,121,DEPT_21,National,COMMODITY_256,SUB_256_2,
1292,1,DEPT_05,National,COMMODITY_180,SUB_180_3,
1293,245,DEPT_23,National,COMMODITY_125,SUB_125_4,
1294,346,DEPT_24,Private,COMMODITY_236,SUB_236_5,
1295,462,DEPT_09,National,COMMODITY_118,SUB_118_6,
1296,286,DEPT_09,National,COMMODITY_056,SUB_056_7,
1297,446,DEPT_13,Private,COMMODITY_285,SUB_285_0,
1298,367,DEPT_23,Private,COMMODITY_094,SUB_094_1,
1299,282,DEPT_14,National,COMMODITY_206,SUB_206_2,
1300,14,DEPT_09,National,COMMODITY_113,SUB_113_3,
1301,63,DEPT_08,National,COMMODITY_291,SUB_291_4,
1302,332,DEPT_10,National,COMMODITY_148,SUB_148_5,
1303,90,DEPT_24,National,COMMODITY_170,SUB_170_6,
1304,350,DEPT_14,National,COMMODITY_141,SUB_141_7,
1305,26,DEPT_06,Private,COMMODITY_265,SUB_265_0,
1306,459,DEPT_09,Private,COMMODITY_246,SUB_246_1,
1307,371,DEPT_03,Private,COMMODITY_161,SUB_161_2,
1308,21,DEPT_17,National,COMMODITY_051,SUB_051_3,
1309,168,DEPT_08,National,COMMODITY_101,SUB_101_4,
1310,311,DEPT_07,National,COMMODITY_255,SUB_255_5,
1311,66,DEPT_07,National,COMMODITY_292,SUB_292_6,
1312,474,DEPT_13,National,COMMODITY_266,SUB_266_7,
1313,208,DEPT_21,Private,COMMODITY_288,SUB_288_0,
1314,311,DEPT_00,Private,COMMODITY_022,SUB_022_1,
1315,245,DEPT_10,National,COMMODITY_126,SUB_126_2,
1316,118,DEPT_23,National,COMMODITY_002,SUB_002_3,
1317,145,DEPT_17,National,COMMODITY_020,SUB_020_4,
1318,204,DEPT_24,National,COMMODITY_087,SUB_087_5,
1319,184,DEPT_23,Private,COMMODITY_173,SUB_173_6,
1320,373,DEPT_19,National,COMMODITY_120,SUB_120_7,
1321,432,DEPT_13,Private,COMMODITY_122,SUB_122_0,
1322,437,DEPT_08,National,COMMODITY_291,SUB_291_1,
1323,78,DEPT_12,National,COMMODITY_299,SUB_299_2,
1324,258,DEPT_00,Private,COMMODITY_021,SUB_021_3,
1325,468,DEPT_21,National,COMMODITY_104,SUB_104_4,
1326,309,DEPT_11,National,COMMODITY_234,SUB_234_5,
1327,287,DEPT_19,Private,COMMODITY_108,SUB_108_6,
1328,483,DEPT_22,National,COMMODITY_142,SUB_142_7,
1329,108,DEPT_01,National,COMMODITY_155,SUB_155_0,
1330,327,DEPT_15,National,COMMODITY_038,SUB_038_1,
1331,381,DEPT_23,National,COMMODITY_135,SUB_135_2,
1332,230,DEPT_09,National,COMMODITY_109,SUB_109_3,
1333,20,DEPT_08,Private,COMMODITY_123,SUB_123_4,
1334,53,DEPT_00,National,COMMODITY_114,SUB_114_5,
1335,242,DEPT_00,National,COMMODITY_000,SUB_000_6,
1336,380,DEPT_22,National,COMMODITY_073,SUB_073_7,
1337,327,DEPT_05,Private,COMMODITY_207,SUB_207_0,
1338,453,DEPT_20,Private,COMMODITY_088,SUB_088_1,
1339,303,DEPT_03,Private,COMMODITY_296,SUB_296_2,
1340,205,DEPT_23,National,COMMODITY_125,SUB_125_3,
1341,496,DEPT_19,Private,COMMODITY_108,SUB_108_4,
1342,162,DEPT_21,National,COMMODITY_288,SUB_288_5,
1343,377,DEPT_04,Private,COMMODITY_059,SUB_059_6,
1344,63,DEPT_05,Private,COMMODITY_137,SUB_137_7,
1345,230,DEPT_20,Private,COMMODITY_242,SUB_242_0,
1346,217,DEPT_13,National,COMMODITY_285,SUB_285_1,
1347,143,DEPT_07,National,COMMODITY_279,SUB_279_2,
1348,488,DEPT_15,National,COMMODITY_009,SUB_009_3,
1349,448,DEPT_18,National,COMMODITY_150,SUB_150_4,
1350,298,DEPT_17,Private,COMMODITY_019,SUB_019_5,
1351,282,DEPT_22,National,COMMODITY_127,SUB_127_6,
1352,222,DEPT_06,National,COMMODITY_008,SUB_008_7,
1353,353,DEPT_19,National,COMMODITY_085,SUB_085_0,
1354,2,DEPT_05,National,COMMODITY_199,SUB_199_1,
1355,491,DEPT_20,Private,COMMODITY_253,SUB_253_2,
1356,250,DEPT_07,National,COMMODITY_066,SUB_066_3,
1357,407,DEPT_13,National,COMMODITY_122,SUB_122_4,
1358,149,DEPT_12,National,COMMODITY_172,SUB_172_5,
1359,126,DEPT_11,National,COMMODITY_231,SUB_231_6,
1360,109,DEPT_21,National,COMMODITY_238,SUB_238_7,
1361,326,DEPT_13,National,COMMODITY_298,SUB_298_0,
1362,171,DEPT_06,National,COMMODITY_099,SUB_099_1,
1363,94,DEPT_13,National,COMMODITY_164,SUB_164_2,
1364,396,DEPT_22,Private,COMMODITY_073,SUB_073_3,
1365,417,DEPT_03,National,COMMODITY_001,SUB_001_4,
1366,298,DEPT_06,Private,COMMODITY_217,SUB_217_5,
1367,405,DEPT_21,National,COMMODITY_138,SUB_138_6,
1368,157,DEPT_22,Private,COMMODITY_142,SUB_142_7,
1369,33,DEPT_23,Private,COMMODITY_153,SUB_153_0,
1370,418,DEPT_22,National,COMMODITY_044,SUB_044_1,
1371,52,DEPT_02,Private,COMMODITY_218,SUB_218_2,
1372,276,DEPT_11,Private,COMMODITY_026,SUB_026_3,
1373,87,DEPT_17,National,COMMODITY_020,SUB_020_4,
1374,328,DEPT_24,National,COMMODITY_221,SUB_221_5,
1375,352,DEPT_09,Private,COMMODITY_113,SUB_113_6,
1376,195,DEPT_12,National,COMMODITY_258,SUB_258_7,
1377,299,DEPT_22,Private,COMMODITY_247,SUB_247_0,
1378,412,DEPT_00,National,COMMODITY_267,SUB_267_1,
1379,179,DEPT_05,Private,COMMODITY_058,SUB_058_2,
1380,258,DEPT_23,National,COMMODITY_153,SUB_153_3,
1381,315,DEPT_19,National,COMMODITY_287,SUB_287_4,
1382,203,DEPT_08,National,COMMODITY_046,SUB_046_5,
1383,313,DEPT_23,Private,COMMODITY_250,SUB_250_6,
1384,169,DEPT_23,Private,COMMODITY_067,SUB_067_7,
1385,125,DEPT_19,National,COMMODITY_089,SUB_089_0,
1386,336,DEPT_07,National,COMMODITY_136,SUB_136_1,
1387,214,DEPT_01,National,COMMODITY_147,SUB_147_2,
1388,457,DEPT_07,National,COMMODITY_255,SUB_255_3,
1389,33,DEPT_00,National,COMMODITY_252,SUB_252_4,
1390,481,DEPT_20,National,COMMODITY_195,SUB_195_5,
1391,301,DEPT_23,National,COMMODITY_135,SUB_135_6,
1392,149,DEPT_23,Private,COMMODITY_082,SUB_082_7,
1393,6,DEPT_04,National,COMMODITY_081,SUB_081_0,
1394,302,DEPT_19,National,COMMODITY_226,SUB_226_1,
1395,96,DEPT_09,National,COMMODITY_109,SUB_109_2,
1396,107,DEPT_19,National,COMMODITY_130,SUB_130_3,
1397,411,DEPT_19,Private,COMMODITY_089,SUB_089_4,
1398,444,DEPT_13,National,COMMODITY_294,SUB_294_5,
1399,177,DEPT_22,National,COMMODITY_121,SUB_121_6,
1400,468,DEPT_01,National,COMMODITY_128,SUB_128_7,
1401,71,DEPT_17,National,COMMODITY_261,SUB_261_0,
1402,305,DEPT_01,Private,COMMODITY_251,SUB_251_1,
1403,14,DEPT_08,National,COMMODITY_037,SUB_037_2,
1404,419,DEPT_18,National,COMMODITY_004,SUB_004_3,
1405,74,DEPT_06,National,COMMODITY_260,SUB_260_4,
1406,40,DEPT_13,National,COMMODITY_215,SUB_215_5,
1407,162,DEPT_11,National,COMMODITY_276,SUB_276_6,
1408,341,DEPT_18,National,COMMODITY_119,SUB_119_7,
1409,310,DEPT_05,National,COMMODITY_064,SUB_064_0,
1410,381,DEPT_23,National,COMMODITY_149,SUB_149_1,
1411,115,DEPT_17,National,COMMODITY_051,SUB_051_2,
1412,451,DEPT_04,Private,COMMODITY_059,SUB_059_3,
1413,128,DEPT_23,National,COMMODITY_213,SUB_213_4,
1414,424,DEPT_16,National,COMMODITY_278,SUB_278_5,
1415,368,DEPT_09,National,COMMODITY_084,SUB_084_6,
1416,312,DEPT_04,National,COMMODITY_059,SUB_059_7,
1417,138,DEPT_17,National,COMMODITY_261,SUB_261_0,
1418,78,DEPT_24,National,COMMODITY_168,SUB_168_1,
1419,63,DEPT_24,Private,COMMODITY_201,SUB_201_2,
1420,417,DEPT_16,National,COMMODITY_179,SUB_179_3,
1421,112,DEPT_13,Private,COMMODITY_215,SUB_215_4,
1422,117,DEPT_12,National,COMMODITY_257,SUB_257_5,
1423,125,DEPT_11,National,COMMODITY_026,SUB_026_6,
1424,327,DEPT_15,Private,COMMODITY_139,SUB_139_7,
1425,383,DEPT_09,National,COMMODITY_246,SUB_246_0,
1426,29,DEPT_05,Private,COMMODITY_248,SUB_248_1,
1427,125,DEPT_00,Private,COMMODITY_252,SUB_252_2,
1428,144,DEPT_18,National,COMMODITY_157,SUB_157_3,
1429,368,DEPT_18,National,COMMODITY_075,SUB_075_4,
1430,254,DEPT_12,National,COMMODITY_286,SUB_286_5,
1431,390,DEPT_10,Private,COMMODITY_281,SUB_281_6,
1432,406,DEPT_24,Private,COMMODITY_214,SUB_214_7,
1433,92,DEPT_19,National,COMMODITY_130,SUB_130_0,
1434,10,DEPT_21,National,COMMODITY_273,SUB_273_1,
1435,2,DEPT_16,National,COMMODITY_092,SUB_092_2,
1436,72,DEPT_17,National,COMMODITY_282,SUB_282_3,
1437,211,DEPT_02,Private,COMMODITY_218,SUB_218_4,
1438,389,DEPT_13,National,COMMODITY_240,SUB_240_5,
1439,181,DEPT_13,Private,COMMODITY_215,SUB_215_6,
1440,57,DEPT_15,National,COMMODITY_036,SUB_036_7,
1441,326,DEPT_14,National,COMMODITY_031,SUB_031_0,
1442,79,DEPT_08,National,COMMODITY_037,SUB_037_1,
1443,115,DEPT_12,Private,COMMODITY_286,SUB_286_2,
1444,392,DEPT_01,Private,COMMODITY_184,SUB_184_3,
1445,22,DEPT_17,Private,COMMODITY_275,SUB_275_4,
1446,109,DEPT_04,Private,COMMODITY_081,SUB_081_5,
1447,312,DEPT_03,National,COMMODITY_159,SUB_159_6,
1448,282,DEPT_20,National,COMMODITY_115,SUB_115_7,
1449,83,DEPT_17,National,COMMODITY_216,SUB_216_0,
1450,167,DEPT_00,Private,COMMODITY_052,SUB_052_1,
1451,194,DEPT_11,National,COMMODITY_234,SUB_234_2,
1452,41,DEPT_21,Private,COMMODITY_228,SUB_228_3,
1453,124,DEPT_05,Private,COMMODITY_199,SUB_199_4,
1454,437,DEPT_21,National,COMMODITY_256,SUB_256_5,
1455,4,DEPT_12,National,COMMODITY_299,SUB_299_6,
1456,154,DEPT_13,National,COMMODITY_039,SUB_039_7,
1457,316,DEPT_24,National,COMMODITY_249,SUB_249_0,
1458,212,DEPT_01,National,COMMODITY_155,SUB_155_1,
1459,212,DEPT_01,National,COMMODITY_251,SUB_251_2,
1460,386,DEPT_09,Private,COMMODITY_118,SUB_118_3,
1461,250,DEPT_17,National,COMMODITY_019,SUB_019_4,
1462,412,DEPT_08,National,COMMODITY_237,SUB_237_5,
1463,218,DEPT_19,National,COMMODITY_043,SUB_043_6,
1464,67,DEPT_15,National,COMMODITY_139,SUB_139_7,
1465,416,DEPT_23,Private,COMMODITY_213,SUB_213_0,
1466,151,DEPT_06,National,COMMODITY_219,SUB_219_1,
1467,41,DEPT_23,National,COMMODITY_014,SUB_014_2,
1468,403,DEPT_02,National,COMMODITY_169,SUB_169_3,
1469,449,DEPT_11,National,COMMODITY_026,SUB_026_4,
1470,323,DEPT_06,National,COMMODITY_293,SUB_293_5,
1471,382,DEPT_14,National,COMMODITY_154,SUB_154_6,
1472,102,DEPT_23,National,COMMODITY_125,SUB_125_7,
1473,335,DEPT_19,National,COMMODITY_120,SUB_120_0,
1474,440,DEPT_03,National,COMMODITY_296,SUB_296_1,
1475,103,DEPT_05,National,COMMODITY_222,SUB_222_2,
1476,270,DEPT_02,Private,COMMODITY_124,SUB_124_3,
1477,484,DEPT_02,National,COMMODITY_218,SUB_218_4,
1478,324,DEPT_15,National,COMMODITY_054,SUB_054_5,
1479,58,DEPT_18,National,COMMODITY_119,SUB_119_6,
1480,288,DEPT_11,Private,COMMODITY_234,SUB_234_7,
1481,130,DEPT_20,National,COMMODITY_242,SUB_242_0,
1482,76,DEPT_04,National,COMMODITY_081,SUB_081_1,
1483,459,DEPT_10,National,COMMODITY_148,SUB_148_2,
1484,50,DEPT_02,National,COMMODITY_169,SUB_169_3,
1485,212,DEPT_21,National,COMMODITY_256,SUB_256_4,
1486,219,DEPT_13,National,COMMODITY_193,SUB_193_5,
1487,214,DEPT_11,Private,COMMODITY_156,SUB_156_6,
1488,134,DEPT_04,National,COMMODITY_059,SUB_059_7,
1489,186,DEPT_01,Private,COMMODITY_147,SUB_147_0,
1490,453,DEPT_23,National,COMMODITY_010,SUB_010_1,
1491,259,DEPT_20,National,COMMODITY_195,SUB_195_2,
1492,415,DEPT_03,National,COMMODITY_296,SUB_296_3,
1493,195,DEPT_05,National,COMMODITY_177,SUB_177_4,
1494,486,DEPT_05,National,COMMODITY_245,SUB_245_5,
1495,178,DEPT_09,National,COMMODITY_118,SUB_118_6,
1496,121,DEPT_08,Private,COMMODITY_037,SUB_037_7,
1497,23,DEPT_09,Private,COMMODITY_116,SUB_116_0,
1498,191,DEPT_04,National,COMMODITY_254,SUB_254_1,
1499,174,DEPT_22,National,COMMODITY_189,SUB_189_2,
1500,360,DEPT_17,National,COMMODITY_077,SUB_077_3,
1501,267,DEPT_16,Private,COMMODITY_230,SUB_230_4,
1502,175,DEPT_05,National,COMMODITY_074,SUB_074_5,
1503,69,DEPT_18,National,COMMODITY_075,SUB_075_6,
1504,300,DEPT_11,National,COMMODITY_231,SUB_231_7,
1505,400,DEPT_06,National,COMMODITY_091,SUB_091_0,
1506,458,DEPT_12,Private,COMMODITY_227,SUB_227_1,
1507,374,DEPT_12,National,COMMODITY_299,SUB_299_2,
1508,458,DEPT_20,National,COMMODITY_253,SUB_253_3,
1509,325,DEPT_01,National,COMMODITY_241,SUB_241_4,
1510,131,DEPT_04,National,COMMODITY_040,SUB_040_5,
1511,367,DEPT_19,National,COMMODITY_160,SUB_160_6,
1512,35,DEPT_05,National,COMMODITY_224,SUB_224_7,
1513,26,DEPT_06,National,COMMODITY_265,SUB_265_0,
1514,343,DEPT_14,National,COMMODITY_140,SUB_140_1,
1515,464,DEPT_05,National,COMMODITY_064,SUB_064_2,
1516,352,DEPT_13,Private,COMMODITY_097,SUB_097_3,
1517,387,DEPT_24,National,COMMODITY_129,SUB_129_4,
1518,98,DEPT_00,National,COMMODITY_220,SUB_220_5,
1519,36,DEPT_08,Private,COMMODITY_046,SUB_046_6,
1520,210,DEPT_20,National,COMMODITY_253,SUB_253_7,
1521,228,DEPT_06,National,COMMODITY_293,SUB_293_0,
1522,226,DEPT_23,Private,COMMODITY_096,SUB_096_1,
1523,280,DEPT_20,National,COMMODITY_269,SUB_269_2,
1524,321,DEPT_08,National,COMMODITY_046,SUB_046_3,
1525,42,DEPT_09,National,COMMODITY_056,SUB_056_4,
1526,441,DEPT_05,National,COMMODITY_297,SUB_297_5,
1527,494,DEPT_02,National,COMMODITY_176,SUB_176_6,
1528,440,DEPT_17,National,COMMODITY_275,SUB_275_7,
1529,266,DEPT_10,Private,COMMODITY_148,SUB_148_0,
1530,57,DEPT_15,National,COMMODITY_086,SUB_086_1,
1531,339,DEPT_18,Private,COMMODITY_075,SUB_075_2,
1532,367,DEPT_04,Private,COMMODITY_244,SUB_244_3,
1533,499,DEPT_20,Private,COMMODITY_027,SUB_027_4,
1534,256,DEPT_11,National,COMMODITY_026,SUB_026_5,
1535,19,DEPT_11,National,COMMODITY_183,SUB_183_6,
1536,364,DEPT_21,National,COMMODITY_273,SUB_273_7,
1537,67,DEPT_08,National,COMMODITY_070,SUB_070_0,
1538,52,DEPT_09,National,COMMODITY_232,SUB_232_1,
1539,34,DEPT_04,Private,COMMODITY_205,SUB_205_2,
1540,121,DEPT_04,National,COMMODITY_059,SUB_059_3,
1541,303,DEPT_14,Private,COMMODITY_209,SUB_209_4,
1542,160,DEPT_20,National,COMMODITY_088,SUB_088_5,
1543,29,DEPT_14,National,COMMODITY_154,SUB_154_6,
1544,147,DEPT_17,National,COMMODITY_178,SUB_178_7,
1545,447,DEPT_00,Private,COMMODITY_052,SUB_052_0,
1546,332,DEPT_06,National,COMMODITY_106,SUB_106_1,
1547,271,DEPT_19,Private,COMMODITY_211,SUB_211_2,
1548,306,DEPT_00,Private,COMMODITY_220,SUB_220_3,
1549,11,DEPT_04,Private,COMMODITY_059,SUB_059_4,
1550,223,DEPT_05,National,COMMODITY_177,SUB_177_5,
1551,124,DEPT_08,National,COMMODITY_034,SUB_034_6,
1552,108,DEPT_00,Private,COMMODITY_062,SUB_062_7,
1553,453,DEPT_07,National,COMMODITY_279,SUB_279_0,
1554,477,DEPT_11,National,COMMODITY_183,SUB_183_1,
1555,401,DEPT_08,Private,COMMODITY_277,SUB_277_2,
1556,180,DEPT_18,National,COMMODITY_004,SUB_004_3,
1557,227,DEPT_08,Private,COMMODITY_037,SUB_037_4,
1558,428,DEPT_02,National,COMMODITY_033,SUB_033_5,
1559,451,DEPT_06,National,COMMODITY_099,SUB_099_6,
1560,78,DEPT_12,Private,COMMODITY_048,SUB_048_7,
1561,188,DEPT_01,National,COMMODITY_134,SUB_134_0,
1562,287,DEPT_06,National,COMMODITY_106,SUB_106_1,
1563,81,DEPT_17,National,COMMODITY_203,SUB_203_2,
1564,113,DEPT_22,National,COMMODITY_003,SUB_003_3,
1565,371,DEPT_24,National,COMMODITY_131,SUB_131_4,
1566,388,DEPT_16,National,COMMODITY_278,SUB_278_5,
1567,322,DEPT_07,National,COMMODITY_255,SUB_255_6,
1568,346,DEPT_17,National,COMMODITY_071,SUB_071_7,
1569,314,DEPT_04,National,COMMODITY_059,SUB_059_0,
1570,9,DEPT_04,Private,COMMODITY_081,SUB_081_1,
1571,309,DEPT_20,National,COMMODITY_269,SUB_269_2,
1572,488,DEPT_17,National,COMMODITY_112,SUB_112_3,
1573,162,DEPT_04,National,COMMODITY_040,SUB_040_4,
1574,280,DEPT_17,Private,COMMODITY_282,SUB_282_5,
1575,241,DEPT_08,Private,COMMODITY_237,SUB_237_6,
1576,471,DEPT_11,National,COMMODITY_105,SUB_105_7,
1577,460,DEPT_07,Private,COMMODITY_188,SUB_188_0,
1578,451,DEPT_24,Private,COMMODITY_129,SUB_129_1,
1579,79,DEPT_18,Private,COMMODITY_004,SUB_004_2,
1580,373,DEPT_19,Private,COMMODITY_089,SUB_089_3,
1581,316,DEPT_01,National,COMMODITY_128,SUB_128_4,
1582,386,DEPT_07,National,COMMODITY_292,SUB_292_5,
1583,16,DEPT_14,National,COMMODITY_154,SUB_154_6,
1584,397,DEPT_09,National,COMMODITY_109,SUB_109_7,
1585,493,DEPT_02,National,COMMODITY_042,SUB_042_0,
1586,78,DEPT_15,National,COMMODITY_025,SUB_025_1,
1587,404,DEPT_05,Private,COMMODITY_180,SUB_180_2,
1588,165,DEPT_06,National,COMMODITY_197,SUB_197_3,
1589,54,DEPT_19,National,COMMODITY_187,SUB_187_4,
1590,369,DEPT_24,Private,COMMODITY_214,SUB_214_5,
1591,411,DEPT_22,Private,COMMODITY_044,SUB_044_6,
1592,301,DEPT_06,Private,COMMODITY_111,SUB_111_7,
1593,351,DEPT_01,National,COMMODITY_155,SUB_155_0,
1594,12,DEPT_01,National,COMMODITY_063,SUB_063_1,
1595,127,DEPT_14,National,COMMODITY_202,SUB_202_2,
1596,484,DEPT_13,Private,COMMODITY_122,SUB_122_3,
1597,396,DEPT_17,National,COMMODITY_259,SUB_259_4,
1598,499,DEPT_24,National,COMMODITY_131,SUB_131_5,
1599,313,DEPT_00,National,COMMODITY_079,SUB_079_6,
1600,62,DEPT_13,Private,COMMODITY_298,SUB_298_7,
1601,35,DEPT_12,National,COMMODITY_295,SUB_295_0,
1602,230,DEPT_12,National,COMMODITY_257,SUB_257_1,
1603,26,DEPT_23,National,COMMODITY_152,SUB_152_2,
1604,69,DEPT_15,Private,COMMODITY_186,SUB_186_3,
1605,429,DEPT_13,National,COMMODITY_060,SUB_060_4,
1606,207,DEPT_05,National,COMMODITY_058,SUB_058_5,
1607,380,DEPT_20,Private,COMMODITY_242,SUB_242_6,
1608,360,DEPT_14,National,COMMODITY_206,SUB_206_7,
1609,68,DEPT_23,National,COMMODITY_149,SUB_149_0,
1610,83,DEPT_12,Private,COMMODITY_227,SUB_227_1,
1611,472,DEPT_08,Private,COMMODITY_053,SUB_053_2,
1612,462,DEPT_00,National,COMMODITY_022,SUB_022_3,
1613,414,DEPT_23,Private,COMMODITY_152,SUB_152_4,
1614,65,DEPT_09,National,COMMODITY_113,SUB_113_5,
1615,436,DEPT_00,National,COMMODITY_068,SUB_068_6,
1616,379,DEPT_00,Private,COMMODITY_098,SUB_098_7,
1617,104,DEPT_20,National,COMMODITY_069,SUB_069_0,
1618,422,DEPT_02,National,COMMODITY_171,SUB_171_1,
1619,113,DEPT_24,Private,COMMODITY_131,SUB_131_2,
1620,252,DEPT_20,National,COMMODITY_195,SUB_195_3,
1621,19,DEPT_22,National,COMMODITY_006,SUB_006_4,
1622,412,DEPT_15,Private,COMMODITY_054,SUB_054_5,
1623,196,DEPT_09,National,COMMODITY_109,SUB_109_6,
1624,448,DEPT_14,National,COMMODITY_140,SUB_140_7,
1625,66,DEPT_16,National,COMMODITY_243,SUB_243_0,
1626,167,DEPT_05,National,COMMODITY_297,SUB_297_1,
1627,18,DEPT_13,Private,COMMODITY_011,SUB_011_2,
1628,350,DEPT_18,National,COMMODITY_004,SUB_004_3,
1629,496,DEPT_24,National,COMMODITY_249,SUB_249_4,
1630,291,DEPT_06,National,COMMODITY_111,SUB_111_5,
1631,194,DEPT_11,National,COMMODITY_272,SUB_272_6,
1632,121,DEPT_08,Private,COMMODITY_100,SUB_100_7,
1633,193,DEPT_20,National,COMMODITY_242,SUB_242_0,
1634,98,DEPT_22,Private,COMMODITY_121,SUB_121_1,
1635,280,DEPT_17,National,COMMODITY_020,SUB_020_2,
1636,482,DEPT_06,National,COMMODITY_260,SUB_260_3,
1637,50,DEPT_11,Private,COMMODITY_050,SUB_050_4,
1638,35,DEPT_24,Private,COMMODITY_131,SUB_131_5,
1639,314,DEPT_21,National,COMMODITY_072,SUB_072_6,
1640,211,DEPT_20,National,COMMODITY_264,SUB_264_7,
1641,458,DEPT_24,Private,COMMODITY_107,SUB_107_0,
1642,400,DEPT_12,National,COMMODITY_172,SUB_172_1,
1643,40,DEPT_23,Private,COMMODITY_014,SUB_014_2,
1644,416,DEPT_22,National,COMMODITY_127,SUB_127_3,
1645,276,DEPT_11,Private,COMMODITY_050,SUB_050_4,
1646,277,DEPT_18,Private,COMMODITY_075,SUB_075_5,
1647,334,DEPT_13,National,COMMODITY_041,SUB_041_6,
1648,447,DEPT_22,National,COMMODITY_247,SUB_247_7,
1649,92,DEPT_00,National,COMMODITY_267,SUB_267_0,
1650,264,DEPT_13,National,COMMODITY_193,SUB_193_1,
1651,163,DEPT_18,Private,COMMODITY_150,SUB_150_2,
1652,150,DEPT_01,National,COMMODITY_063,SUB_063_3,
1653,104,DEPT_02,National,COMMODITY_169,SUB_169_4,
1654,456,DEPT_13,National,COMMODITY_039,SUB_039_5,
1655,441,DEPT_05,Private,COMMODITY_137,SUB_137_6,
1656,269,DEPT_08,National,COMMODITY_037,SUB_037_7,
1657,252,DEPT_22,National,COMMODITY_044,SUB_044_0,
1658,145,DEPT_11,National,COMMODITY_272,SUB_272_1,
1659,174,DEPT_05,National,COMMODITY_137,SUB_137_2,
1660,304,DEPT_22,National,COMMODITY_121,SUB_121_3,
1661,289,DEPT_19,National,COMMODITY_130,SUB_130_4,
1662,56,DEPT_09,National,COMMODITY_246,SUB_246_5,
1663,490,DEPT_02,National,COMMODITY_144,SUB_144_6,
1664,193,DEPT_01,National,COMMODITY_268,SUB_268_7,
1665,118,DEPT_09,National,COMMODITY_084,SUB_084_0,
1666,86,DEPT_23,National,COMMODITY_067,SUB_067_1,
1667,326,DEPT_00,National,COMMODITY_062,SUB_062_2,
1668,255,DEPT_15,National,COMMODITY_009,SUB_009_3,
1669,389,DEPT_00,National,COMMODITY_000,SUB_000_4,
1670,185,DEPT_15,Private,COMMODITY_054,SUB_054_5,
1671,21,DEPT_19,Private,COMMODITY_095,SUB_095_6,
1672,160,DEPT_11,National,COMMODITY_231,SUB_231_7,
1673,99,DEPT_15,Private,COMMODITY_110,SUB_110_0,
1674,14,DEPT_18,National,COMMODITY_004,SUB_004_1,
1675,79,DEPT_19,National,COMMODITY_120,SUB_120_2,
1676,103,DEPT_02,National,COMMODITY_169,SUB_169_3,
1677,165,DEPT_22,Private,COMMODITY_003,SUB_003_4,
1678,136,DEPT_00,National,COMMODITY_057,SUB_057_5,
1679,51,DEPT_13,National,COMMODITY_285,SUB_285_6,
1680,253,DEPT_04,Private,COMMODITY_229,SUB_229_7,
1681,339,DEPT_14,National,COMMODITY_198,SUB_198_0,
1682,364,DEPT_06,Private,COMMODITY_143,SUB_143_1,
1683,470,DEPT_23,Private,COMMODITY_067,SUB_067_2,
1684,472,DEPT_13,National,COMMODITY_164,SUB_164_3,
1685,6,DEPT_21,Private,COMMODITY_228,SUB_228_4,
1686,260,DEPT_20,National,COMMODITY_088,SUB_088_5,
1687,465,DEPT_21,Private,COMMODITY_132,SUB_132_6,
1688,176,DEPT_07,National,COMMODITY_136,SUB_136_7,
1689,319,DEPT_21,National,COMMODITY_200,SUB_200_0,
1690,166,DEPT_23,National,COMMODITY_013,SUB_013_1,
1691,18,DEPT_19,Private,COMMODITY_190,SUB_190_2,
1692,2,DEPT_20,National,COMMODITY_242,SUB_242_3,
1693,238,DEPT_24,National,COMMODITY_016,SUB_016_4,
1694,334,DEPT_11,National,COMMODITY_272,SUB_272_5,
1695,16,DEPT_01,National,COMMODITY_181,SUB_181_6,
1696,243,DEPT_13,National,COMMODITY_225,SUB_225_7,
1697,91,DEPT_06,Private,COMMODITY_099,SUB_099_0,
1698,27,DEPT_10,National,COMMODITY_148,SUB_148_1,
1699,370,DEPT_24,National,COMMODITY_221,SUB_221_2,
1700,272,DEPT_20,Private,COMMODITY_253,SUB_253_3,
1701,188,DEPT_16,National,COMMODITY_179,SUB_179_4,
1702,495,DEPT_03,National,COMMODITY_001,SUB_001_5,
1703,20,DEPT_23,National,COMMODITY_162,SUB_162_6,
1704,65,DEPT_05,National,COMMODITY_199,SUB_199_7,
1705,434,DEPT_09,National,COMMODITY_084,SUB_084_0,
1706,255,DEPT_16,National,COMMODITY_230,SUB_230_1,
1707,289,DEPT_09,National,COMMODITY_232,SUB_232_2,
1708,316,DEPT_13,National,COMMODITY_097,SUB_097_3,
1709,55,DEPT_19,National,COMMODITY_085,SUB_085_4,
1710,85,DEPT_21,National,COMMODITY_256,SUB_256_5,
1711,230,DEPT_14,National,COMMODITY_206,SUB_206_6,
1712,11,DEPT_00,National,COMMODITY_000,SUB_000_7,
1713,236,DEPT_04,National,COMMODITY_080,SUB_080_0,
1714,116,DEPT_22,National,COMMODITY_189,SUB_189_1,
1715,337,DEPT_19,Private,COMMODITY_187,SUB_187_2,
1716,164,DEPT_03,Private,COMMODITY_090,SUB_090_3,
1717,57,DEPT_14,National,COMMODITY_270,SUB_270_4,
1718,44,DEPT_07,Private,COMMODITY_188,SUB_188_5,
1719,25,DEPT_08,National,COMMODITY_100,SUB_100_6,
1720,174,DEPT_18,National,COMMODITY_075,SUB_075_7,
1721,231,DEPT_00,National,COMMODITY_114,SUB_114_0,
1722,141,DEPT_00,National,COMMODITY_062,SUB_062_1,
1723,495,DEPT_00,National,COMMODITY_114,SUB_114_2,
1724,9,DEPT_19,National,COMMODITY_187,SUB_187_3,
1725,287,DEPT_08,National,COMMODITY_237,SUB_237_4,
1726,62,DEPT_23,National,COMMODITY_149,SUB_149_5,
1727,428,DEPT_05,National,COMMODITY_137,SUB_137_6,
1728,230,DEPT_09,National,COMMODITY_056,SUB_056_7,
1729,261,DEPT_23,National,COMMODITY_152,SUB_152_0,
1730,444,DEPT_06,Private,COMMODITY_265,SUB_265_1,
1731,350,DEPT_14,National,COMMODITY_198,SUB_198_2,
1732,154,DEPT_20,National,COMMODITY_264,SUB_264_3,
1733,445,DEPT_14,National,COMMODITY_154,SUB_154_4,
1734,472,DEPT_13,National,COMMODITY_164,SUB_164_5,
1735,273,DEPT_11,National,COMMODITY_032,SUB_032_6,
1736,412,DEPT_19,National,COMMODITY_211,SUB_211_7,
1737,63,DEPT_14,National,COMMODITY_270,SUB_270_0,
1738,391,DEPT_23,Private,COMMODITY_135,SUB_135_1,
1739,170,DEPT_24,National,COMMODITY_170,SUB_170_2,
1740,372,DEPT_13,Private,COMMODITY_240,SUB_240_3,
1741,56,DEPT_22,National,COMMODITY_102,SUB_102_4,
1742,442,DEPT_23,National,COMMODITY_250,SUB_250_5,
1743,319,DEPT_08,National,COMMODITY_103,SUB_103_6,
1744,2,DEPT_04,National,COMMODITY_229,SUB_229_7,
1745,350,DEPT_09,National,COMMODITY_232,SUB_232_0,
1746,193,DEPT_21,National,COMMODITY_072,SUB_072_1,
1747,222,DEPT_17,National,COMMODITY_203,SUB_203_2,
1748,426,DEPT_21,National,COMMODITY_007,SUB_007_3,
1749,214,DEPT_13,Private,COMMODITY_225,SUB_225_4,
1750,493,DEPT_06,National,COMMODITY_197,SUB_197_5,
1751,371,DEPT_23,National,COMMODITY_010,SUB_010_6,
1752,390,DEPT_08,National,COMMODITY_123,SUB_123_7,
1753,276,DEPT_12,National,COMMODITY_257,SUB_257_0,
1754,225,DEPT_01,National,COMMODITY_268,SUB_268_1,
1755,242,DEPT_24,National,COMMODITY_107,SUB_107_2,
1756,112,DEPT_12,National,COMMODITY_257,SUB_257_3,
1757,421,DEPT_20,Private,COMMODITY_264,SUB_264_4,
1758,112,DEPT_19,National,COMMODITY_160,SUB_160_5,
1759,202,DEPT_13,National,COMMODITY_039,SUB_039_6,
1760,12,DEPT_09,Private,COMMODITY_113,SUB_113_7,
1761,187,DEPT_05,National,COMMODITY_199,SUB_199_0,
1762,253,DEPT_23,National,COMMODITY_213,SUB_213_1,
1763,217,DEPT_12,National,COMMODITY_299,SUB_299_2,
1764,65,DEPT_21,Private,COMMODITY_212,SUB_212_3,
1765,193,DEPT_14,National,COMMODITY_194,SUB_194_4,
1766,381,DEPT_21,National,COMMODITY_204,SUB_204_5,
1767,344,DEPT_19,National,COMMODITY_226,SUB_226_6,
1768,453,DEPT_00,National,COMMODITY_252,SUB_252_7,
1769,388,DEPT_12,National,COMMODITY_299,SUB_299_0,
1770,496,DEPT_23,National,COMMODITY_173,SUB_173_1,
1771,355,DEPT_00,National,COMMODITY_068,SUB_068_2,
1772,323,DEPT_14,National,COMMODITY_154,SUB_154_3,
1773,345,DEPT_20,National,COMMODITY_264,SUB_264_4,
1774,71,DEPT_01,National,COMMODITY_155,SUB_155_5,
1775,451,DEPT_14,Private,COMMODITY_290,SUB_290_6,
1776,384,DEPT_13,National,COMMODITY_266,SUB_266_7,
1777,176,DEPT_00,National,COMMODITY_252,SUB_252_0,
1778,407,DEPT_15,National,COMMODITY_110,SUB_110_1,
1779,69,DEPT_06,National,COMMODITY_260,SUB_260_2,
1780,143,DEPT_00,National,COMMODITY_252,SUB_252_3,
1781,162,DEPT_24,National,COMMODITY_129,SUB_129_4,
1782,165,DEPT_02,National,COMMODITY_151,SUB_151_5,
1783,391,DEPT_07,National,COMMODITY_188,SUB_188_6,
1784,359,DEPT_15,National,COMMODITY_025,SUB_025_7,
1785,118,DEPT_00,National,COMMODITY_000,SUB_000_0,
1786,381,DEPT_01,National,COMMODITY_134,SUB_134_1,
1787,149,DEPT_05,National,COMMODITY_180,SUB_180_2,
1788,93,DEPT_24,National,COMMODITY_087,SUB_087_3,
1789,64,DEPT_16,Private,COMMODITY_263,SUB_263_4,
1790,54,DEPT_06,National,COMMODITY_158,SUB_158_5,
1791,325,DEPT_22,National,COMMODITY_006,SUB_006_6,
1792,345,DEPT_07,National,COMMODITY_255,SUB_255_7,
1793,14,DEPT_23,National,COMMODITY_149,SUB_149_0,
1794,148,DEPT_08,Private,COMMODITY_053,SUB_053_1,
1795,142,DEPT_02,Private,COMMODITY_176,SUB_176_2,
1796,405,DEPT_22,National,COMMODITY_142,SUB_142_3,
1797,444,DEPT_23,National,COMMODITY_014,SUB_014_4,
1798,22,DEPT_18,National,COMMODITY_174,SUB_174_5,
1799,7,DEPT_05,National,COMMODITY_207,SUB_207_6,
1800,138,DEPT_16,National,COMMODITY_230,SUB_230_7,
1801,26,DEPT_20,National,COMMODITY_069,SUB_069_0,
1802,361,DEPT_17,National,COMMODITY_282,SUB_282_1,
1803,116,DEPT_22,Private,COMMODITY_247,SUB_247_2,
1804,23,DEPT_02,National,COMMODITY_165,SUB_165_3,
1805,443,DEPT_23,Private,COMMODITY_125,SUB_125_4,
1806,82,DEPT_11,National,COMMODITY_276,SUB_276_5,
1807,405,DEPT_01,National,COMMODITY_134,SUB_134_6,
1808,214,DEPT_08,Private,COMMODITY_100,SUB_100_7,
1809,178,DEPT_10,Private,COMMODITY_148,SUB_148_0,
1810,81,DEPT_04,National,COMMODITY_229,SUB_229_1,
1811,315,DEPT_16,Private,COMMODITY_179,SUB_179_2,
1812,238,DEPT_04,Private,COMMODITY_229,SUB_229_3,
1813,180,DEPT_20,National,COMMODITY_115,SUB_115_4,
1814,274,DEPT_02,National,COMMODITY_165,SUB_165_5,
1815,357,DEPT_21,Private,COMMODITY_104,SUB_104_6,
1816,21,DEPT_00,National,COMMODITY_052,SUB_052_7,
1817,275,DEPT_19,National,COMMODITY_130,SUB_130_0,
1818,104,DEPT_20,National,COMMODITY_115,SUB_115_1,
1819,64,DEPT_05,Private,COMMODITY_262,SUB_262_2,
1820,190,DEPT_24,National,COMMODITY_087,SUB_087_3,
1821,71,DEPT_15,National,COMMODITY_283,SUB_283_4,
1822,72,DEPT_14,Private,COMMODITY_290,SUB_290_5,
1823,78,DEPT_08,National,COMMODITY_046,SUB_046_6,
1824,46,DEPT_13,National,COMMODITY_193,SUB_193_7,
1825,63,DEPT_13,Private,COMMODITY_215,SUB_215_0,
1826,284,DEPT_11,National,COMMODITY_272,SUB_272_1,
1827,412,DEPT_08,Private,COMMODITY_291,SUB_291_2,
1828,325,DEPT_20,National,COMMODITY_088,SUB_088_3,
1829,347,DEPT_02,National,COMMODITY_171,SUB_171_4,
1830,42,DEPT_01,National,COMMODITY_128,SUB_128_5,
1831,167,DEPT_03,National,COMMODITY_159,SUB_159_6,
1832,363,DEPT_24,Private,COMMODITY_170,SUB_170_7,
1833,355,DEPT_22,National,COMMODITY_189,SUB_189_0,
1834,41,DEPT_06,National,COMMODITY_106,SUB_106_1,
1835,33,DEPT_11,National,COMMODITY_078,SUB_078_2,
1836,43,DEPT_07,Private,COMMODITY_136,SUB_136_3,
1837,384,DEPT_17,Private,COMMODITY_282,SUB_282_4,
1838,322,DEPT_16,National,COMMODITY_179,SUB_179_5,
1839,118,DEPT_11,National,COMMODITY_231,SUB_231_6,
1840,497,DEPT_06,National,COMMODITY_008,SUB_008_7,
1841,302,DEPT_18,National,COMMODITY_029,SUB_029_0,
1842,340,DEPT_08,National,COMMODITY_101,SUB_101_1,
1843,1,DEPT_03,National,COMMODITY_001,SUB_001_2,
1844,56,DEPT_00,National,COMMODITY_000,SUB_000_3,
1845,322,DEPT_02,National,COMMODITY_176,SUB_176_4,
1846,229,DEPT_02,National,COMMODITY_144,SUB_144_5,
1847,461,DEPT_14,Private,COMMODITY_140,SUB_140_6,
1848,126,DEPT_20,Private,COMMODITY_182,SUB_182_7,
1849,437,DEPT_09,National,COMMODITY_246,SUB_246_0,
1850,140,DEPT_20,National,COMMODITY_027,SUB_027_1,
1851,377,DEPT_19,National,COMMODITY_226,SUB_226_2,
1852,347,DEPT_21,National,COMMODITY_072,SUB_072_3,
1853,20,DEPT_14,National,COMMODITY_209,SUB_209_4,
1854,245,DEPT_01,National,COMMODITY_241,SUB_241_5,
1855,105,DEPT_12,National,COMMODITY_295,SUB_295_6,
1856,346,DEPT_00,National,COMMODITY_252,SUB_252_7,
1857,82,DEPT_14,Private,COMMODITY_198,SUB_198_0,
1858,272,DEPT_09,National,COMMODITY_116,SUB_116_1,
1859,365,DEPT_03,Private,COMMODITY_090,SUB_090_2,
1860,103,DEPT_04,National,COMMODITY_244,SUB_244_3,
1861,266,DEPT_08,National,COMMODITY_053,SUB_053_4,
1862,330,DEPT_16,Private,COMMODITY_083,SUB_083_5,
1863,17,DEPT_04,National,COMMODITY_081,SUB_081_6,
1864,434,DEPT_19,Private,COMMODITY_211,SUB_211_7,
1865,233,DEPT_13,National,COMMODITY_298,SUB_298_0,
1866,52,DEPT_08,National,COMMODITY_163,SUB_163_1,
1867,261,DEPT_06,National,COMMODITY_265,SUB_265_2,
1868,386,DEPT_21,National,COMMODITY_132,SUB_132_3,
1869,318,DEPT_16,National,COMMODITY_263,SUB_263_4,
1870,398,DEPT_13,Private,COMMODITY_196,SUB_196_5,
1871,412,DEPT_21,National,COMMODITY_238,SUB_238_6,
1872,342,DEPT_18,National,COMMODITY_004,SUB_004_7,
1873,25,DEPT_20,Private,COMMODITY_264,SUB_264_0,
1874,320,DEPT_12,National,COMMODITY_048,SUB_048_1,
1875,165,DEPT_08,Private,COMMODITY_103,SUB_103_2,
1876,257,DEPT_20,National,COMMODITY_088,SUB_088_3,
1877,388,DEPT_00,National,COMMODITY_252,SUB_252_4,
1878,306,DEPT_21,National,COMMODITY_204,SUB_204_5,
1879,76,DEPT_11,National,COMMODITY_050,SUB_050_6,
1880,173,DEPT_19,National,COMMODITY_211,SUB_211_7,
1881,141,DEPT_16,National,COMMODITY_083,SUB_083_0,
1882,491,DEPT_21,National,COMMODITY_204,SUB_204_1,
1883,358,DEPT_23,Private,COMMODITY_162,SUB_162_2,
1884,377,DEPT_16,National,COMMODITY_230,SUB_230_3,
1885,240,DEPT_20,National,COMMODITY_269,SUB_269_4,
1886,256,DEPT_05,National,COMMODITY_023,SUB_023_5,
1887,271,DEPT_20,National,COMMODITY_195,SUB_195_6,
1888,391,DEPT_14,National,COMMODITY_031,SUB_031_7,
1889,134,DEPT_11,National,COMMODITY_276,SUB_276_0,
1890,28,DEPT_21,National,COMMODITY_256,SUB_256_1,
1891,63,DEPT_15,National,COMMODITY_283,SUB_283_2,
1892,493,DEPT_24,National,COMMODITY_107,SUB_107_3,
1893,34,DEPT_11,National,COMMODITY_183,SUB_183_4,
1894,72,DEPT_24,National,COMMODITY_170,SUB_170_5,
1895,352,DEPT_17,National,COMMODITY_020,SUB_020_6,
1896,329,DEPT_02,National,COMMODITY_151,SUB_151_7,
1897,210,DEPT_11,National,COMMODITY_156,SUB_156_0,
1898,70,DEPT_19,National,COMMODITY_187,SUB_187_1,
1899,70,DEPT_17,National,COMMODITY_077,SUB_077_2,
1900,164,DEPT_05,National,COMMODITY_023,SUB_023_3,
1901,121,DEPT_21,National,COMMODITY_007,SUB_007_4,
1902,280,DEPT_16,Private,COMMODITY_230,SUB_230_5,
1903,21,DEPT_23,Private,COMMODITY_213,SUB_213_6,
1904,77,DEPT_08,National,COMMODITY_037,SUB_037_7,
1905,480,DEPT_11,Private,COMMODITY_272,SUB_272_0,
1906,281,DEPT_21,Private,COMMODITY_204,SUB_204_1,
1907,206,DEPT_04,National,COMMODITY_059,SUB_059_2,
1908,155,DEPT_19,National,COMMODITY_120,SUB_120_3,
1909,137,DEPT_21,National,COMMODITY_288,SUB_288_4,
1910,485,DEPT_01,National,COMMODITY_147,SUB_147_5,
1911,457,DEPT_23,National,COMMODITY_002,SUB_002_6,
1912,38,DEPT_24,Private,COMMODITY_201,SUB_201_7,
1913,278,DEPT_19,National,COMMODITY_289,SUB_289_0,
1914,438,DEPT_06,National,COMMODITY_111,SUB_111_1,
1915,340,DEPT_20,Private,COMMODITY_253,SUB_253_2,
1916,183,DEPT_23,National,COMMODITY_013,SUB_013_3,
1917,399,DEPT_17,Private,COMMODITY_020,SUB_020_4,
1918,21,DEPT_19,Private,COMMODITY_289,SUB_289_5,
1919,19,DEPT_06,National,COMMODITY_099,SUB_099_6,
1920,421,DEPT_11,Private,COMMODITY_156,SUB_156_7,
1921,66,DEPT_17,National,COMMODITY_077,SUB_077_0,
1922,51,DEPT_05,National,COMMODITY_222,SUB_222_1,
1923,330,DEPT_09,Private,COMMODITY_113,SUB_113_2,
1924,12,DEPT_03,National,COMMODITY_159,SUB_159_3,
1925,188,DEPT_16,National,COMMODITY_278,SUB_278_4,
1926,291,DEPT_05,National,COMMODITY_245,SUB_245_5,
1927,405,DEPT_07,National,COMMODITY_292,SUB_292_6,
1928,367,DEPT_02,National,COMMODITY_169,SUB_169_7,
1929,51,DEPT_15,National,COMMODITY_009,SUB_009_0,
1930,419,DEPT_15,National,COMMODITY_036,SUB_036_1,
1931,340,DEPT_19,National,COMMODITY_085,SUB_085_2,
1932,149,DEPT_21,National,COMMODITY_192,SUB_192_3,
1933,499,DEPT_11,National,COMMODITY_276,SUB_276_4,
1934,215,DEPT_17,National,COMMODITY_051,SUB_051_5,
1935,121,DEPT_02,National,COMMODITY_033,SUB_033_6,
1936,307,DEPT_22,Private,COMMODITY_247,SUB_247_7,
1937,14,DEPT_05,National,COMMODITY_177,SUB_177_0,
1938,183,DEPT_21,Private,COMMODITY_204,SUB_204_1,
1939,309,DEPT_23,National,COMMODITY_096,SUB_096_2,
1940,469,DEPT_10,Private,COMMODITY_281,SUB_281_3,
1941,197,DEPT_15,National,COMMODITY_186,SUB_186_4,
1942,288,DEPT_07,National,COMMODITY_188,SUB_188_5,
1943,295,DEPT_23,National,COMMODITY_250,SUB_250_6,
1944,155,DEPT_23,National,COMMODITY_067,SUB_067_7,
1945,42,DEPT_05,National,COMMODITY_207,SUB_207_0,
1946,335,DEPT_00,National,COMMODITY_167,SUB_167_1,
1947,405,DEPT_18,Private,COMMODITY_150,SUB_150_2,
1948,360,DEPT_11,Private,COMMODITY_231,SUB_231_3,
1949,276,DEPT_23,National,COMMODITY_082,SUB_082_4,
1950,488,DEPT_23,National,COMMODITY_213,SUB_213_5,
1951,121,DEPT_01,Private,COMMODITY_241,SUB_241_6,
1952,192,DEPT_22,National,COMMODITY_102,SUB_102_7,
1953,199,DEPT_17,National,COMMODITY_071,SUB_071_0,
1954,428,DEPT_13,Private,COMMODITY_196,SUB_196_1,
1955,124,DEPT_05,Private,COMMODITY_074,SUB_074_2,
1956,296,DEPT_16,National,COMMODITY_280,SUB_280_3,
1957,481,DEPT_15,National,COMMODITY_025,SUB_025_4,
1958,252,DEPT_04,National,COMMODITY_205,SUB_205_5,
1959,167,DEPT_01,National,COMMODITY_134,SUB_134_6,
1960,293,DEPT_15,Private,COMMODITY_110,SUB_110_7,
1961,239,DEPT_04,National,COMMODITY_166,SUB_166_0,
1962,465,DEPT_21,National,COMMODITY_273,SUB_273_1,
1963,224,DEPT_19,National,COMMODITY_043,SUB_043_2,
1964,378,DEPT_05,National,COMMODITY_248,SUB_248_3,
1965,57,DEPT_23,National,COMMODITY_125,SUB_125_4,
1966,461,DEPT_21,National,COMMODITY_256,SUB_256_5,
1967,358,DEPT_12,Private,COMMODITY_227,SUB_227_6,
1968,331,DEPT_11,National,COMMODITY_032,SUB_032_7,
1969,63,DEPT_07,National,COMMODITY_066,SUB_066_0,
1970,457,DEPT_24,Private,COMMODITY_087,SUB_087_1,
1971,213,DEPT_15,National,COMMODITY_025,SUB_025_2,
1972,54,DEPT_08,Private,COMMODITY_237,SUB_237_3,
1973,427,DEPT_11,National,COMMODITY_156,SUB_156_4,
1974,42,DEPT_23,Private,COMMODITY_082,SUB_082_5,
1975,339,DEPT_05,National,COMMODITY_222,SUB_222_6,
1976,234,DEPT_00,National,COMMODITY_022,SUB_022_7,
1977,132,DEPT_13,National,COMMODITY_011,SUB_011_0,
1978,121,DEPT_21,National,COMMODITY_204,SUB_204_1,
1979,446,DEPT_13,National,COMMODITY_225,SUB_225_2,
1980,169,DEPT_08,Private,COMMODITY_239,SUB_239_3,
1981,486,DEPT_02,Private,COMMODITY_176,SUB_176_4,
1982,201,DEPT_21,National,COMMODITY_192,SUB_192_5,
1983,321,DEPT_09,Private,COMMODITY_056,SUB_056_6,
1984,103,DEPT_08,National,COMMODITY_103,SUB_103_7,
1985,461,DEPT_13,Private,COMMODITY_041,SUB_041_0,
1986,427,DEPT_00,National,COMMODITY_167,SUB_167_1,
1987,97,DEPT_17,National,COMMODITY_203,SUB_203_2,
1988,266,DEPT_22,Private,COMMODITY_006,SUB_006_3,
1989,254,DEPT_17,National,COMMODITY_051,SUB_051_4,
1990,199,DEPT_24,Private,COMMODITY_168,SUB_168_5,
1991,251,DEPT_12,National,COMMODITY_172,SUB_172_6,
1992,247,DEPT_12,National,COMMODITY_257,SUB_257_7,
1993,252,DEPT_00,Private,COMMODITY_220,SUB_220_0,
1994,4,DEPT_05,National,COMMODITY_023,SUB_023_1,
1995,302,DEPT_13,National,COMMODITY_028,SUB_028_2,
1996,105,DEPT_00,Private,COMMODITY_114,SUB_114_3,
1997,171,DEPT_00,National,COMMODITY_021,SUB_021_4,
1998,471,DEPT_11,National,COMMODITY_049,SUB_049_5,
1999,256,DEPT_11,National,COMMODITY_078,SUB_078_6,
2000,116,DEPT_00,Private,COMMODITY_114,SUB_114_7,
2001,352,DEPT_05,National,COMMODITY_222,SUB_222_0,
2002,16,DEPT_22,National,COMMODITY_003,SUB_003_1,
2003,215,DEPT_14,Private,COMMODITY_154,SUB_154_2,
2004,333,DEPT_05,Private,COMMODITY_248,SUB_248_3,
2005,315,DEPT_09,National,COMMODITY_232,SUB_232_4,
2006,411,DEPT_10,National,COMMODITY_148,SUB_148_5,
2007,252,DEPT_13,National,COMMODITY_097,SUB_097_6,
2008,213,DEPT_19,Private,COMMODITY_130,SUB_130_7,
2009,396,DEPT_02,National,COMMODITY_169,SUB_169_0,
2010,349,DEPT_05,National,COMMODITY_180,SUB_180_1,
2011,406,DEPT_13,Private,COMMODITY_285,SUB_285_2,
2012,368,DEPT_07,Private,COMMODITY_255,SUB_255_3,
2013,499,DEPT_06,National,COMMODITY_219,SUB_219_4,
2014,138,DEPT_24,National,COMMODITY_087,SUB_087_5,
2015,344,DEPT_01,National,COMMODITY_181,SUB_181_6,
2016,354,DEPT_04,National,COMMODITY_080,SUB_080_7,
2017,252,DEPT_15,National,COMMODITY_139,SUB_139_0,
2018,25,DEPT_23,National,COMMODITY_014,SUB_014_1,
2019,454,DEPT_04,National,COMMODITY_080,SUB_080_2,
2020,412,DEPT_00,National,COMMODITY_079,SUB_079_3,
2021,353,DEPT_14,National,COMMODITY_194,SUB_194_4,
2022,332,DEPT_17,Private,COMMODITY_019,SUB_019_5,
2023,9,DEPT_09,Private,COMMODITY_084,SUB_084_6,
2024,98,DEPT_17,National,COMMODITY_012,SUB_012_7,
2025,79,DEPT_00,National,COMMODITY_057,SUB_057_0,
2026,166,DEPT_02,National,COMMODITY_165,SUB_165_1,
2027,18,DEPT_11,National,COMMODITY_078,SUB_078_2,
2028,15,DEPT_19,National,COMMODITY_055,SUB_055_3,
2029,397,DEPT_22,National,COMMODITY_223,SUB_223_4,
2030,7,DEPT_00,National,COMMODITY_022,SUB_022_5,
2031,489,DEPT_13,National,COMMODITY_039,SUB_039_6,
2032,214,DEPT_17,National,COMMODITY_275,SUB_275_7,
2033,445,DEPT_14,National,COMMODITY_290,SUB_290_0,
2034,446,DEPT_22,Private,COMMODITY_044,SUB_044_1,
2035,113,DEPT_16,National,COMMODITY_243,SUB_243_2,
2036,210,DEPT_13,National,COMMODITY_028,SUB_028_3,
2037,137,DEPT_21,National,COMMODITY_138,SUB_138_4,
2038,248,DEPT_08,Private,COMMODITY_291,SUB_291_5,
2039,471,DEPT_14,National,COMMODITY_140,SUB_140_6,
2040,322,DEPT_21,National,COMMODITY_200,SUB_200_7,
2041,266,DEPT_21,Private,COMMODITY_273,SUB_273_0,
2042,292,DEPT_06,National,COMMODITY_217,SUB_217_1,
2043,113,DEPT_21,Private,COMMODITY_007,SUB_007_2,
2044,49,DEPT_24,Private,COMMODITY_168,SUB_168_3,
2045,73,DEPT_15,National,COMMODITY_036,SUB_036_4,
2046,295,DEPT_00,National,COMMODITY_021,SUB_021_5,
2047,288,DEPT_05,National,COMMODITY_245,SUB_245_6,
2048,146,DEPT_00,National,COMMODITY_252,SUB_252_7,
2049,220,DEPT_00,National,COMMODITY_252,SUB_252_0,
2050,17,DEPT_23,National,COMMODITY_125,SUB_125_1,
2051,52,DEPT_01,National,COMMODITY_128,SUB_128_2,
2052,15,DEPT_01,National,COMMODITY_117,SUB_117_3,
2053,225,DEPT_20,National,COMMODITY_253,SUB_253_4,
2054,189,DEPT_04,National,COMMODITY_040,SUB_040_5,
2055,499,DEPT_14,National,COMMODITY_270,SUB_270_6,
2056,417,DEPT_02,National,COMMODITY_033,SUB_033_7,
2057,177,DEPT_19,Private,COMMODITY_095,SUB_095_0,
2058,14,DEPT_11,Private,COMMODITY_156,SUB_156_1,
2059,94,DEPT_23,National,COMMODITY_002,SUB_002_2,
2060,489,DEPT_24,National,COMMODITY_170,SUB_170_3,
2061,384,DEPT_00,National,COMMODITY_000,SUB_000_4,
2062,157,DEPT_01,National,COMMODITY_155,SUB_155_5,
2063,151,DEPT_19,Private,COMMODITY_055,SUB_055_6,
2064,114,DEPT_11,Private,COMMODITY_183,SUB_183_7,
2065,217,DEPT_23,National,COMMODITY_152,SUB_152_0,
2066,259,DEPT_16,Private,COMMODITY_263,SUB_263_1,
2067,275,DEPT_11,National,COMMODITY_156,SUB_156_2,
2068,39,DEPT_02,National,COMMODITY_151,SUB_151_3,
2069,84,DEPT_06,National,COMMODITY_111,SUB_111_4,
2070,69,DEPT_09,National,COMMODITY_113,SUB_113_5,
2071,333,DEPT_07,Private,COMMODITY_188,SUB_188_6,
2072,364,DEPT_00,National,COMMODITY_076,SUB_076_7,
2073,22,DEPT_20,Private,COMMODITY_069,SUB_069_0,
2074,298,DEPT_16,Private,COMMODITY_092,SUB_092_1,
2075,24,DEPT_23,Private,COMMODITY_162,SUB_162_2,
2076,200,DEPT_24,National,COMMODITY_168,SUB_168_3,
2077,41,DEPT_23,National,COMMODITY_135,SUB_135_4,
2078,295,DEPT_21,National,COMMODITY_238,SUB_238_5,
2079,482,DEPT_04,National,COMMODITY_040,SUB_040_6,
2080,155,DEPT_21,Private,COMMODITY_132,SUB_132_7,
2081,87,DEPT_14,National,COMMODITY_209,SUB_209_0,
2082,302,DEPT_17,National,COMMODITY_012,SUB_012_1,
2083,285,DEPT_17,National,COMMODITY_051,SUB_051_2,
2084,289,DEPT_09,National,COMMODITY_056,SUB_056_3,
2085,221,DEPT_06,National,COMMODITY_260,SUB_260_4,
2086,330,DEPT_20,National,COMMODITY_027,SUB_027_5,
2087,466,DEPT_17,National,COMMODITY_178,SUB_178_6,
2088,26,DEPT_08,National,COMMODITY_100,SUB_100_7,
2089,159,DEPT_24,Private,COMMODITY_168,SUB_168_0,
2090,350,DEPT_04,National,COMMODITY_205,SUB_205_1,
2091,379,DEPT_08,National,COMMODITY_239,SUB_239_2,
2092,255,DEPT_05,National,COMMODITY_177,SUB_177_3,
2093,447,DEPT_14,National,COMMODITY_194,SUB_194_4,
2094,463,DEPT_14,National,COMMODITY_198,SUB_198_5,
2095,382,DEPT_23,Private,COMMODITY_067,SUB_067_6,
2096,421,DEPT_07,National,COMMODITY_136,SUB_136_7,
2097,447,DEPT_17,Private,COMMODITY_282,SUB_282_0,
2098,246,DEPT_11,Private,COMMODITY_032,SUB_032_1,
2099,146,DEPT_13,National,COMMODITY_041,SUB_041_2,
2100,317,DEPT_20,Private,COMMODITY_088,SUB_088_3,
2101,103,DEPT_14,Private,COMMODITY_154,SUB_154_4,
2102,234,DEPT_23,Private,COMMODITY_153,SUB_153_5,
2103,60,DEPT_19,Private,COMMODITY_211,SUB_211_6,
2104,303,DEPT_23,Private,COMMODITY_149,SUB_149_7,
2105,322,DEPT_00,National,COMMODITY_076,SUB_076_0,
2106,152,DEPT_22,National,COMMODITY_073,SUB_073_1,
2107,435,DEPT_05,Private,COMMODITY_199,SUB_199_2,
2108,251,DEPT_22,Private,COMMODITY_247,SUB_247_3,
2109,49,DEPT_12,National,COMMODITY_295,SUB_295_4,
2110,15,DEPT_24,Private,COMMODITY_129,SUB_129_5,
2111,182,DEPT_16,National,COMMODITY_230,SUB_230_6,
2112,279,DEPT_20,National,COMMODITY_253,SUB_253_7,
2113,453,DEPT_05,National,COMMODITY_180,SUB_180_0,
2114,236,DEPT_00,National,COMMODITY_079,SUB_079_1,
2115,316,DEPT_13,National,COMMODITY_039,SUB_039_2,
2116,118,DEPT_17,National,COMMODITY_282,SUB_282_3,
2117,8,DEPT_11,National,COMMODITY_183,SUB_183_4,
2118,414,DEPT_02,National,COMMODITY_033,SUB_033_5,
2119,439,DEPT_23,Private,COMMODITY_125,SUB_125_6,
2120,410,DEPT_16,National,COMMODITY_230,SUB_230_7,
2121,129,DEPT_23,Private,COMMODITY_149,SUB_149_0,
2122,242,DEPT_22,Private,COMMODITY_006,SUB_006_1,
2123,210,DEPT_16,Private,COMMODITY_083,SUB_083_2,
2124,488,DEPT_08,National,COMMODITY_070,SUB_070_3,
2125,369,DEPT_24,Private,COMMODITY_131,SUB_131_4,
2126,231,DEPT_17,National,COMMODITY_261,SUB_261_5,
2127,137,DEPT_06,Private,COMMODITY_106,SUB_106_6,
2128,243,DEPT_11,National,COMMODITY_105,SUB_105_7,
2129,11,DEPT_16,National,COMMODITY_263,SUB_263_0,
2130,349,DEPT_07,National,COMMODITY_279,SUB_279_1,
2131,170,DEPT_22,Private,COMMODITY_006,SUB_006_2,
2132,330,DEPT_16,National,COMMODITY_278,SUB_278_3,
2133,160,DEPT_17,National,COMMODITY_077,SUB_077_4,
2134,155,DEPT_13,National,COMMODITY_240,SUB_240_5,
2135,273,DEPT_09,National,COMMODITY_056,SUB_056_6,
2136,470,DEPT_09,Private,COMMODITY_118,SUB_118_7,
2137,27,DEPT_07,National,COMMODITY_133,SUB_133_0,
2138,452,DEPT_12,National,COMMODITY_257,SUB_257_1,
2139,367,DEPT_14,National,COMMODITY_290,SUB_290_2,
2140,32,DEPT_05,Private,COMMODITY_137,SUB_137_3,
2141,14,DEPT_00,National,COMMODITY_167,SUB_167_4,
2142,77,DEPT_08,National,COMMODITY_037,SUB_037_5,
2143,285,DEPT_11,National,COMMODITY_018,SUB_018_6,
2144,345,DEPT_07,National,COMMODITY_255,SUB_255_7,
2145,311,DEPT_19,National,COMMODITY_287,SUB_287_0,
2146,247,DEPT_04,National,COMMODITY_244,SUB_244_1,
2147,157,DEPT_01,National,COMMODITY_063,SUB_063_2,
2148,69,DEPT_04,National,COMMODITY_040,SUB_040_3,
2149,241,DEPT_03,Private,COMMODITY_161,SUB_161_4,
2150,196,DEPT_17,National,COMMODITY_259,SUB_259_5,
2151,265,DEPT_21,National,COMMODITY_273,SUB_273_6,
2152,201,DEPT_01,National,COMMODITY_155,SUB_155_7,
2153,208,DEPT_23,National,COMMODITY_125,SUB_125_0,
2154,289,DEPT_22,Private,COMMODITY_223,SUB_223_1,
2155,55,DEPT_09,Private,COMMODITY_271,SUB_271_2,
2156,388,DEPT_04,Private,COMMODITY_080,SUB_080_3,
2157,300,DEPT_24,National,COMMODITY_168,SUB_168_4,
2158,179,DEPT_05,National,COMMODITY_064,SUB_064_5,
2159,81,DEPT_01,National,COMMODITY_241,SUB_241_6,
2160,333,DEPT_04,National,COMMODITY_254,SUB_254_7,
2161,179,DEPT_04,Private,COMMODITY_080,SUB_080_0,
2162,332,DEPT_05,Private,COMMODITY_180,SUB_180_1,
2163,89,DEPT_00,National,COMMODITY_068,SUB_068_2,
2164,268,DEPT_22,National,COMMODITY_044,SUB_044_3,
2165,452,DEPT_23,National,COMMODITY_010,SUB_010_4,
2166,297,DEPT_09,National,COMMODITY_109,SUB_109_5,
2167,311,DEPT_06,Private,COMMODITY_106,SUB_106_6,
2168,80,DEPT_12,National,COMMODITY_257,SUB_257_7,
2169,115,DEPT_24,Private,COMMODITY_214,SUB_214_0,
2170,238,DEPT_14,National,COMMODITY_140,SUB_140_1,
2171,295,DEPT_16,National,COMMODITY_065,SUB_065_2,
2172,216,DEPT_08,Private,COMMODITY_101,SUB_101_3,
2173,484,DEPT_15,Private,COMMODITY_036,SUB_036_4,
2174,283,DEPT_22,National,COMMODITY_102,SUB_102_5,
2175,5,DEPT_24,National,COMMODITY_129,SUB_129_6,
2176,265,DEPT_22,National,COMMODITY_247,SUB_247_7,
2177,57,DEPT_13,National,COMMODITY_266,SUB_266_0,
2178,2,DEPT_07,National,COMMODITY_136,SUB_136_1,
2179,217,DEPT_24,National,COMMODITY_087,SUB_087_2,
2180,257,DEPT_07,National,COMMODITY_284,SUB_284_3,
2181,391,DEPT_16,Private,COMMODITY_278,SUB_278_4,
2182,243,DEPT_08,Private,COMMODITY_093,SUB_093_5,
2183,1,DEPT_04,National,COMMODITY_254,SUB_254_6,
2184,128,DEPT_19,National,COMMODITY_226,SUB_226_7,
2185,453,DEPT_09,National,COMMODITY_118,SUB_118_0,
2186,216,DEPT_19,National,COMMODITY_085,SUB_085_1,
2187,94,DEPT_15,National,COMMODITY_025,SUB_025_2,
2188,46,DEPT_16,Private,COMMODITY_230,SUB_230_3,
2189,348,DEPT_07,National,COMMODITY_133,SUB_133_4,
2190,436,DEPT_24,National,COMMODITY_005,SUB_005_5,
2191,379,DEPT_02,National,COMMODITY_042,SUB_042_6,
2192,438,DEPT_15,Private,COMMODITY_038,SUB_038_7,
2193,172,DEPT_01,National,COMMODITY_241,SUB_241_0,
2194,460,DEPT_17,National,COMMODITY_077,SUB_077_1,
2195,91,DEPT_01,National,COMMODITY_181,SUB_181_2,
2196,393,DEPT_17,National,COMMODITY_261,SUB_261_3,
2197,390,DEPT_10,Private,COMMODITY_126,SUB_126_4,
2198,434,DEPT_23,Private,COMMODITY_096,SUB_096_5,
2199,161,DEPT_17,National,COMMODITY_071,SUB_071_6,
2200,316,DEPT_20,Private,COMMODITY_145,SUB_145_7,
2201,75,DEPT_20,Private,COMMODITY_242,SUB_242_0,
2202,370,DEPT_11,National,COMMODITY_032,SUB_032_1,
2203,50,DEPT_20,National,COMMODITY_242,SUB_242_2,
2204,231,DEPT_24,National,COMMODITY_170,SUB_170_3,
2205,460,DEPT_20,National,COMMODITY_264,SUB_264_4,
2206,319,DEPT_13,National,COMMODITY_028,SUB_028_5,
2207,495,DEPT_03,National,COMMODITY_296,SUB_296_6,
2208,32,DEPT_02,Private,COMMODITY_042,SUB_042_7,
2209,398,DEPT_08,National,COMMODITY_103,SUB_103_0,
2210,286,DEPT_13,National,COMMODITY_240,SUB_240_1,
2211,219,DEPT_02,National,COMMODITY_171,SUB_171_2,
2212,169,DEPT_22,National,COMMODITY_073,SUB_073_3,
2213,177,DEPT_01,Private,COMMODITY_268,SUB_268_4,
2214,39,DEPT_11,Private,COMMODITY_018,SUB_018_5,
2215,497,DEPT_06,National,COMMODITY_158,SUB_158_6,
2216,221,DEPT_05,Private,COMMODITY_180,SUB_180_7,
2217,3,DEPT_14,National,COMMODITY_290,SUB_290_0,
2218,395,DEPT_19,National,COMMODITY_043,SUB_043_1,
2219,377,DEPT_12,Private,COMMODITY_048,SUB_048_2,
2220,420,DEPT_17,National,COMMODITY_015,SUB_015_3,
2221,400,DEPT_11,National,COMMODITY_032,SUB_032_4,
2222,61,DEPT_24,Private,COMMODITY_249,SUB_249_5,
2223,38,DEPT_03,Private,COMMODITY_159,SUB_159_6,
2224,34,DEPT_18,National,COMMODITY_119,SUB_119_7,
2225,273,DEPT_20,National,COMMODITY_069,SUB_069_0,
2226,194,DEPT_17,National,COMMODITY_259,SUB_259_1,
2227,394,DEPT_02,National,COMMODITY_144,SUB_144_2,
2228,194,DEPT_22,National,COMMODITY_223,SUB_223_3,
2229,353,DEPT_06,National,COMMODITY_143,SUB_143_4,
2230,426,DEPT_13,National,COMMODITY_060,SUB_060_5,
2231,291,DEPT_12,National,COMMODITY_048,SUB_048_6,
2232,294,DEPT_15,National,COMMODITY_025,SUB_025_7,
2233,157,DEPT_22,Private,COMMODITY_006,SUB_006_0,
2234,394,DEPT_17,National,COMMODITY_051,SUB_051_1,
2235,397,DEPT_02,National,COMMODITY_191,SUB_191_2,
2236,81,DEPT_10,National,COMMODITY_148,SUB_148_3,
2237,83,DEPT_21,Private,COMMODITY_200,SUB_200_4,
2238,26,DEPT_24,Private,COMMODITY_107,SUB_107_5,
2239,338,DEPT_04,National,COMMODITY_081,SUB_081_6,
2240,476,DEPT_24,Private,COMMODITY_249,SUB_249_7,
2241,74,DEPT_12,National,COMMODITY_258,SUB_258_0,
2242,11,DEPT_14,Private,COMMODITY_140,SUB_140_1,
2243,192,DEPT_17,National,COMMODITY_261,SUB_261_2,
2244,347,DEPT_04,Private,COMMODITY_166,SUB_166_3,
2245,469,DEPT_19,National,COMMODITY_211,SUB_211_4,
2246,206,DEPT_09,National,COMMODITY_116,SUB_116_5,
2247,36,DEPT_24,Private,COMMODITY_005,SUB_005_6,
2248,212,DEPT_19,Private,COMMODITY_226,SUB_226_7,
2249,296,DEPT_04,National,COMMODITY_146,SUB_146_0,
2250,478,DEPT_14,Private,COMMODITY_206,SUB_206_1,
2251,76,DEPT_06,Private,COMMODITY_106,SUB_106_2,
2252,337,DEPT_04,National,COMMODITY_205,SUB_205_3,
2253,180,DEPT_19,National,COMMODITY_289,SUB_289_4,
2254,405,DEPT_11,National,COMMODITY_231,SUB_231_5,
2255,57,DEPT_22,National,COMMODITY_247,SUB_247_6,
2256,153,DEPT_18,National,COMMODITY_119,SUB_119_7,
2257,455,DEPT_23,National,COMMODITY_162,SUB_162_0,
2258,8,DEPT_13,National,COMMODITY_035,SUB_035_1,
2259,496,DEPT_11,National,COMMODITY_276,SUB_276_2,
2260,159,DEPT_05,Private,COMMODITY_245,SUB_245_3,
2261,272,DEPT_01,Private,COMMODITY_155,SUB_155_4,
2262,407,DEPT_08,Private,COMMODITY_103,SUB_103_5,
2263,319,DEPT_00,National,COMMODITY_167,SUB_167_6,
2264,125,DEPT_05,Private,COMMODITY_207,SUB_207_7,
2265,104,DEPT_07,Private,COMMODITY_292,SUB_292_0,
2266,109,DEPT_03,Private,COMMODITY_296,SUB_296_1,
2267,251,DEPT_19,National,COMMODITY_095,SUB_095_2,
2268,176,DEPT_11,Private,COMMODITY_210,SUB_210_3,
2269,461,DEPT_19,National,COMMODITY_287,SUB_287_4,
2270,210,DEPT_11,National,COMMODITY_272,SUB_272_5,
2271,315,DEPT_19,National,COMMODITY_187,SUB_187_6,
2272,399,DEPT_18,Private,COMMODITY_004,SUB_004_7,
2273,145,DEPT_23,National,COMMODITY_013,SUB_013_0,
2274,76,DEPT_01,National,COMMODITY_181,SUB_181_1,
2275,445,DEPT_11,National,COMMODITY_032,SUB_032_2,
2276,225,DEPT_18,Private,COMMODITY_029,SUB_029_3,
2277,130,DEPT_12,National,COMMODITY_299,SUB_299_4,
2278,322,DEPT_17,National,COMMODITY_261,SUB_261_5,
2279,367,DEPT_00,National,COMMODITY_098,SUB_098_6,
2280,126,DEPT_21,National,COMMODITY_288,SUB_288_7,
2281,362,DEPT_00,National,COMMODITY_167,SUB_167_0,
2282,208,DEPT_23,National,COMMODITY_010,SUB_010_1,
2283,64,DEPT_13,National,COMMODITY_196,SUB_196_2,
2284,67,DEPT_13,National,COMMODITY_039,SUB_039_3,
2285,316,DEPT_21,Private,COMMODITY_104,SUB_104_4,
2286,125,DEPT_24,Private,COMMODITY_249,SUB_249_5,
2287,284,DEPT_03,National,COMMODITY_296,SUB_296_6,
2288,284,DEPT_14,National,COMMODITY_206,SUB_206_7,
2289,185,DEPT_03,Private,COMMODITY_090,SUB_090_0,
2290,187,DEPT_13,Private,COMMODITY_294,SUB_294_1,
2291,190,DEPT_18,National,COMMODITY_004,SUB_004_2,
2292,220,DEPT_19,National,COMMODITY_226,SUB_226_3,
2293,43,DEPT_05,National,COMMODITY_207,SUB_207_4,
2294,443,DEPT_17,Private,COMMODITY_178,SUB_178_5,
2295,425,DEPT_17,National,COMMODITY_077,SUB_077_6,
2296,48,DEPT_03,Private,COMMODITY_161,SUB_161_7,
2297,487,DEPT_21,Private,COMMODITY_072,SUB_072_0,
2298,313,DEPT_23,Private,COMMODITY_002,SUB_002_1,
2299,129,DEPT_06,National,COMMODITY_219,SUB_219_2,
2300,260,DEPT_05,National,COMMODITY_235,SUB_235_3,
2301,206,DEPT_23,National,COMMODITY_067,SUB_067_4,
2302,80,DEPT_20,National,COMMODITY_115,SUB_115_5,
2303,147,DEPT_07,Private,COMMODITY_279,SUB_279_6,
2304,192,DEPT_14,Private,COMMODITY_031,SUB_031_7,
2305,194,DEPT_17,Private,COMMODITY_274,SUB_274_0,
2306,82,DEPT_13,National,COMMODITY_164,SUB_164_1,
2307,480,DEPT_01,National,COMMODITY_155,SUB_155_2,
2308,121,DEPT_15,National,COMMODITY_110,SUB_110_3,
2309,148,DEPT_23,National,COMMODITY_162,SUB_162_4,
2310,295,DEPT_01,National,COMMODITY_181,SUB_181_5,
2311,5,DEPT_06,National,COMMODITY_008,SUB_008_6,
2312,386,DEPT_24,National,COMMODITY_005,SUB_005_7,
2313,109,DEPT_23,National,COMMODITY_250,SUB_250_0,
2314,360,DEPT_11,National,COMMODITY_049,SUB_049_1,
2315,377,DEPT_17,National,COMMODITY_282,SUB_282_2,
2316,201,DEPT_03,National,COMMODITY_161,SUB_161_3,
2317,456,DEPT_04,National,COMMODITY_080,SUB_080_4,
2318,400,DEPT_20,National,COMMODITY_182,SUB_182_5,
2319,108,DEPT_08,Private,COMMODITY_103,SUB_103_6,
2320,348,DEPT_16,National,COMMODITY_024,SUB_024_7,
2321,201,DEPT_16,National,COMMODITY_280,SUB_280_0,
2322,80,DEPT_19,National,COMMODITY_190,SUB_190_1,
2323,498,DEPT_17,National,COMMODITY_282,SUB_282_2,
2324,264,DEPT_00,National,COMMODITY_252,SUB_252_3,
2325,3,DEPT_23,Private,COMMODITY_096,SUB_096_4,
2326,238,DEPT_15,National,COMMODITY_086,SUB_086_5,
2327,235,DEPT_06,Private,COMMODITY_197,SUB_197_6,
2328,290,DEPT_11,National,COMMODITY_156,SUB_156_7,
2329,419,DEPT_00,Private,COMMODITY_021,SUB_021_0,
2330,114,DEPT_09,National,COMMODITY_271,SUB_271_1,
2331,309,DEPT_03,National,COMMODITY_161,SUB_161_2,
2332,169,DEPT_11,National,COMMODITY_210,SUB_210_3,
2333,351,DEPT_16,National,COMMODITY_280,SUB_280_4,
2334,163,DEPT_00,National,COMMODITY_062,SUB_062_5,
2335,293,DEPT_17,National,COMMODITY_282,SUB_282_6,
2336,487,DEPT_19,National,COMMODITY_289,SUB_289_7,
2337,164,DEPT_17,Private,COMMODITY_178,SUB_178_0,
2338,2,DEPT_22,National,COMMODITY_102,SUB_102_1,
2339,486,DEPT_13,National,COMMODITY_193,SUB_193_2,
2340,319,DEPT_22,National,COMMODITY_247,SUB_247_3,
2341,280,DEPT_14,National,COMMODITY_030,SUB_030_4,
2342,296,DEPT_23,Private,COMMODITY_135,SUB_135_5,
2343,468,DEPT_14,National,COMMODITY_031,SUB_031_6,
2344,162,DEPT_24,National,COMMODITY_236,SUB_236_7,
2345,350,DEPT_19,Private,COMMODITY_160,SUB_160_0,
2346,245,DEPT_11,National,COMMODITY_276,SUB_276_1,
2347,499,DEPT_20,National,COMMODITY_145,SUB_145_2,
2348,443,DEPT_14,Private,COMMODITY_270,SUB_270_3,
2349,337,DEPT_08,National,COMMODITY_237,SUB_237_4,
2350,145,DEPT_01,National,COMMODITY_241,SUB_241_5,
2351,439,DEPT_02,Private,COMMODITY_218,SUB_218_6,
2352,240,DEPT_23,National,COMMODITY_096,SUB_096_7,
2353,233,DEPT_20,National,COMMODITY_069,SUB_069_0,
2354,68,DEPT_21,National,COMMODITY_273,SUB_273_1,
2355,140,DEPT_14,Private,COMMODITY_270,SUB_270_2,
2356,368,DEPT_08,Private,COMMODITY_046,SUB_046_3,
2357,42,DEPT_08,Private,COMMODITY_053,SUB_053_4,
2358,39,DEPT_11,Private,COMMODITY_078,SUB_078_5,
2359,484,DEPT_17,National,COMMODITY_015,SUB_015_6,
2360,79,DEPT_13,Private,COMMODITY_193,SUB_193_7,
2361,410,DEPT_08,National,COMMODITY_277,SUB_277_0,
2362,179,DEPT_05,Private,COMMODITY_224,SUB_224_1,
2363,474,DEPT_15,National,COMMODITY_038,SUB_038_2,
2364,245,DEPT_17,National,COMMODITY_015,SUB_015_3,
2365,285,DEPT_14,National,COMMODITY_270,SUB_270_4,
2366,303,DEPT_04,Private,COMMODITY_080,SUB_080_5,
2367,259,DEPT_01,Private,COMMODITY_241,SUB_241_6,
2368,2,DEPT_15,Private,COMMODITY_110,SUB_110_7,
2369,295,DEPT_17,National,COMMODITY_233,SUB_233_0,
2370,415,DEPT_04,Private,COMMODITY_254,SUB_254_1,
2371,485,DEPT_05,Private,COMMODITY_262,SUB_262_2,
2372,359,DEPT_00,National,COMMODITY_000,SUB_000_3,
2373,47,DEPT_20,National,COMMODITY_088,SUB_088_4,
2374,181,DEPT_13,National,COMMODITY_266,SUB_266_5,
2375,97,DEPT_05,National,COMMODITY_177,SUB_177_6,
2376,238,DEPT_08,Private,COMMODITY_100,SUB_100_7,
2377,350,DEPT_09,National,COMMODITY_271,SUB_271_0,
2378,153,DEPT_01,National,COMMODITY_184,SUB_184_1,
2379,175,DEPT_21,National,COMMODITY_007,SUB_007_2,
2380,489,DEPT_16,Private,COMMODITY_280,SUB_280_3,
2381,61,DEPT_04,National,COMMODITY_244,SUB_244_4,
2382,215,DEPT_11,Private,COMMODITY_018,SUB_018_5,
2383,467,DEPT_07,National,COMMODITY_292,SUB_292_6,
2384,28,DEPT_08,Private,COMMODITY_163,SUB_163_7,
2385,366,DEPT_13,National,COMMODITY_285,SUB_285_0,
2386,378,DEPT_07,National,COMMODITY_066,SUB_066_1,
2387,216,DEPT_08,National,COMMODITY_037,SUB_037_2,
2388,154,DEPT_11,National,COMMODITY_210,SUB_210_3,
2389,431,DEPT_20,Private,COMMODITY_027,SUB_027_4,
2390,199,DEPT_05,National,COMMODITY_245,SUB_245_5,
2391,185,DEPT_19,National,COMMODITY_089,SUB_089_6,
2392,462,DEPT_22,Private,COMMODITY_073,SUB_073_7,
2393,432,DEPT_11,National,COMMODITY_183,SUB_183_0,
2394,29,DEPT_12,Private,COMMODITY_257,SUB_257_1,
2395,230,DEPT_13,National,COMMODITY_240,SUB_240_2,
2396,239,DEPT_08,Private,COMMODITY_053,SUB_053_3,
2397,95,DEPT_16,Private,COMMODITY_230,SUB_230_4,
2398,440,DEPT_02,Private,COMMODITY_144,SUB_144_5,
2399,257,DEPT_22,Private,COMMODITY_189,SUB_189_6,
2400,272,DEPT_13,National,COMMODITY_039,SUB_039_7,
2401,46,DEPT_14,National,COMMODITY_141,SUB_141_0,
2402,177,DEPT_16,Private,COMMODITY_092,SUB_092_1,
2403,332,DEPT_05,Private,COMMODITY_074,SUB_074_2,
2404,304,DEPT_17,Private,COMMODITY_112,SUB_112_3,
2405,483,DEPT_20,National,COMMODITY_027,SUB_027_4,
2406,407,DEPT_10,National,COMMODITY_208,SUB_208_5,
2407,6,DEPT_11,Private,COMMODITY_210,SUB_210_6,
2408,121,DEPT_19,National,COMMODITY_095,SUB_095_7,
2409,296,DEPT_05,National,COMMODITY_199,SUB_199_0,
2410,495,DEPT_06,National,COMMODITY_158,SUB_158_1,
2411,165,DEPT_01,Private,COMMODITY_181,SUB_181_2,
2412,403,DEPT_20,National,COMMODITY_195,SUB_195_3,
2413,42,DEPT_21,National,COMMODITY_200,SUB_200_4,
2414,18,DEPT_05,Private,COMMODITY_235,SUB_235_5,
2415,373,DEPT_05,Private,COMMODITY_180,SUB_180_6,
2416,220,DEPT_20,National,COMMODITY_088,SUB_088_7,
2417,354,DEPT_21,National,COMMODITY_273,SUB_273_0,
2418,243,DEPT_24,Private,COMMODITY_016,SUB_016_1,
2419,447,DEPT_19,Private,COMMODITY_187,SUB_187_2,
2420,158,DEPT_17,National,COMMODITY_071,SUB_071_3,
2421,162,DEPT_00,National,COMMODITY_047,SUB_047_4,
2422,493,DEPT_08,National,COMMODITY_163,SUB_163_5,
2423,341,DEPT_23,National,COMMODITY_162,SUB_162_6,
2424,330,DEPT_16,National,COMMODITY_263,SUB_263_7,
2425,333,DEPT_20,Private,COMMODITY_195,SUB_195_0,
2426,440,DEPT_06,National,COMMODITY_197,SUB_197_1,
2427,26,DEPT_14,National,COMMODITY_154,SUB_154_2,
2428,62,DEPT_20,National,COMMODITY_182,SUB_182_3,
2429,447,DEPT_23,Private,COMMODITY_175,SUB_175_4,
2430,271,DEPT_15,National,COMMODITY_009,SUB_009_5,
2431,318,DEPT_20,National,COMMODITY_195,SUB_195_6,
2432,239,DEPT_23,National,COMMODITY_149,SUB_149_7,
2433,214,DEPT_17,National,COMMODITY_261,SUB_261_0,
2434,363,DEPT_06,National,COMMODITY_099,SUB_099_1,
2435,235,DEPT_04,National,COMMODITY_166,SUB_166_2,
2436,198,DEPT_21,National,COMMODITY_104,SUB_104_3,
2437,199,DEPT_01,Private,COMMODITY_181,SUB_181_4,
2438,447,DEPT_19,National,COMMODITY_287,SUB_287_5,
2439,326,DEPT_16,National,COMMODITY_092,SUB_092_6,
2440,435,DEPT_11,National,COMMODITY_049,SUB_049_7,
2441,253,DEPT_21,National,COMMODITY_238,SUB_238_0,
2442,69,DEPT_11,National,COMMODITY_026,SUB_026_1,
2443,12,DEPT_14,Private,COMMODITY_140,SUB_140_2,
2444,171,DEPT_06,Private,COMMODITY_091,SUB_091_3,
2445,291,DEPT_19,Private,COMMODITY_095,SUB_095_4,
2446,135,DEPT_21,Private,COMMODITY_192,SUB_192_5,
2447,403,DEPT_09,National,COMMODITY_109,SUB_109_6,
2448,181,DEPT_04,Private,COMMODITY_080,SUB_080_7,
2449,217,DEPT_08,National,COMMODITY_101,SUB_101_0,
2450,382,DEPT_19,Private,COMMODITY_211,SUB_211_1,
2451,366,DEPT_07,Private,COMMODITY_136,SUB_136_2,
2452,93,DEPT_10,National,COMMODITY_208,SUB_208_3,
2453,343,DEPT_03,National,COMMODITY_296,SUB_296_4,
2454,30,DEPT_24,National,COMMODITY_131,SUB_131_5,
2455,118,DEPT_05,National,COMMODITY_180,SUB_180_6,
2456,273,DEPT_23,Private,COMMODITY_250,SUB_250_7,
2457,182,DEPT_20,National,COMMODITY_115,SUB_115_0,
2458,393,DEPT_13,National,COMMODITY_097,SUB_097_1,
2459,297,DEPT_07,National,COMMODITY_136,SUB_136_2,
2460,51,DEPT_15,National,COMMODITY_186,SUB_186_3,
2461,338,DEPT_17,Private,COMMODITY_178,SUB_178_4,
2462,417,DEPT_23,Private,COMMODITY_162,SUB_162_5,
2463,329,DEPT_09,Private,COMMODITY_056,SUB_056_6,
2464,81,DEPT_00,Private,COMMODITY_021,SUB_021_7,
2465,374,DEPT_01,Private,COMMODITY_147,SUB_147_0,
2466,33,DEPT_21,Private,COMMODITY_104,SUB_104_1,
2467,150,DEPT_23,National,COMMODITY_010,SUB_010_2,
2468,284,DEPT_24,Private,COMMODITY_168,SUB_168_3,
2469,231,DEPT_11,National,COMMODITY_049,SUB_049_4,
2470,372,DEPT_07,National,COMMODITY_292,SUB_292_5,
2471,229,DEPT_09,National,COMMODITY_232,SUB_232_6,
2472,1,DEPT_05,National,COMMODITY_235,SUB_235_7,
2473,267,DEPT_23,National,COMMODITY_213,SUB_213_0,
2474,158,DEPT_02,National,COMMODITY_144,SUB_144_1,
2475,59,DEPT_19,National,COMMODITY_095,SUB_095_2,
2476,67,DEPT_05,National,COMMODITY_058,SUB_058_3,
2477,176,DEPT_00,National,COMMODITY_079,SUB_079_4,
2478,271,DEPT_04,National,COMMODITY_080,SUB_080_5,
2479,35,DEPT_19,National,COMMODITY_211,SUB_211_6,
2480,387,DEPT_17,National,COMMODITY_012,SUB_012_7,
2481,41,DEPT_12,Private,COMMODITY_299,SUB_299_0,
2482,285,DEPT_18,National,COMMODITY_174,SUB_174_1,
2483,258,DEPT_06,National,COMMODITY_111,SUB_111_2,
2484,131,DEPT_22,National,COMMODITY_127,SUB_127_3,
2485,497,DEPT_05,National,COMMODITY_180,SUB_180_4,
2486,124,DEPT_06,National,COMMODITY_197,SUB_197_5,
2487,401,DEPT_24,Private,COMMODITY_236,SUB_236_6,
2488,327,DEPT_03,National,COMMODITY_159,SUB_159_7,
2489,183,DEPT_22,Private,COMMODITY_003,SUB_003_0,
2490,417,DEPT_23,National,COMMODITY_125,SUB_125_1,
2491,498,DEPT_05,National,COMMODITY_235,SUB_235_2,
2492,279,DEPT_11,National,COMMODITY_105,SUB_105_3,
2493,137,DEPT_19,National,COMMODITY_089,SUB_089_4,
2494,324,DEPT_17,National,COMMODITY_012,SUB_012_5,
2495,175,DEPT_15,National,COMMODITY_054,SUB_054_6,
2496,223,DEPT_13,National,COMMODITY_294,SUB_294_7,
2497,319,DEPT_08,Private,COMMODITY_239,SUB_239_0,
2498,315,DEPT_00,Private,COMMODITY_022,SUB_022_1,
2499,353,DEPT_19,National,COMMODITY_289,SUB_289_2,
2500,483,DEPT_21,National,COMMODITY_007,SUB_007_3,
2501,181,DEPT_24,National,COMMODITY_170,SUB_170_4,
2502,403,DEPT_05,National,COMMODITY_064,SUB_064_5,
2503,322,DEPT_05,National,COMMODITY_180,SUB_180_6,
2504,5,DEPT_04,National,COMMODITY_040,SUB_040_7,
2505,300,DEPT_16,National,COMMODITY_092,SUB_092_0,
2506,267,DEPT_21,Private,COMMODITY_238,SUB_238_1,
2507,470,DEPT_21,Private,COMMODITY_288,SUB_288_2,
2508,256,DEPT_21,National,COMMODITY_045,SUB_045_3,
2509,222,DEPT_17,Private,COMMODITY_274,SUB_274_4,
2510,43,DEPT_08,Private,COMMODITY_101,SUB_101_5,
2511,263,DEPT_23,Private,COMMODITY_014,SUB_014_6,
2512,412,DEPT_22,National,COMMODITY_003,SUB_003_7,
2513,432,DEPT_05,National,COMMODITY_199,SUB_199_0,
2514,215,DEPT_07,National,COMMODITY_279,SUB_279_1,
2515,166,DEPT_21,National,COMMODITY_104,SUB_104_2,
2516,350,DEPT_23,Private,COMMODITY_096,SUB_096_3,
2517,394,DEPT_17,National,COMMODITY_020,SUB_020_4,
2518,130,DEPT_00,National,COMMODITY_252,SUB_252_5,
2519,238,DEPT_15,National,COMMODITY_139,SUB_139_6,
2520,473,DEPT_21,National,COMMODITY_288,SUB_288_7,
2521,97,DEPT_09,National,COMMODITY_246,SUB_246_0,
2522,168,DEPT_02,National,COMMODITY_218,SUB_218_1,
2523,393,DEPT_13,National,COMMODITY_215,SUB_215_2,
2524,336,DEPT_11,Private,COMMODITY_078,SUB_078_3,
2525,446,DEPT_06,National,COMMODITY_260,SUB_260_4,
2526,179,DEPT_01,National,COMMODITY_147,SUB_147_5,
2527,233,DEPT_07,National,COMMODITY_066,SUB_066_6,
2528,57,DEPT_11,Private,COMMODITY_234,SUB_234_7,
2529,45,DEPT_23,National,COMMODITY_002,SUB_002_0,
2530,13,DEPT_14,National,COMMODITY_209,SUB_209_1,
2531,76,DEPT_13,National,COMMODITY_298,SUB_298_2,
2532,440,DEPT_05,National,COMMODITY_248,SUB_248_3,
2533,431,DEPT_00,National,COMMODITY_220,SUB_220_4,
2534,290,DEPT_08,National,COMMODITY_163,SUB_163_5,
2535,270,DEPT_21,Private,COMMODITY_045,SUB_045_6,
2536,296,DEPT_06,Private,COMMODITY_197,SUB_197_7,
2537,499,DEPT_08,National,COMMODITY_100,SUB_100_0,
2538,71,DEPT_19,National,COMMODITY_108,SUB_108_1,
2539,389,DEPT_07,National,COMMODITY_292,SUB_292_2,
2540,156,DEPT_00,National,COMMODITY_057,SUB_057_3,
2541,162,DEPT_12,National,COMMODITY_286,SUB_286_4,
2542,363,DEPT_14,National,COMMODITY_209,SUB_209_5,
2543,287,DEPT_24,National,COMMODITY_168,SUB_168_6,
2544,193,DEPT_00,National,COMMODITY_000,SUB_000_7,
2545,253,DEPT_01,Private,COMMODITY_251,SUB_251_0,
2546,242,DEPT_05,National,COMMODITY_235,SUB_235_1,
2547,140,DEPT_24,National,COMMODITY_016,SUB_016_2,
2548,108,DEPT_23,National,COMMODITY_002,SUB_002_3,
2549,365,DEPT_00,National,COMMODITY_076,SUB_076_4,
2550,34,DEPT_15,National,COMMODITY_185,SUB_185_5,
2551,56,DEPT_08,National,COMMODITY_100,SUB_100_6,
2552,259,DEPT_17,Private,COMMODITY_178,SUB_178_7,
2553,64,DEPT_20,Private,COMMODITY_195,SUB_195_0,
2554,400,DEPT_14,National,COMMODITY_031,SUB_031_1,
2555,94,DEPT_20,National,COMMODITY_269,SUB_269_2,
2556,19,DEPT_05,National,COMMODITY_177,SUB_177_3,
2557,79,DEPT_15,National,COMMODITY_038,SUB_038_4,
2558,72,DEPT_12,Private,COMMODITY_227,SUB_227_5,
2559,477,DEPT_05,National,COMMODITY_137,SUB_137_6,
2560,445,DEPT_19,Private,COMMODITY_160,SUB_160_7,
2561,239,DEPT_16,National,COMMODITY_280,SUB_280_0,
2562,388,DEPT_24,National,COMMODITY_201,SUB_201_1,
2563,496,DEPT_24,National,COMMODITY_201,SUB_201_2,
2564,391,DEPT_21,National,COMMODITY_212,SUB_212_3,
2565,475,DEPT_16,Private,COMMODITY_230,SUB_230_4,
2566,447,DEPT_13,National,COMMODITY_061,SUB_061_5,
2567,161,DEPT_06,National,COMMODITY_293,SUB_293_6,
2568,404,DEPT_08,National,COMMODITY_277,SUB_277_7,
2569,427,DEPT_24,National,COMMODITY_214,SUB_214_0,
2570,154,DEPT_00,Private,COMMODITY_098,SUB_098_1,
2571,88,DEPT_15,Private,COMMODITY_009,SUB_009_2,
2572,291,DEPT_23,Private,COMMODITY_175,SUB_175_3,
2573,144,DEPT_05,National,COMMODITY_245,SUB_245_4,
2574,488,DEPT_14,Private,COMMODITY_030,SUB_030_5,
2575,191,DEPT_19,National,COMMODITY_226,SUB_226_6,
2576,149,DEPT_13,National,COMMODITY_298,SUB_298_7,
2577,398,DEPT_00,Private,COMMODITY_047,SUB_047_0,
2578,288,DEPT_13,National,COMMODITY_196,SUB_196_1,
2579,27,DEPT_23,National,COMMODITY_152,SUB_152_2,
2580,383,DEPT_21,National,COMMODITY_138,SUB_138_3,
2581,454,DEPT_17,Private,COMMODITY_282,SUB_282_4,
2582,310,DEPT_02,National,COMMODITY_169,SUB_169_5,
2583,82,DEPT_16,Private,COMMODITY_024,SUB_024_6,
2584,290,DEPT_06,National,COMMODITY_008,SUB_008_7,
2585,344,DEPT_16,Private,COMMODITY_083,SUB_083_0,
2586,206,DEPT_21,National,COMMODITY_072,SUB_072_1,
2587,19,DEPT_21,National,COMMODITY_238,SUB_238_2,
2588,301,DEPT_07,Private,COMMODITY_292,SUB_292_3,
2589,339,DEPT_14,Private,COMMODITY_141,SUB_141_4,
2590,108,DEPT_16,National,COMMODITY_024,SUB_024_5,
2591,174,DEPT_05,Private,COMMODITY_222,SUB_222_6,
2592,115,DEPT_02,National,COMMODITY_042,SUB_042_7,
2593,294,DEPT_21,National,COMMODITY_238,SUB_238_0,
2594,52,DEPT_02,National,COMMODITY_171,SUB_171_1,
2595,412,DEPT_06,National,COMMODITY_106,SUB_106_2,
2596,328,DEPT_09,National,COMMODITY_232,SUB_232_3,
2597,330,DEPT_22,National,COMMODITY_017,SUB_017_4,
2598,187,DEPT_07,National,COMMODITY_255,SUB_255_5,
2599,486,DEPT_04,Private,COMMODITY_059,SUB_059_6,
2600,445,DEPT_12,National,COMMODITY_258,SUB_258_7,
2601,310,DEPT_07,National,COMMODITY_136,SUB_136_0,
2602,56,DEPT_21,National,COMMODITY_228,SUB_228_1,
2603,156,DEPT_08,National,COMMODITY_070,SUB_070_2,
2604,12,DEPT_21,National,COMMODITY_104,SUB_104_3,
2605,387,DEPT_05,National,COMMODITY_297,SUB_297_4,
2606,126,DEPT_18,National,COMMODITY_174,SUB_174_5,
2607,217,DEPT_13,Private,COMMODITY_097,SUB_097_6,
2608,175,DEPT_16,National,COMMODITY_243,SUB_243_7,
2609,261,DEPT_01,Private,COMMODITY_147,SUB_147_0,
2610,337,DEPT_13,Private,COMMODITY_041,SUB_041_1,
2611,428,DEPT_11,National,COMMODITY_276,SUB_276_2,
2612,133,DEPT_16,Private,COMMODITY_024,SUB_024_3,
2613,366,DEPT_23,Private,COMMODITY_175,SUB_175_4,
2614,452,DEPT_05,National,COMMODITY_137,SUB_137_5,
2615,213,DEPT_05,Private,COMMODITY_177,SUB_177_6,
2616,360,DEPT_08,National,COMMODITY_093,SUB_093_7,
2617,199,DEPT_23,Private,COMMODITY_096,SUB_096_0,
2618,492,DEPT_03,National,COMMODITY_001,SUB_001_1,
2619,271,DEPT_08,National,COMMODITY_291,SUB_291_2,
2620,483,DEPT_01,National,COMMODITY_155,SUB_155_3,
2621,15,DEPT_06,Private,COMMODITY_260,SUB_260_4,
2622,405,DEPT_06,Private,COMMODITY_111,SUB_111_5,
2623,295,DEPT_17,National,COMMODITY_275,SUB_275_6,
2624,443,DEPT_20,Private,COMMODITY_264,SUB_264_7,
2625,185,DEPT_20,National,COMMODITY_145,SUB_145_0,
2626,168,DEPT_08,Private,COMMODITY_100,SUB_100_1,
2627,365,DEPT_11,Private,COMMODITY_026,SUB_026_2,
2628,202,DEPT_14,National,COMMODITY_198,SUB_198_3,
2629,377,DEPT_02,Private,COMMODITY_151,SUB_151_4,
2630,407,DEPT_24,National,COMMODITY_170,SUB_170_5,
2631,80,DEPT_22,Private,COMMODITY_073,SUB_073_6,
2632,235,DEPT_19,National,COMMODITY_089,SUB_089_7,
2633,309,DEPT_02,Private,COMMODITY_169,SUB_169_0,
2634,198,DEPT_14,National,COMMODITY_140,SUB_140_1,
2635,59,DEPT_15,Private,COMMODITY_186,SUB_186_2,
2636,44,DEPT_15,National,COMMODITY_110,SUB_110_3,
2637,495,DEPT_19,National,COMMODITY_187,SUB_187_4,
2638,157,DEPT_17,Private,COMMODITY_071,SUB_071_5,
2639,403,DEPT_19,Private,COMMODITY_108,SUB_108_6,
2640,120,DEPT_11,National,COMMODITY_026,SUB_026_7,
2641,183,DEPT_08,National,COMMODITY_237,SUB_237_0,
2642,195,DEPT_17,National,COMMODITY_015,SUB_015_1,
2643,493,DEPT_23,National,COMMODITY_014,SUB_014_2,
2644,351,DEPT_07,National,COMMODITY_066,SUB_066_3,
2645,453,DEPT_10,National,COMMODITY_208,SUB_208_4,
2646,387,DEPT_16,Private,COMMODITY_024,SUB_024_5,
2647,381,DEPT_12,National,COMMODITY_286,SUB_286_6,
2648,232,DEPT_21,National,COMMODITY_045,SUB_045_7,
2649,164,DEPT_01,National,COMMODITY_241,SUB_241_0,
2650,90,DEPT_08,National,COMMODITY_037,SUB_037_1,
2651,296,DEPT_21,National,COMMODITY_072,SUB_072_2,
2652,66,DEPT_06,National,COMMODITY_111,SUB_111_3,
2653,327,DEPT_20,National,COMMODITY_253,SUB_253_4,
2654,85,DEPT_17,National,COMMODITY_071,SUB_071_5,
2655,302,DEPT_21,National,COMMODITY_200,SUB_200_6,
2656,56,DEPT_03,National,COMMODITY_001,SUB_001_7,
2657,330,DEPT_22,National,COMMODITY_073,SUB_073_0,
2658,429,DEPT_15,National,COMMODITY_009,SUB_009_1,
2659,461,DEPT_17,Private,COMMODITY_071,SUB_071_2,
2660,147,DEPT_05,National,COMMODITY_297,SUB_297_3,
2661,270,DEPT_15,National,COMMODITY_186,SUB_186_4,
2662,252,DEPT_22,National,COMMODITY_073,SUB_073_5,
2663,186,DEPT_19,Private,COMMODITY_226,SUB_226_6,
2664,57,DEPT_17,National,COMMODITY_012,SUB_012_7,
2665,415,DEPT_13,Private,COMMODITY_060,SUB_060_0,
2666,435,DEPT_19,Private,COMMODITY_187,SUB_187_1,
2667,434,DEPT_14,Private,COMMODITY_202,SUB_202_2,
2668,13,DEPT_02,National,COMMODITY_165,SUB_165_3,
2669,183,DEPT_23,National,COMMODITY_010,SUB_010_4,
2670,67,DEPT_09,National,COMMODITY_116,SUB_116_5,
2671,496,DEPT_13,Private,COMMODITY_225,SUB_225_6,
2672,166,DEPT_06,National,COMMODITY_219,SUB_219_7,
2673,300,DEPT_20,National,COMMODITY_027,SUB_027_0,
2674,405,DEPT_10,National,COMMODITY_281,SUB_281_1,
2675,453,DEPT_19,Private,COMMODITY_190,SUB_190_2,
2676,157,DEPT_09,Private,COMMODITY_118,SUB_118_3,
2677,92,DEPT_15,Private,COMMODITY_283,SUB_283_4,
2678,143,DEPT_17,National,COMMODITY_112,SUB_112_5,
2679,271,DEPT_08,National,COMMODITY_101,SUB_101_6,
2680,45,DEPT_14,National,COMMODITY_154,SUB_154_7,
2681,173,DEPT_22,National,COMMODITY_003,SUB_003_0,
2682,181,DEPT_08,Private,COMMODITY_070,SUB_070_1,
2683,204,DEPT_23,Private,COMMODITY_125,SUB_125_2,
2684,346,DEPT_00,Private,COMMODITY_052,SUB_052_3,
2685,197,DEPT_08,National,COMMODITY_237,SUB_237_4,
2686,411,DEPT_09,Private,COMMODITY_116,SUB_116_5,
2687,406,DEPT_13,National,COMMODITY_164,SUB_164_6,
2688,393,DEPT_17,National,COMMODITY_203,SUB_203_7,
2689,498,DEPT_20,Private,COMMODITY_027,SUB_027_0,
2690,377,DEPT_18,National,COMMODITY_004,SUB_004_1,
2691,102,DEPT_05,Private,COMMODITY_207,SUB_207_2,
2692,16,DEPT_13,National,COMMODITY_041,SUB_041_3,
2693,488,DEPT_17,National,COMMODITY_275,SUB_275_4,
2694,353,DEPT_20,National,COMMODITY_242,SUB_242_5,
2695,38,DEPT_02,National,COMMODITY_033,SUB_033_6,
2696,212,DEPT_06,Private,COMMODITY_099,SUB_099_7,
2697,458,DEPT_19,National,COMMODITY_289,SUB_289_0,
2698,121,DEPT_00,Private,COMMODITY_167,SUB_167_1,
2699,171,DEPT_08,National,COMMODITY_070,SUB_070_2,
2700,454,DEPT_24,National,COMMODITY_016,SUB_016_3,
2701,156,DEPT_18,National,COMMODITY_029,SUB_029_4,
2702,325,DEPT_02,National,COMMODITY_165,SUB_165_5,
2703,496,DEPT_05,Private,COMMODITY_248,SUB_248_6,
2704,413,DEPT_06,National,COMMODITY_008,SUB_008_7,
2705,269,DEPT_21,National,COMMODITY_104,SUB_104_0,
2706,34,DEPT_00,Private,COMMODITY_062,SUB_062_1,
2707,497,DEPT_21,National,COMMODITY_212,SUB_212_2,
2708,77,DEPT_01,National,COMMODITY_134,SUB_134_3,
2709,92,DEPT_05,National,COMMODITY_058,SUB_058_4,
2710,457,DEPT_18,National,COMMODITY_157,SUB_157_5,
2711,405,DEPT_13,National,COMMODITY_240,SUB_240_6,
2712,463,DEPT_08,National,COMMODITY_037,SUB_037_7,
2713,344,DEPT_08,Private,COMMODITY_034,SUB_034_0,
2714,183,DEPT_05,National,COMMODITY_137,SUB_137_1,
2715,487,DEPT_22,National,COMMODITY_044,SUB_044_2,
2716,304,DEPT_11,Private,COMMODITY_234,SUB_234_3,
2717,422,DEPT_02,National,COMMODITY_191,SUB_191_4,
2718,30,DEPT_19,National,COMMODITY_211,SUB_211_5,
2719,2,DEPT_01,Private,COMMODITY_128,SUB_128_6,
2720,290,DEPT_15,Private,COMMODITY_110,SUB_110_7,
2721,362,DEPT_17,Private,COMMODITY_071,SUB_071_0,
2722,63,DEPT_10,National,COMMODITY_148,SUB_148_1,
2723,342,DEPT_02,National,COMMODITY_176,SUB_176_2,
2724,243,DEPT_08,National,COMMODITY_239,SUB_239_3,
2725,101,DEPT_21,Private,COMMODITY_256,SUB_256_4,
2726,18,DEPT_11,National,COMMODITY_078,SUB_078_5,
2727,474,DEPT_13,Private,COMMODITY_266,SUB_266_6,
2728,381,DEPT_02,National,COMMODITY_042,SUB_042_7,
2729,200,DEPT_23,National,COMMODITY_175,SUB_175_0,
2730,193,DEPT_14,National,COMMODITY_290,SUB_290_1,
2731,290,DEPT_05,National,COMMODITY_177,SUB_177_2,
2732,465,DEPT_17,Private,COMMODITY_261,SUB_261_3,
2733,220,DEPT_08,National,COMMODITY_123,SUB_123_4,
2734,40,DEPT_05,National,COMMODITY_262,SUB_262_5,
2735,498,DEPT_05,Private,COMMODITY_199,SUB_199_6,
2736,462,DEPT_06,National,COMMODITY_143,SUB_143_7,
2737,81,DEPT_01,National,COMMODITY_184,SUB_184_0,
2738,17,DEPT_23,National,COMMODITY_010,SUB_010_1,
2739,456,DEPT_08,Private,COMMODITY_046,SUB_046_2,
2740,453,DEPT_05,National,COMMODITY_222,SUB_222_3,
2741,278,DEPT_12,National,COMMODITY_258,SUB_258_4,
2742,325,DEPT_08,National,COMMODITY_237,SUB_237_5,
2743,411,DEPT_23,Private,COMMODITY_135,SUB_135_6,
2744,297,DEPT_19,National,COMMODITY_289,SUB_289_7,
2745,299,DEPT_24,National,COMMODITY_087,SUB_087_0,
2746,101,DEPT_23,Private,COMMODITY_010,SUB_010_1,
2747,273,DEPT_00,National,COMMODITY_057,SUB_057_2,
2748,460,DEPT_16,National,COMMODITY_243,SUB_243_3,
2749,142,DEPT_16,National,COMMODITY_024,SUB_024_4,
2750,26,DEPT_08,National,COMMODITY_101,SUB_101_5,
2751,199,DEPT_07,Private,COMMODITY_136,SUB_136_6,
2752,420,DEPT_05,National,COMMODITY_199,SUB_199_7,
2753,128,DEPT_02,National,COMMODITY_191,SUB_191_0,
2754,494,DEPT_14,National,COMMODITY_270,SUB_270_1,
2755,359,DEPT_21,Private,COMMODITY_204,SUB_204_2,
2756,179,DEPT_18,National,COMMODITY_075,SUB_075_3,
2757,69,DEPT_21,National,COMMODITY_007,SUB_007_4,
2758,334,DEPT_13,National,COMMODITY_298,SUB_298_5,
2759,198,DEPT_04,National,COMMODITY_244,SUB_244_6,
2760,430,DEPT_13,National,COMMODITY_011,SUB_011_7,
2761,400,DEPT_23,National,COMMODITY_014,SUB_014_0,
2762,276,DEPT_08,Private,COMMODITY_034,SUB_034_1,
2763,337,DEPT_22,National,COMMODITY_006,SUB_006_2,
2764,9,DEPT_02,National,COMMODITY_144,SUB_144_3,
2765,289,DEPT_20,National,COMMODITY_145,SUB_145_4,
2766,124,DEPT_13,National,COMMODITY_215,SUB_215_5,
2767,23,DEPT_00,National,COMMODITY_052,SUB_052_6,
2768,306,DEPT_08,National,COMMODITY_277,SUB_277_7,
2769,234,DEPT_11,Private,COMMODITY_018,SUB_018_0,
2770,79,DEPT_04,National,COMMODITY_254,SUB_254_1,
2771,341,DEPT_15,Private,COMMODITY_139,SUB_139_2,
2772,36,DEPT_08,National,COMMODITY_291,SUB_291_3,
2773,349,DEPT_04,National,COMMODITY_040,SUB_040_4,
2774,494,DEPT_21,Private,COMMODITY_132,SUB_132_5,
2775,339,DEPT_04,National,COMMODITY_166,SUB_166_6,
2776,1,DEPT_22,Private,COMMODITY_121,SUB_121_7,
2777,440,DEPT_06,National,COMMODITY_008,SUB_008_0,
2778,14,DEPT_02,National,COMMODITY_176,SUB_176_1,
2779,269,DEPT_04,National,COMMODITY_229,SUB_229_2,
2780,44,DEPT_05,National,COMMODITY_207,SUB_207_3,
2781,237,DEPT_14,National,COMMODITY_194,SUB_194_4,
2782,352,DEPT_14,Private,COMMODITY_270,SUB_270_5,
2783,204,DEPT_02,National,COMMODITY_042,SUB_042_6,
2784,4,DEPT_05,National,COMMODITY_177,SUB_177_7,
2785,155,DEPT_17,National,COMMODITY_203,SUB_203_0,
2786,322,DEPT_09,Private,COMMODITY_271,SUB_271_1,
2787,277,DEPT_14,National,COMMODITY_290,SUB_290_2,
2788,436,DEPT_02,Private,COMMODITY_124,SUB_124_3,
2789,30,DEPT_21,Private,COMMODITY_007,SUB_007_4,
2790,451,DEPT_11,National,COMMODITY_231,SUB_231_5,
2791,284,DEPT_17,National,COMMODITY_261,SUB_261_6,
2792,53,DEPT_12,National,COMMODITY_299,SUB_299_7,
2793,428,DEPT_17,National,COMMODITY_216,SUB_216_0,
2794,122,DEPT_05,National,COMMODITY_023,SUB_023_1,
2795,171,DEPT_19,National,COMMODITY_289,SUB_289_2,
2796,87,DEPT_21,National,COMMODITY_212,SUB_212_3,
2797,443,DEPT_21,Private,COMMODITY_288,SUB_288_4,
2798,292,DEPT_14,Private,COMMODITY_270,SUB_270_5,
2799,160,DEPT_24,National,COMMODITY_221,SUB_221_6,
2800,420,DEPT_01,National,COMMODITY_268,SUB_268_7,
2801,211,DEPT_06,National,COMMODITY_158,SUB_158_0,
2802,81,DEPT_17,National,COMMODITY_261,SUB_261_1,
2803,343,DEPT_13,Private,COMMODITY_240,SUB_240_2,
2804,216,DEPT_16,National,COMMODITY_083,SUB_083_3,
2805,68,DEPT_18,National,COMMODITY_174,SUB_174_4,
2806,190,DEPT_22,National,COMMODITY_121,SUB_121_5,
2807,173,DEPT_16,Private,COMMODITY_083,SUB_083_6,
2808,289,DEPT_23,National,COMMODITY_152,SUB_152_7,
2809,2,DEPT_12,Private,COMMODITY_257,SUB_257_0,
2810,319,DEPT_14,National,COMMODITY_290,SUB_290_1,
2811,49,DEPT_04,National,COMMODITY_059,SUB_059_2,
2812,287,DEPT_00,National,COMMODITY_079,SUB_079_3,
2813,128,DEPT_05,National,COMMODITY_074,SUB_074_4,
2814,259,DEPT_14,National,COMMODITY_198,SUB_198_5,
2815,485,DEPT_00,Private,COMMODITY_220,SUB_220_6,
2816,300,DEPT_12,Private,COMMODITY_227,SUB_227_7,
2817,323,DEPT_12,National,COMMODITY_227,SUB_227_0,
2818,56,DEPT_22,National,COMMODITY_044,SUB_044_1,
2819,80,DEPT_08,National,COMMODITY_100,SUB_100_2,
2820,64,DEPT_17,National,COMMODITY_261,SUB_261_3,
2821,31,DEPT_17,Private,COMMODITY_012,SUB_012_4,
2822,278,DEPT_02,National,COMMODITY_151,SUB_151_5,
2823,259,DEPT_05,National,COMMODITY_245,SUB_245_6,
2824,98,DEPT_12,Private,COMMODITY_286,SUB_286_7,
2825,7,DEPT_15,Private,COMMODITY_038,SUB_038_0,
2826,281,DEPT_13,Private,COMMODITY_266,SUB_266_1,
2827,180,DEPT_08,Private,COMMODITY_034,SUB_034_2,
2828,375,DEPT_07,National,COMMODITY_284,SUB_284_3,
2829,297,DEPT_11,National,COMMODITY_050,SUB_050_4,
2830,404,DEPT_15,National,COMMODITY_054,SUB_054_5,
2831,57,DEPT_19,National,COMMODITY_085,SUB_085_6,
2832,64,DEPT_23,National,COMMODITY_250,SUB_250_7,
2833,250,DEPT_14,National,COMMODITY_154,SUB_154_0,
2834,41,DEPT_12,Private,COMMODITY_258,SUB_258_1,
2835,340,DEPT_23,National,COMMODITY_010,SUB_010_2,
2836,22,DEPT_07,Private,COMMODITY_284,SUB_284_3,
2837,283,DEPT_17,National,COMMODITY_216,SUB_216_4,
2838,239,DEPT_14,National,COMMODITY_194,SUB_194_5,
2839,158,DEPT_24,National,COMMODITY_107,SUB_107_6,
2840,71,DEPT_15,Private,COMMODITY_110,SUB_110_7,
2841,259,DEPT_01,National,COMMODITY_128,SUB_128_0,
2842,413,DEPT_02,Private,COMMODITY_176,SUB_176_1,
2843,483,DEPT_21,National,COMMODITY_228,SUB_228_2,
2844,117,DEPT_00,National,COMMODITY_047,SUB_047_3,
2845,389,DEPT_00,National,COMMODITY_252,SUB_252_4,
2846,224,DEPT_13,Private,COMMODITY_298,SUB_298_5,
2847,64,DEPT_17,Private,COMMODITY_203,SUB_203_6,
2848,140,DEPT_17,National,COMMODITY_216,SUB_216_7,
2849,251,DEPT_09,National,COMMODITY_246,SUB_246_0,
2850,99,DEPT_08,National,COMMODITY_101,SUB_101_1,
2851,302,DEPT_21,National,COMMODITY_104,SUB_104_2,
2852,470,DEPT_17,National,COMMODITY_275,SUB_275_3,
2853,426,DEPT_13,National,COMMODITY_035,SUB_035_4,
2854,37,DEPT_23,National,COMMODITY_213,SUB_213_5,
2855,102,DEPT_13,National,COMMODITY_240,SUB_240_6,
2856,366,DEPT_06,Private,COMMODITY_099,SUB_099_7,
2857,42,DEPT_11,National,COMMODITY_105,SUB_105_0,
2858,128,DEPT_16,Private,COMMODITY_278,SUB_278_1,
2859,410,DEPT_05,Private,COMMODITY_058,SUB_058_2,
2860,51,DEPT_13,National,COMMODITY_097,SUB_097_3,
2861,338,DEPT_24,National,COMMODITY_214,SUB_214_4,
2862,85,DEPT_19,National,COMMODITY_095,SUB_095_5,
2863,91,DEPT_02,National,COMMODITY_218,SUB_218_6,
2864,191,DEPT_06,Private,COMMODITY_008,SUB_008_7,
2865,185,DEPT_09,Private,COMMODITY_109,SUB_109_0,
2866,326,DEPT_11,National,COMMODITY_210,SUB_210_1,
2867,197,DEPT_17,National,COMMODITY_275,SUB_275_2,
2868,343,DEPT_11,National,COMMODITY_032,SUB_032_3,
2869,472,DEPT_19,Private,COMMODITY_160,SUB_160_4,
2870,59,DEPT_23,National,COMMODITY_014,SUB_014_5,
2871,230,DEPT_00,National,COMMODITY_057,SUB_057_6,
2872,210,DEPT_13,National,COMMODITY_196,SUB_196_7,
2873,315,DEPT_23,Private,COMMODITY_152,SUB_152_0,
2874,59,DEPT_14,National,COMMODITY_290,SUB_290_1,
2875,126,DEPT_09,National,COMMODITY_246,SUB_246_2,
2876,94,DEPT_17,National,COMMODITY_019,SUB_019_3,
2877,80,DEPT_04,Private,COMMODITY_254,SUB_254_4,
2878,116,DEPT_12,National,COMMODITY_227,SUB_227_5,
2879,86,DEPT_00,National,COMMODITY_068,SUB_068_6,
2880,468,DEPT_00,Private,COMMODITY_068,SUB_068_7,
2881,176,DEPT_21,National,COMMODITY_256,SUB_256_0,
2882,140,DEPT_12,National,COMMODITY_258,SUB_258_1,
2883,225,DEPT_00,Private,COMMODITY_000,SUB_000_2,
2884,96,DEPT_22,National,COMMODITY_003,SUB_003_3,
2885,132,DEPT_21,National,COMMODITY_007,SUB_007_4,
2886,491,DEPT_05,National,COMMODITY_058,SUB_058_5,
2887,162,DEPT_13,National,COMMODITY_298,SUB_298_6,
2888,346,DEPT_07,National,COMMODITY_292,SUB_292_7,
2889,451,DEPT_00,Private,COMMODITY_252,SUB_252_0,
2890,216,DEPT_12,National,COMMODITY_172,SUB_172_1,
2891,244,DEPT_22,National,COMMODITY_127,SUB_127_2,
2892,478,DEPT_13,National,COMMODITY_039,SUB_039_3,
2893,223,DEPT_14,National,COMMODITY_198,SUB_198_4,
2894,430,DEPT_03,National,COMMODITY_001,SUB_001_5,
2895,33,DEPT_12,National,COMMODITY_286,SUB_286_6,
2896,465,DEPT_13,National,COMMODITY_122,SUB_122_7,
2897,442,DEPT_01,National,COMMODITY_155,SUB_155_0,
2898,320,DEPT_19,National,COMMODITY_130,SUB_130_1,
2899,393,DEPT_17,National,COMMODITY_282,SUB_282_2,
2900,127,DEPT_03,National,COMMODITY_159,SUB_159_3,
2901,218,DEPT_04,National,COMMODITY_244,SUB_244_4,
2902,409,DEPT_21,National,COMMODITY_204,SUB_204_5,
2903,300,DEPT_05,National,COMMODITY_248,SUB_248_6,
2904,411,DEPT_08,National,COMMODITY_046,SUB_046_7,
2905,369,DEPT_08,Private,COMMODITY_100,SUB_100_0,
2906,326,DEPT_19,National,COMMODITY_095,SUB_095_1,
2907,429,DEPT_16,National,COMMODITY_024,SUB_024_2,
2908,488,DEPT_17,Private,COMMODITY_015,SUB_015_3,
2909,110,DEPT_21,National,COMMODITY_104,SUB_104_4,
2910,203,DEPT_13,National,COMMODITY_298,SUB_298_5,
2911,269,DEPT_00,Private,COMMODITY_220,SUB_220_6,
2912,195,DEPT_22,National,COMMODITY_127,SUB_127_7,
2913,262,DEPT_13,National,COMMODITY_240,SUB_240_0,
2914,441,DEPT_17,National,COMMODITY_203,SUB_203_1,
2915,54,DEPT_18,National,COMMODITY_029,SUB_029_2,
2916,174,DEPT_19,Private,COMMODITY_085,SUB_085_3,
2917,295,DEPT_23,National,COMMODITY_173,SUB_173_4,
2918,484,DEPT_02,National,COMMODITY_042,SUB_042_5,
2919,401,DEPT_09,National,COMMODITY_109,SUB_109_6,
2920,451,DEPT_05,National,COMMODITY_058,SUB_058_7,
2921,94,DEPT_19,National,COMMODITY_043,SUB_043_0,
2922,335,DEPT_18,National,COMMODITY_004,SUB_004_1,
2923,384,DEPT_09,National,COMMODITY_118,SUB_118_2,
2924,452,DEPT_14,Private,COMMODITY_206,SUB_206_3,
2925,384,DEPT_13,National,COMMODITY_193,SUB_193_4,
2926,74,DEPT_03,Private,COMMODITY_296,SUB_296_5,
2927,177,DEPT_08,National,COMMODITY_034,SUB_034_6,
2928,343,DEPT_20,Private,COMMODITY_027,SUB_027_7,
2929,421,DEPT_05,Private,COMMODITY_023,SUB_023_0,
2930,378,DEPT_11,Private,COMMODITY_049,SUB_049_1,
2931,311,DEPT_15,Private,COMMODITY_139,SUB_139_2,
2932,133,DEPT_13,Private,COMMODITY_240,SUB_240_3,
2933,351,DEPT_21,Private,COMMODITY_192,SUB_192_4,
2934,79,DEPT_19,National,COMMODITY_190,SUB_190_5,
2935,37,DEPT_04,National,COMMODITY_080,SUB_080_6,
2936,3,DEPT_07,Private,COMMODITY_284,SUB_284_7,
2937,24,DEPT_14,National,COMMODITY_290,SUB_290_0,
2938,183,DEPT_09,National,COMMODITY_109,SUB_109_1,
2939,421,DEPT_02,Private,COMMODITY_171,SUB_171_2,
2940,296,DEPT_01,National,COMMODITY_128,SUB_128_3,
2941,155,DEPT_16,National,COMMODITY_092,SUB_092_4,
2942,315,DEPT_19,Private,COMMODITY_085,SUB_085_5,
2943,211,DEPT_16,National,COMMODITY_278,SUB_278_6,
2944,101,DEPT_01,Private,COMMODITY_241,SUB_241_7,
2945,438,DEPT_00,National,COMMODITY_252,SUB_252_0,
2946,364,DEPT_09,National,COMMODITY_056,SUB_056_1,
2947,33,DEPT_02,National,COMMODITY_124,SUB_124_2,
2948,142,DEPT_09,Private,COMMODITY_113,SUB_113_3,
2949,215,DEPT_07,National,COMMODITY_284,SUB_284_4,
2950,437,DEPT_06,Private,COMMODITY_197,SUB_197_5,
2951,11,DEPT_11,National,COMMODITY_234,SUB_234_6,
2952,315,DEPT_17,National,COMMODITY_274,SUB_274_7,
2953,420,DEPT_21,Private,COMMODITY_007,SUB_007_0,
2954,479,DEPT_16,Private,COMMODITY_243,SUB_243_1,
2955,316,DEPT_00,Private,COMMODITY_167,SUB_167_2,
2956,205,DEPT_15,National,COMMODITY_025,SUB_025_3,
2957,442,DEPT_10,National,COMMODITY_281,SUB_281_4,
2958,103,DEPT_17,National,COMMODITY_259,SUB_259_5,
2959,148,DEPT_10,National,COMMODITY_208,SUB_208_6,
2960,335,DEPT_08,National,COMMODITY_237,SUB_237_7,
2961,275,DEPT_09,Private,COMMODITY_116,SUB_116_0,
2962,371,DEPT_14,National,COMMODITY_141,SUB_141_1,
2963,435,DEPT_04,National,COMMODITY_254,SUB_254_2,
2964,326,DEPT_04,National,COMMODITY_166,SUB_166_3,
2965,421,DEPT_17,National,COMMODITY_274,SUB_274_4,
2966,126,DEPT_21,National,COMMODITY_132,SUB_132_5,
2967,401,DEPT_23,National,COMMODITY_082,SUB_082_6,
2968,85,DEPT_24,National,COMMODITY_016,SUB_016_7,
2969,167,DEPT_07,National,COMMODITY_292,SUB_292_0,
2970,360,DEPT_23,National,COMMODITY_096,SUB_096_1,
2971,232,DEPT_13,National,COMMODITY_041,SUB_041_2,
2972,41,DEPT_21,National,COMMODITY_273,SUB_273_3,
2973,424,DEPT_19,Private,COMMODITY_108,SUB_108_4,
2974,178,DEPT_16,National,COMMODITY_179,SUB_179_5,
2975,407,DEPT_19,National,COMMODITY_287,SUB_287_6,
2976,208,DEPT_18,National,COMMODITY_029,SUB_029_7,
2977,87,DEPT_07,National,COMMODITY_292,SUB_292_0,
2978,499,DEPT_02,National,COMMODITY_165,SUB_165_1,
2979,357,DEPT_14,National,COMMODITY_154,SUB_154_2,
2980,157,DEPT_15,National,COMMODITY_185,SUB_185_3,
2981,318,DEPT_12,Private,COMMODITY_172,SUB_172_4,
2982,400,DEPT_16,National,COMMODITY_243,SUB_243_5,
2983,73,DEPT_06,National,COMMODITY_293,SUB_293_6,
2984,287,DEPT_18,Private,COMMODITY_174,SUB_174_7,
2985,359,DEPT_22,National,COMMODITY_003,SUB_003_0,
2986,265,DEPT_13,National,COMMODITY_060,SUB_060_1,
2987,411,DEPT_20,National,COMMODITY_195,SUB_195_2,
2988,269,DEPT_14,Private,COMMODITY_290,SUB_290_3,
2989,402,DEPT_21,National,COMMODITY_045,SUB_045_4,
2990,349,DEPT_20,Private,COMMODITY_088,SUB_088_5,
2991,343,DEPT_08,Private,COMMODITY_053,SUB_053_6,
2992,439,DEPT_06,National,COMMODITY_217,SUB_217_7,
2993,449,DEPT_24,National,COMMODITY_249,SUB_249_0,
2994,296,DEPT_14,National,COMMODITY_206,SUB_206_1,
2995,254,DEPT_00,National,COMMODITY_267,SUB_267_2,
2996,218,DEPT_11,National,COMMODITY_276,SUB_276_3,
2997,267,DEPT_05,Private,COMMODITY_177,SUB_177_4,
2998,41,DEPT_04,National,COMMODITY_229,SUB_229_5,
2999,8,DEPT_13,Private,COMMODITY_035,SUB_035_6,
3000,50,DEPT_09,Private,COMMODITY_116,SUB_116_7,
3001,424,DEPT_16,National,COMMODITY_065,SUB_065_0,
3002,149,DEPT_23,National,COMMODITY_014,SUB_014_1,
3003,72,DEPT_01,National,COMMODITY_147,SUB_147_2,
3004,415,DEPT_13,National,COMMODITY_196,SUB_196_3,
3005,171,DEPT_02,Private,COMMODITY_218,SUB_218_4,
3006,387,DEPT_22,National,COMMODITY_003,SUB_003_5,
3007,123,DEPT_19,Private,COMMODITY_089,SUB_089_6,
3008,12,DEPT_17,Private,COMMODITY_015,SUB_015_7,
3009,180,DEPT_19,National,COMMODITY_108,SUB_108_0,
3010,339,DEPT_22,Private,COMMODITY_006,SUB_006_1,
3011,464,DEPT_19,Private,COMMODITY_289,SUB_289_2,
3012,110,DEPT_02,National,COMMODITY_171,SUB_171_3,
3013,159,DEPT_13,National,COMMODITY_060,SUB_060_4,
3014,367,DEPT_24,National,COMMODITY_236,SUB_236_5,
3015,457,DEPT_05,Private,COMMODITY_177,SUB_177_6,
3016,77,DEPT_00,Private,COMMODITY_021,SUB_021_7,
3017,10,DEPT_14,National,COMMODITY_206,SUB_206_0,
3018,247,DEPT_19,National,COMMODITY_095,SUB_095_1,
3019,128,DEPT_08,National,COMMODITY_034,SUB_034_2,
3020,284,DEPT_09,National,COMMODITY_113,SUB_113_3,
3021,333,DEPT_23,National,COMMODITY_002,SUB_002_4,
3022,418,DEPT_20,National,COMMODITY_269,SUB_269_5,
3023,387,DEPT_17,Private,COMMODITY_020,SUB_020_6,
3024,317,DEPT_13,National,COMMODITY_193,SUB_193_7,
3025,466,DEPT_14,National,COMMODITY_209,SUB_209_0,
3026,194,DEPT_22,National,COMMODITY_121,SUB_121_1,
3027,192,DEPT_04,Private,COMMODITY_146,SUB_146_2,
3028,477,DEPT_11,Private,COMMODITY_276,SUB_276_3,
3029,82,DEPT_09,National,COMMODITY_232,SUB_232_4,
3030,268,DEPT_14,Private,COMMODITY_206,SUB_206_5,
3031,322,DEPT_01,National,COMMODITY_184,SUB_184_6,
3032,170,DEPT_24,National,COMMODITY_201,SUB_201_7,
3033,387,DEPT_24,National,COMMODITY_087,SUB_087_0,
3034,117,DEPT_23,National,COMMODITY_213,SUB_213_1,
3035,151,DEPT_08,National,COMMODITY_034,SUB_034_2,
3036,317,DEPT_23,Private,COMMODITY_162,SUB_162_3,
3037,308,DEPT_21,Private,COMMODITY_138,SUB_138_4,
3038,144,DEPT_14,National,COMMODITY_140,SUB_140_5,
3039,308,DEPT_16,Private,COMMODITY_179,SUB_179_6,
3040,454,DEPT_08,National,COMMODITY_291,SUB_291_7,
3041,160,DEPT_17,Private,COMMODITY_233,SUB_233_0,
3042,347,DEPT_02,National,COMMODITY_171,SUB_171_1,
3043,100,DEPT_11,National,COMMODITY_105,SUB_105_2,
3044,350,DEPT_22,National,COMMODITY_121,SUB_121_3,
3045,132,DEPT_05,National,COMMODITY_248,SUB_248_4,
3046,135,DEPT_13,Private,COMMODITY_028,SUB_028_5,
3047,4,DEPT_12,Private,COMMODITY_257,SUB_257_6,
3048,75,DEPT_00,National,COMMODITY_057,SUB_057_7,
3049,429,DEPT_21,Private,COMMODITY_138,SUB_138_0,
3050,43,DEPT_13,National,COMMODITY_294,SUB_294_1,
3051,277,DEPT_21,National,COMMODITY_288,SUB_288_2,
3052,464,DEPT_21,National,COMMODITY_288,SUB_288_3,
3053,145,DEPT_06,National,COMMODITY_197,SUB_197_4,
3054,295,DEPT_00,National,COMMODITY_000,SUB_000_5,
3055,495,DEPT_23,Private,COMMODITY_149,SUB_149_6,
3056,324,DEPT_05,National,COMMODITY_023,SUB_023_7,
3057,497,DEPT_00,Private,COMMODITY_052,SUB_052_0,
3058,344,DEPT_17,National,COMMODITY_203,SUB_203_1,
3059,453,DEPT_11,Private,COMMODITY_276,SUB_276_2,
3060,180,DEPT_16,National,COMMODITY_065,SUB_065_3,
3061,261,DEPT_06,National,COMMODITY_219,SUB_219_4,
3062,229,DEPT_05,National,COMMODITY_199,SUB_199_5,
3063,83,DEPT_22,National,COMMODITY_189,SUB_189_6,
3064,131,DEPT_00,Private,COMMODITY_062,SUB_062_7,
3065,389,DEPT_16,National,COMMODITY_280,SUB_280_0,
3066,66,DEPT_18,Private,COMMODITY_119,SUB_119_1,
3067,496,DEPT_23,National,COMMODITY_153,SUB_153_2,
3068,359,DEPT_13,National,COMMODITY_097,SUB_097_3,
3069,319,DEPT_05,Private,COMMODITY_248,SUB_248_4,
3070,488,DEPT_22,National,COMMODITY_073,SUB_073_5,
3071,49,DEPT_21,National,COMMODITY_072,SUB_072_6,
3072,131,DEPT_09,National,COMMODITY_232,SUB_232_7,
3073,28,DEPT_12,National,COMMODITY_286,SUB_286_0,
3074,101,DEPT_06,National,COMMODITY_091,SUB_091_1,
3075,31,DEPT_06,National,COMMODITY_106,SUB_106_2,
3076,259,DEPT_17,National,COMMODITY_274,SUB_274_3,
3077,26,DEPT_18,National,COMMODITY_004,SUB_004_4,
3078,123,DEPT_09,Private,COMMODITY_056,SUB_056_5,
3079,36,DEPT_21,Private,COMMODITY_138,SUB_138_6,
3080,66,DEPT_01,National,COMMODITY_268,SUB_268_7,
3081,431,DEPT_00,Private,COMMODITY_000,SUB_000_0,
3082,115,DEPT_08,Private,COMMODITY_046,SUB_046_1,
3083,335,DEPT_00,Private,COMMODITY_022,SUB_022_2,
3084,436,DEPT_20,National,COMMODITY_088,SUB_088_3,
3085,180,DEPT_08,National,COMMODITY_053,SUB_053_4,
3086,496,DEPT_12,National,COMMODITY_295,SUB_295_5,
3087,289,DEPT_04,Private,COMMODITY_146,SUB_146_6,
3088,163,DEPT_23,Private,COMMODITY_014,SUB_014_7,
3089,387,DEPT_17,National,COMMODITY_019,SUB_019_0,
3090,182,DEPT_01,Private,COMMODITY_251,SUB_251_1,
3091,434,DEPT_23,National,COMMODITY_213,SUB_213_2,
3092,405,DEPT_11,National,COMMODITY_049,SUB_049_3,
3093,346,DEPT_19,Private,COMMODITY_287,SUB_287_4,
3094,24,DEPT_01,National,COMMODITY_155,SUB_155_5,
3095,471,DEPT_13,National,COMMODITY_240,SUB_240_6,
3096,210,DEPT_19,National,COMMODITY_287,SUB_287_7,
3097,287,DEPT_15,Private,COMMODITY_139,SUB_139_0,
3098,353,DEPT_13,National,COMMODITY_035,SUB_035_1,
3099,209,DEPT_16,Private,COMMODITY_278,SUB_278_2,
3100,356,DEPT_09,Private,COMMODITY_113,SUB_113_3,
3101,334,DEPT_01,Private,COMMODITY_147,SUB_147_4,
3102,330,DEPT_23,National,COMMODITY_152,SUB_152_5,
3103,280,DEPT_22,National,COMMODITY_127,SUB_127_6,
3104,38,DEPT_20,National,COMMODITY_195,SUB_195_7,
3105,163,DEPT_00,National,COMMODITY_167,SUB_167_0,
3106,184,DEPT_08,National,COMMODITY_100,SUB_100_1,
3107,312,DEPT_08,Private,COMMODITY_093,SUB_093_2,
3108,339,DEPT_05,National,COMMODITY_074,SUB_074_3,
3109,429,DEPT_15,Private,COMMODITY_009,SUB_009_4,
3110,488,DEPT_11,National,COMMODITY_272,SUB_272_5,
3111,231,DEPT_19,National,COMMODITY_190,SUB_190_6,
3112,252,DEPT_23,National,COMMODITY_002,SUB_002_7,
3113,372,DEPT_06,National,COMMODITY_008,SUB_008_0,
3114,279,DEPT_13,Private,COMMODITY_294,SUB_294_1,
3115,220,DEPT_06,Private,COMMODITY_293,SUB_293_2,
3116,431,DEPT_22,Private,COMMODITY_044,SUB_044_3,
3117,96,DEPT_17,National,COMMODITY_282,SUB_282_4,
3118,87,DEPT_20,National,COMMODITY_069,SUB_069_5,
3119,370,DEPT_16,National,COMMODITY_280,SUB_280_6,
3120,331,DEPT_06,National,COMMODITY_219,SUB_219_7,
3121,238,DEPT_05,National,COMMODITY_074,SUB_074_0,
3122,119,DEPT_13,National,COMMODITY_225,SUB_225_1,
3123,116,DEPT_09,National,COMMODITY_271,SUB_271_2,
3124,212,DEPT_23,National,COMMODITY_153,SUB_153_3,
3125,258,DEPT_05,National,COMMODITY_207,SUB_207_4,
3126,302,DEPT_22,Private,COMMODITY_006,SUB_006_5,
3127,186,DEPT_21,National,COMMODITY_288,SUB_288_6,
3128,115,DEPT_07,Private,COMMODITY_066,SUB_066_7,
3129,41,DEPT_01,National,COMMODITY_128,SUB_128_0,
3130,307,DEPT_00,Private,COMMODITY_062,SUB_062_1,
3131,223,DEPT_13,National,COMMODITY_285,SUB_285_2,
3132,143,DEPT_00,National,COMMODITY_267,SUB_267_3,
3133,492,DEPT_02,National,COMMODITY_042,SUB_042_4,
3134,126,DEPT_05,Private,COMMODITY_137,SUB_137_5,
3135,311,DEPT_13,Private,COMMODITY_011,SUB_011_6,
3136,367,DEPT_16,Private,COMMODITY_230,SUB_230_7,
3137,340,DEPT_05,Private,COMMODITY_262,SUB_262_0,
3138,450,DEPT_09,National,COMMODITY_271,SUB_271_1,
3139,144,DEPT_15,National,COMMODITY_186,SUB_186_2,
3140,246,DEPT_01,Private,COMMODITY_117,SUB_117_3,
3141,321,DEPT_12,National,COMMODITY_295,SUB_295_4,
3142,78,DEPT_08,Private,COMMODITY_277,SUB_277_5,
3143,489,DEPT_12,Private,COMMODITY_286,SUB_286_6,
3144,226,DEPT_21,National,COMMODITY_204,SUB_204_7,
3145,468,DEPT_06,Private,COMMODITY_158,SUB_158_0,
3146,396,DEPT_01,National,COMMODITY_181,SUB_181_1,
3147,148,DEPT_08,National,COMMODITY_101,SUB_101_2,
3148,86,DEPT_23,Private,COMMODITY_135,SUB_135_3,
3149,400,DEPT_01,Private,COMMODITY_117,SUB_117_4,
3150,94,DEPT_21,National,COMMODITY_132,SUB_132_5,
3151,386,DEPT_17,Private,COMMODITY_012,SUB_012_6,
3152,439,DEPT_13,National,COMMODITY_097,SUB_097_7,
3153,275,DEPT_23,National,COMMODITY_002,SUB_002_0,
3154,369,DEPT_16,National,COMMODITY_083,SUB_083_1,
3155,411,DEPT_01,National,COMMODITY_147,SUB_147_2,
3156,339,DEPT_20,National,COMMODITY_145,SUB_145_3,
3157,416,DEPT_19,National,COMMODITY_055,SUB_055_4,
3158,473,DEPT_13,Private,COMMODITY_122,SUB_122_5,
3159,333,DEPT_06,National,COMMODITY_111,SUB_111_6,
3160,374,DEPT_11,National,COMMODITY_078,SUB_078_7,
3161,76,DEPT_16,National,COMMODITY_230,SUB_230_0,
3162,91,DEPT_00,National,COMMODITY_022,SUB_022_1,
3163,233,DEPT_15,Private,COMMODITY_009,SUB_009_2,
3164,492,DEPT_08,National,COMMODITY_291,SUB_291_3,
3165,438,DEPT_01,National,COMMODITY_181,SUB_181_4,
3166,478,DEPT_02,Private,COMMODITY_171,SUB_171_5,
3167,476,DEPT_19,National,COMMODITY_160,SUB_160_6,
3168,70,DEPT_08,National,COMMODITY_100,SUB_100_7,
3169,100,DEPT_06,National,COMMODITY_099,SUB_099_0,
3170,327,DEPT_00,National,COMMODITY_252,SUB_252_1,
3171,416,DEPT_09,National,COMMODITY_109,SUB_109_2,
3172,118,DEPT_04,National,COMMODITY_146,SUB_146_3,
3173,79,DEPT_09,National,COMMODITY_271,SUB_271_4,
3174,141,DEPT_23,National,COMMODITY_250,SUB_250_5,
3175,424,DEPT_16,Private,COMMODITY_083,SUB_083_6,
3176,365,DEPT_11,National,COMMODITY_049,SUB_049_7,
3177,255,DEPT_07,National,COMMODITY_292,SUB_292_0,
3178,8,DEPT_19,Private,COMMODITY_043,SUB_043_1,
3179,185,DEPT_01,National,COMMODITY_155,SUB_155_2,
3180,278,DEPT_08,Private,COMMODITY_070,SUB_070_3,
3181,484,DEPT_05,National,COMMODITY_235,SUB_235_4,
3182,483,DEPT_12,National,COMMODITY_258,SUB_258_5,
3183,288,DEPT_14,Private,COMMODITY_202,SUB_202_6,
3184,324,DEPT_04,Private,COMMODITY_229,SUB_229_7,
3185,20,DEPT_23,Private,COMMODITY_153,SUB_153_0,
3186,140,DEPT_00,Private,COMMODITY_098,SUB_098_1,
3187,335,DEPT_22,National,COMMODITY_003,SUB_003_2,
3188,499,DEPT_16,National,COMMODITY_280,SUB_280_3,
3189,111,DEPT_23,National,COMMODITY_162,SUB_162_4,
3190,146,DEPT_12,Private,COMMODITY_258,SUB_258_5,
3191,314,DEPT_15,National,COMMODITY_110,SUB_110_6,
3192,134,DEPT_09,National,COMMODITY_116,SUB_116_7,
3193,199,DEPT_19,National,COMMODITY_095,SUB_095_0,
3194,166,DEPT_16,Private,COMMODITY_179,SUB_179_1,
3195,371,DEPT_08,National,COMMODITY_101,SUB_101_2,
3196,214,DEPT_12,Private,COMMODITY_295,SUB_295_3,
3197,130,DEPT_19,National,COMMODITY_120,SUB_120_4,
3198,110,DEPT_19,National,COMMODITY_211,SUB_211_5,
3199,205,DEPT_24,National,COMMODITY_087,SUB_087_6,
3200,26,DEPT_04,National,COMMODITY_059,SUB_059_7,
3201,247,DEPT_15,Private,COMMODITY_139,SUB_139_0,
3202,355,DEPT_16,National,COMMODITY_179,SUB_179_1,
3203,324,DEPT_21,National,COMMODITY_212,SUB_212_2,
3204,48,DEPT_00,National,COMMODITY_267,SUB_267_3,
3205,433,DEPT_11,National,COMMODITY_183,SUB_183_4,
3206,257,DEPT_03,National,COMMODITY_159,SUB_159_5,
3207,75,DEPT_14,National,COMMODITY_141,SUB_141_6,
3208,88,DEPT_14,Private,COMMODITY_140,SUB_140_7,
3209,420,DEPT_23,National,COMMODITY_010,SUB_010_0,
3210,436,DEPT_22,National,COMMODITY_223,SUB_223_1,
3211,261,DEPT_06,Private,COMMODITY_293,SUB_293_2,
3212,255,DEPT_07,Private,COMMODITY_136,SUB_136_3,
3213,412,DEPT_21,National,COMMODITY_104,SUB_104_4,
3214,280,DEPT_22,National,COMMODITY_189,SUB_189_5,
3215,99,DEPT_07,National,COMMODITY_136,SUB_136_6,
3216,344,DEPT_23,Private,COMMODITY_002,SUB_002_7,
3217,416,DEPT_21,Private,COMMODITY_192,SUB_192_0,
3218,394,DEPT_21,Private,COMMODITY_228,SUB_228_1,
3219,325,DEPT_23,National,COMMODITY_082,SUB_082_2,
3220,478,DEPT_21,Private,COMMODITY_288,SUB_288_3,
3221,136,DEPT_13,National,COMMODITY_122,SUB_122_4,
3222,104,DEPT_20,Private,COMMODITY_253,SUB_253_5,
3223,134,DEPT_05,National,COMMODITY_222,SUB_222_6,
3224,194,DEPT_05,National,COMMODITY_245,SUB_245_7,
3225,405,DEPT_11,National,COMMODITY_183,SUB_183_0,
3226,191,DEPT_22,National,COMMODITY_142,SUB_142_1,
3227,419,DEPT_22,National,COMMODITY_189,SUB_189_2,
3228,187,DEPT_00,Private,COMMODITY_220,SUB_220_3,
3229,275,DEPT_01,Private,COMMODITY_251,SUB_251_4,
3230,346,DEPT_04,Private,COMMODITY_146,SUB_146_5,
3231,142,DEPT_17,National,COMMODITY_233,SUB_233_6,
3232,307,DEPT_08,Private,COMMODITY_034,SUB_034_7,
3233,11,DEPT_19,National,COMMODITY_089,SUB_089_0,
3234,414,DEPT_23,Private,COMMODITY_010,SUB_010_1,
3235,354,DEPT_07,Private,COMMODITY_136,SUB_136_2,
3236,390,DEPT_21,National,COMMODITY_104,SUB_104_3,
3237,250,DEPT_17,National,COMMODITY_233,SUB_233_4,
3238,454,DEPT_23,Private,COMMODITY_250,SUB_250_5,
3239,228,DEPT_00,Private,COMMODITY_098,SUB_098_6,
3240,440,DEPT_14,National,COMMODITY_141,SUB_141_7,
3241,422,DEPT_21,National,COMMODITY_256,SUB_256_0,
3242,434,DEPT_02,National,COMMODITY_033,SUB_033_1,
3243,11,DEPT_05,National,COMMODITY_180,SUB_180_2,
3244,60,DEPT_23,National,COMMODITY_010,SUB_010_3,
3245,138,DEPT_23,National,COMMODITY_002,SUB_002_4,
3246,130,DEPT_06,Private,COMMODITY_158,SUB_158_5,
3247,100,DEPT_14,Private,COMMODITY_290,SUB_290_6,
3248,177,DEPT_05,National,COMMODITY_074,SUB_074_7,
3249,250,DEPT_06,Private,COMMODITY_197,SUB_197_0,
3250,30,DEPT_02,National,COMMODITY_191,SUB_191_1,
3251,374,DEPT_24,National,COMMODITY_201,SUB_201_2,
3252,418,DEPT_20,National,COMMODITY_088,SUB_088_3,
3253,421,DEPT_18,National,COMMODITY_174,SUB_174_4,
3254,68,DEPT_07,National,COMMODITY_133,SUB_133_5,
3255,68,DEPT_19,National,COMMODITY_108,SUB_108_6,
3256,320,DEPT_02,National,COMMODITY_042,SUB_042_7,
3257,429,DEPT_00,National,COMMODITY_079,SUB_079_0,
3258,141,DEPT_22,Private,COMMODITY_121,SUB_121_1,
3259,104,DEPT_14,Private,COMMODITY_030,SUB_030_2,
3260,44,DEPT_24,National,COMMODITY_170,SUB_170_3,
3261,132,DEPT_05,Private,COMMODITY_137,SUB_137_4,
3262,417,DEPT_03,Private,COMMODITY_159,SUB_159_5,
3263,90,DEPT_23,National,COMMODITY_082,SUB_082_6,
3264,321,DEPT_14,National,COMMODITY_030,SUB_030_7,
3265,378,DEPT_15,National,COMMODITY_025,SUB_025_0,
3266,93,DEPT_12,National,COMMODITY_258,SUB_258_1,
3267,187,DEPT_15,National,COMMODITY_036,SUB_036_2,
3268,463,DEPT_24,National,COMMODITY_214,SUB_214_3,
3269,54,DEPT_05,National,COMMODITY_262,SUB_262_4,
3270,283,DEPT_22,National,COMMODITY_044,SUB_044_5,
3271,355,DEPT_16,National,COMMODITY_278,SUB_278_6,
3272,285,DEPT_02,National,COMMODITY_033,SUB_033_7,
3273,36,DEPT_13,National,COMMODITY_039,SUB_039_0,
3274,10,DEPT_00,Private,COMMODITY_052,SUB_052_1,
3275,188,DEPT_00,National,COMMODITY_047,SUB_047_2,
3276,12,DEPT_08,National,COMMODITY_123,SUB_123_3,
3277,128,DEPT_02,Private,COMMODITY_042,SUB_042_4,
3278,45,DEPT_22,National,COMMODITY_073,SUB_073_5,
3279,466,DEPT_17,Private,COMMODITY_112,SUB_112_6,
3280,195,DEPT_00,National,COMMODITY_068,SUB_068_7,
3281,305,DEPT_14,Private,COMMODITY_031,SUB_031_0,
3282,277,DEPT_07,National,COMMODITY_188,SUB_188_1,
3283,164,DEPT_20,National,COMMODITY_182,SUB_182_2,
3284,264,DEPT_13,Private,COMMODITY_035,SUB_035_3,
3285,373,DEPT_12,National,COMMODITY_048,SUB_048_4,
3286,411,DEPT_01,National,COMMODITY_063,SUB_063_5,
3287,84,DEPT_13,National,COMMODITY_164,SUB_164_6,
3288,83,DEPT_17,National,COMMODITY_274,SUB_274_7,
3289,239,DEPT_10,Private,COMMODITY_126,SUB_126_0,
3290,259,DEPT_13,National,COMMODITY_035,SUB_035_1,
3291,56,DEPT_15,National,COMMODITY_009,SUB_009_2,
3292,425,DEPT_07,National,COMMODITY_066,SUB_066_3,
3293,333,DEPT_02,National,COMMODITY_169,SUB_169_4,
3294,27,DEPT_11,National,COMMODITY_272,SUB_272_5,
3295,362,DEPT_17,National,COMMODITY_020,SUB_020_6,
3296,257,DEPT_11,National,COMMODITY_234,SUB_234_7,
3297,230,DEPT_23,National,COMMODITY_153,SUB_153_0,
3298,133,DEPT_01,Private,COMMODITY_134,SUB_134_1,
3299,392,DEPT_08,National,COMMODITY_100,SUB_100_2,
3300,483,DEPT_14,Private,COMMODITY_290,SUB_290_3,
3301,161,DEPT_09,Private,COMMODITY_116,SUB_116_4,
3302,46,DEPT_00,National,COMMODITY_098,SUB_098_5,
3303,252,DEPT_21,National,COMMODITY_132,SUB_132_6,
3304,179,DEPT_17,Private,COMMODITY_178,SUB_178_7,
3305,132,DEPT_05,Private,COMMODITY_074,SUB_074_0,
3306,74,DEPT_13,National,COMMODITY_061,SUB_061_1,
3307,498,DEPT_06,Private,COMMODITY_260,SUB_260_2,
3308,202,DEPT_05,Private,COMMODITY_137,SUB_137_3,
3309,115,DEPT_07,National,COMMODITY_133,SUB_133_4,
3310,386,DEPT_22,Private,COMMODITY_073,SUB_073_5,
3311,291,DEPT_19,National,COMMODITY_289,SUB_289_6,
3312,28,DEPT_17,Private,COMMODITY_216,SUB_216_7,
3313,2,DEPT_12,National,COMMODITY_286,SUB_286_0,
3314,207,DEPT_19,National,COMMODITY_055,SUB_055_1,
3315,413,DEPT_15,National,COMMODITY_009,SUB_009_2,
3316,424,DEPT_06,National,COMMODITY_265,SUB_265_3,
3317,188,DEPT_24,Private,COMMODITY_249,SUB_249_4,
3318,104,DEPT_20,National,COMMODITY_269,SUB_269_5,
3319,412,DEPT_16,National,COMMODITY_083,SUB_083_6,
3320,433,DEPT_16,Private,COMMODITY_230,SUB_230_7,
3321,283,DEPT_17,National,COMMODITY_012,SUB_012_0,
3322,26,DEPT_06,National,COMMODITY_265,SUB_265_1,
3323,449,DEPT_12,Private,COMMODITY_295,SUB_295_2,
3324,78,DEPT_03,National,COMMODITY_090,SUB_090_3,
3325,320,DEPT_19,Private,COMMODITY_108,SUB_108_4,
3326,381,DEPT_17,National,COMMODITY_015,SUB_015_5,
3327,453,DEPT_02,National,COMMODITY_151,SUB_151_6,
3328,105,DEPT_11,Private,COMMODITY_272,SUB_272_7,
3329,1,DEPT_23,National,COMMODITY_149,SUB_149_0,
3330,53,DEPT_23,National,COMMODITY_173,SUB_173_1,
3331,88,DEPT_09,National,COMMODITY_271,SUB_271_2,
3332,272,DEPT_23,Private,COMMODITY_013,SUB_013_3,
3333,379,DEPT_00,National,COMMODITY_114,SUB_114_4,
3334,200,DEPT_09,National,COMMODITY_232,SUB_232_5,
3335,102,DEPT_13,National,COMMODITY_193,SUB_193_6,
3336,137,DEPT_23,Private,COMMODITY_096,SUB_096_7,
3337,495,DEPT_11,National,COMMODITY_156,SUB_156_0,
3338,12,DEPT_13,National,COMMODITY_285,SUB_285_1,
3339,246,DEPT_12,National,COMMODITY_258,SUB_258_2,
3340,7,DEPT_12,National,COMMODITY_295,SUB_295_3,
3341,264,DEPT_17,National,COMMODITY_020,SUB_020_4,
3342,170,DEPT_05,National,COMMODITY_180,SUB_180_5,
3343,341,DEPT_08,National,COMMODITY_291,SUB_291_6,
3344,187,DEPT_11,National,COMMODITY_272,SUB_272_7,
3345,325,DEPT_20,Private,COMMODITY_182,SUB_182_0,
3346,22,DEPT_24,National,COMMODITY_107,SUB_107_1,
3347,120,DEPT_23,National,COMMODITY_014,SUB_014_2,
3348,172,DEPT_23,National,COMMODITY_082,SUB_082_3,
3349,235,DEPT_22,Private,COMMODITY_223,SUB_223_4,
3350,463,DEPT_06,National,COMMODITY_219,SUB_219_5,
3351,78,DEPT_20,Private,COMMODITY_069,SUB_069_6,
3352,256,DEPT_00,National,COMMODITY_167,SUB_167_7,
3353,488,DEPT_24,Private,COMMODITY_221,SUB_221_0,
3354,170,DEPT_21,National,COMMODITY_007,SUB_007_1,
3355,452,DEPT_17,Private,COMMODITY_071,SUB_071_2,
3356,382,DEPT_21,National,COMMODITY_104,SUB_104_3,
3357,368,DEPT_08,National,COMMODITY_277,SUB_277_4,
3358,362,DEPT_23,National,COMMODITY_002,SUB_002_5,
3359,311,DEPT_16,National,COMMODITY_024,SUB_024_6,
3360,380,DEPT_16,National,COMMODITY_092,SUB_092_7,
3361,109,DEPT_17,Private,COMMODITY_282,SUB_282_0,
3362,302,DEPT_14,National,COMMODITY_140,SUB_140_1,
3363,299,DEPT_00,Private,COMMODITY_052,SUB_052_2,
3364,15,DEPT_19,National,COMMODITY_108,SUB_108_3,
3365,403,DEPT_19,National,COMMODITY_190,SUB_190_4,
3366,38,DEPT_18,National,COMMODITY_157,SUB_157_5,
3367,113,DEPT_13,Private,COMMODITY_061,SUB_061_6,
3368,428,DEPT_06,Private,COMMODITY_008,SUB_008_7,
3369,427,DEPT_05,National,COMMODITY_207,SUB_207_0,
3370,433,DEPT_07,National,COMMODITY_284,SUB_284_1,
3371,225,DEPT_12,National,COMMODITY_227,SUB_227_2,
3372,202,DEPT_01,National,COMMODITY_063,SUB_063_3,
3373,160,DEPT_00,Private,COMMODITY_000,SUB_000_4,
3374,457,DEPT_15,National,COMMODITY_025,SUB_025_5,
3375,121,DEPT_19,National,COMMODITY_226,SUB_226_6,
3376,322,DEPT_01,Private,COMMODITY_181,SUB_181_7,
3377,405,DEPT_01,National,COMMODITY_155,SUB_155_0,
3378,385,DEPT_24,Private,COMMODITY_201,SUB_201_1,
3379,391,DEPT_23,National,COMMODITY_153,SUB_153_2,
3380,229,DEPT_23,Private,COMMODITY_096,SUB_096_3,
3381,120,DEPT_22,Private,COMMODITY_017,SUB_017_4,
3382,192,DEPT_17,National,COMMODITY_274,SUB_274_5,
3383,256,DEPT_01,Private,COMMODITY_181,SUB_181_6,
3384,196,DEPT_08,Private,COMMODITY_046,SUB_046_7,
3385,406,DEPT_24,Private,COMMODITY_201,SUB_201_0,
3386,163,DEPT_17,Private,COMMODITY_051,SUB_051_1,
3387,54,DEPT_07,National,COMMODITY_279,SUB_279_2,
3388,141,DEPT_20,Private,COMMODITY_253,SUB_253_3,
3389,398,DEPT_08,National,COMMODITY_034,SUB_034_4,
3390,479,DEPT_01,National,COMMODITY_134,SUB_134_5,
3391,319,DEPT_05,National,COMMODITY_023,SUB_023_6,
3392,104,DEPT_00,National,COMMODITY_167,SUB_167_7,
3393,378,DEPT_05,Private,COMMODITY_235,SUB_235_0,
3394,206,DEPT_16,National,COMMODITY_230,SUB_230_1,
3395,321,DEPT_22,National,COMMODITY_121,SUB_121_2,
3396,237,DEPT_22,National,COMMODITY_142,SUB_142_3,
3397,179,DEPT_15,Private,COMMODITY_185,SUB_185_4,
3398,229,DEPT_00,National,COMMODITY_267,SUB_267_5,
3399,400,DEPT_22,National,COMMODITY_017,SUB_017_6,
3400,90,DEPT_23,Private,COMMODITY_067,SUB_067_7,
3401,474,DEPT_14,Private,COMMODITY_031,SUB_031_0,
3402,182,DEPT_04,National,COMMODITY_146,SUB_146_1,
3403,454,DEPT_00,Private,COMMODITY_000,SUB_000_2,
3404,227,DEPT_11,National,COMMODITY_050,SUB_050_3,
3405,265,DEPT_23,National,COMMODITY_135,SUB_135_4,
3406,187,DEPT_17,Private,COMMODITY_071,SUB_071_5,
3407,62,DEPT_01,Private,COMMODITY_128,SUB_128_6,
3408,48,DEPT_01,Private,COMMODITY_184,SUB_184_7,
3409,181,DEPT_04,National,COMMODITY_229,SUB_229_0,
3410,37,DEPT_05,National,COMMODITY_180,SUB_180_1,
3411,114,DEPT_08,National,COMMODITY_237,SUB_237_2,
3412,429,DEPT_00,National,COMMODITY_114,SUB_114_3,
3413,289,DEPT_05,National,COMMODITY_177,SUB_177_4,
3414,100,DEPT_23,National,COMMODITY_002,SUB_002_5,
3415,25,DEPT_11,National,COMMODITY_272,SUB_272_6,
3416,175,DEPT_01,Private,COMMODITY_134,SUB_134_7,
3417,96,DEPT_08,National,COMMODITY_034,SUB_034_0,
3418,485,DEPT_04,National,COMMODITY_080,SUB_080_1,
3419,175,DEPT_15,National,COMMODITY_009,SUB_009_2,
3420,203,DEPT_13,National,COMMODITY_298,SUB_298_3,
3421,343,DEPT_20,National,COMMODITY_195,SUB_195_4,
3422,152,DEPT_23,National,COMMODITY_173,SUB_173_5,
3423,74,DEPT_24,National,COMMODITY_129,SUB_129_6,
3424,107,DEPT_06,National,COMMODITY_265,SUB_265_7,
3425,123,DEPT_02,Private,COMMODITY_124,SUB_124_0,
3426,247,DEPT_05,Private,COMMODITY_207,SUB_207_1,
3427,353,DEPT_19,Private,COMMODITY_211,SUB_211_2,
3428,319,DEPT_20,National,COMMODITY_027,SUB_027_3,
3429,1,DEPT_07,Private,COMMODITY_066,SUB_066_4,
3430,287,DEPT_01,National,COMMODITY_147,SUB_147_5,
3431,304,DEPT_13,Private,COMMODITY_164,SUB_164_6,
3432,229,DEPT_07,National,COMMODITY_284,SUB_284_7,
3433,419,DEPT_08,National,COMMODITY_277,SUB_277_0,
3434,45,DEPT_03,National,COMMODITY_159,SUB_159_1,
3435,340,DEPT_19,National,COMMODITY_095,SUB_095_2,
3436,259,DEPT_02,Private,COMMODITY_042,SUB_042_3,
3437,396,DEPT_05,National,COMMODITY_180,SUB_180_4,
3438,104,DEPT_21,National,COMMODITY_228,SUB_228_5,
3439,443,DEPT_15,National,COMMODITY_186,SUB_186_6,
3440,366,DEPT_17,National,COMMODITY_233,SUB_233_7,
3441,25,DEPT_14,National,COMMODITY_270,SUB_270_0,
3442,459,DEPT_00,Private,COMMODITY_220,SUB_220_1,
3443,48,DEPT_21,National,COMMODITY_238,SUB_238_2,
3444,436,DEPT_14,Private,COMMODITY_198,SUB_198_3,
3445,435,DEPT_01,National,COMMODITY_241,SUB_241_4,
3446,41,DEPT_07,National,COMMODITY_255,SUB_255_5,
3447,343,DEPT_15,National,COMMODITY_186,SUB_186_6,
3448,179,DEPT_24,National,COMMODITY_129,SUB_129_7,
3449,148,DEPT_21,National,COMMODITY_192,SUB_192_0,
3450,127,DEPT_22,National,COMMODITY_102,SUB_102_1,
3451,69,DEPT_23,National,COMMODITY_010,SUB_010_2,
3452,15,DEPT_01,National,COMMODITY_268,SUB_268_3,
3453,414,DEPT_03,Private,COMMODITY_159,SUB_159_4,
3454,499,DEPT_15,Private,COMMODITY_025,SUB_025_5,
3455,231,DEPT_04,National,COMMODITY_059,SUB_059_6,
3456,120,DEPT_14,Private,COMMODITY_290,SUB_290_7,
3457,312,DEPT_08,National,COMMODITY_239,SUB_239_0,
3458,66,DEPT_08,National,COMMODITY_053,SUB_053_1,
3459,374,DEPT_22,National,COMMODITY_127,SUB_127_2,
3460,326,DEPT_08,Private,COMMODITY_100,SUB_100_3,
3461,342,DEPT_17,Private,COMMODITY_261,SUB_261_4,
3462,90,DEPT_13,Private,COMMODITY_240,SUB_240_5,
3463,65,DEPT_22,National,COMMODITY_073,SUB_073_6,
3464,117,DEPT_08,Private,COMMODITY_037,SUB_037_7,
3465,450,DEPT_07,National,COMMODITY_284,SUB_284_0,
3466,36,DEPT_06,National,COMMODITY_111,SUB_111_1,
3467,291,DEPT_11,National,COMMODITY_018,SUB_018_2,
3468,307,DEPT_14,National,COMMODITY_194,SUB_194_3,
3469,106,DEPT_16,Private,COMMODITY_263,SUB_263_4,
3470,352,DEPT_06,National,COMMODITY_099,SUB_099_5,
3471,57,DEPT_24,National,COMMODITY_201,SUB_201_6,
3472,335,DEPT_20,Private,COMMODITY_253,SUB_253_7,
3473,21,DEPT_21,Private,COMMODITY_200,SUB_200_0,
3474,144,DEPT_20,National,COMMODITY_088,SUB_088_1,
3475,61,DEPT_09,National,COMMODITY_232,SUB_232_2,
3476,320,DEPT_02,National,COMMODITY_176,SUB_176_3,
3477,320,DEPT_11,Private,COMMODITY_050,SUB_050_4,
3478,447,DEPT_11,National,COMMODITY_105,SUB_105_5,
3479,111,DEPT_19,Private,COMMODITY_287,SUB_287_6,
3480,125,DEPT_11,National,COMMODITY_032,SUB_032_7,
3481,485,DEPT_13,National,COMMODITY_164,SUB_164_0,
3482,109,DEPT_16,National,COMMODITY_083,SUB_083_1,
3483,243,DEPT_08,National,COMMODITY_053,SUB_053_2,
3484,409,DEPT_04,National,COMMODITY_244,SUB_244_3,
3485,446,DEPT_03,Private,COMMODITY_090,SUB_090_4,
3486,165,DEPT_19,National,COMMODITY_095,SUB_095_5,
3487,336,DEPT_18,National,COMMODITY_150,SUB_150_6,
3488,453,DEPT_08,Private,COMMODITY_103,SUB_103_7,
3489,166,DEPT_18,Private,COMMODITY_004,SUB_004_0,
3490,393,DEPT_13,Private,COMMODITY_266,SUB_266_1,
3491,83,DEPT_05,National,COMMODITY_207,SUB_207_2,
3492,59,DEPT_17,Private,COMMODITY_274,SUB_274_3,
3493,361,DEPT_23,National,COMMODITY_175,SUB_175_4,
3494,21,DEPT_12,National,COMMODITY_172,SUB_172_5,
3495,319,DEPT_13,National,COMMODITY_294,SUB_294_6,
3496,397,DEPT_02,National,COMMODITY_033,SUB_033_7,
3497,354,DEPT_20,National,COMMODITY_253,SUB_253_0,
3498,225,DEPT_17,National,COMMODITY_077,SUB_077_1,
3499,135,DEPT_16,National,COMMODITY_230,SUB_230_2,
3500,40,DEPT_08,National,COMMODITY_237,SUB_237_3,
3501,102,DEPT_13,National,COMMODITY_060,SUB_060_4,
3502,441,DEPT_09,Private,COMMODITY_113,SUB_113_5,
3503,265,DEPT_09,National,COMMODITY_116,SUB_116_6,
3504,11,DEPT_16,National,COMMODITY_278,SUB_278_7,
3505,435,DEPT_19,National,COMMODITY_289,SUB_289_0,
3506,356,DEPT_09,Private,COMMODITY_113,SUB_113_1,
3507,461,DEPT_24,Private,COMMODITY_005,SUB_005_2,
3508,262,DEPT_03,National,COMMODITY_296,SUB_296_3,
3509,264,DEPT_04,National,COMMODITY_229,SUB_229_4,
3510,256,DEPT_13,National,COMMODITY_196,SUB_196_5,
3511,360,DEPT_07,National,COMMODITY_136,SUB_136_6,
3512,418,DEPT_16,National,COMMODITY_083,SUB_083_7,
3513,134,DEPT_05,National,COMMODITY_222,SUB_222_0,
3514,329,DEPT_13,National,COMMODITY_164,SUB_164_1,
3515,296,DEPT_20,Private,COMMODITY_242,SUB_242_2,
3516,310,DEPT_13,National,COMMODITY_240,SUB_240_3,
3517,436,DEPT_24,National,COMMODITY_201,SUB_201_4,
3518,433,DEPT_05,Private,COMMODITY_074,SUB_074_5,
3519,328,DEPT_16,National,COMMODITY_280,SUB_280_6,
3520,459,DEPT_20,National,COMMODITY_088,SUB_088_7,
3521,386,DEPT_21,National,COMMODITY_273,SUB_273_0,
3522,318,DEPT_02,National,COMMODITY_124,SUB_124_1,
3523,479,DEPT_15,Private,COMMODITY_139,SUB_139_2,
3524,453,DEPT_19,National,COMMODITY_108,SUB_108_3,
3525,258,DEPT_19,National,COMMODITY_190,SUB_190_4,
3526,241,DEPT_10,National,COMMODITY_281,SUB_281_5,
3527,25,DEPT_13,National,COMMODITY_011,SUB_011_6,
3528,50,DEPT_14,Private,COMMODITY_194,SUB_194_7,
3529,113,DEPT_01,Private,COMMODITY_063,SUB_063_0,
3530,9,DEPT_02,National,COMMODITY_176,SUB_176_1,
3531,210,DEPT_14,National,COMMODITY_209,SUB_209_2,
3532,19,DEPT_07,National,COMMODITY_284,SUB_284_3,
3533,30,DEPT_02,Private,COMMODITY_151,SUB_151_4,
3534,480,DEPT_19,Private,COMMODITY_120,SUB_120_5,
3535,289,DEPT_05,National,COMMODITY_248,SUB_248_6,
3536,71,DEPT_04,National,COMMODITY_205,SUB_205_7,
3537,206,DEPT_12,National,COMMODITY_286,SUB_286_0,
3538,27,DEPT_11,National,COMMODITY_050,SUB_050_1,
3539,435,DEPT_13,National,COMMODITY_193,SUB_193_2,
3540,485,DEPT_23,National,COMMODITY_250,SUB_250_3,
3541,183,DEPT_21,National,COMMODITY_192,SUB_192_4,
3542,202,DEPT_00,National,COMMODITY_098,SUB_098_5,
3543,331,DEPT_06,National,COMMODITY_217,SUB_217_6,
3544,477,DEPT_06,National,COMMODITY_143,SUB_143_7,
3545,366,DEPT_01,Private,COMMODITY_155,SUB_155_0,
3546,313,DEPT_06,National,COMMODITY_008,SUB_008_1,
3547,312,DEPT_23,Private,COMMODITY_125,SUB_125_2,
3548,150,DEPT_22,Private,COMMODITY_044,SUB_044_3,
3549,10,DEPT_24,Private,COMMODITY_221,SUB_221_4,
3550,247,DEPT_04,National,COMMODITY_244,SUB_244_5,
3551,116,DEPT_01,National,COMMODITY_241,SUB_241_6,
3552,185,DEPT_14,Private,COMMODITY_202,SUB_202_7,
3553,361,DEPT_11,Private,COMMODITY_049,SUB_049_0,
3554,472,DEPT_03,National,COMMODITY_001,SUB_001_1,
3555,184,DEPT_16,National,COMMODITY_230,SUB_230_2,
3556,195,DEPT_21,Private,COMMODITY_228,SUB_228_3,
3557,314,DEPT_14,National,COMMODITY_154,SUB_154_4,
3558,275,DEPT_07,National,COMMODITY_188,SUB_188_5,
3559,254,DEPT_01,Private,COMMODITY_128,SUB_128_6,
3560,27,DEPT_07,National,COMMODITY_284,SUB_284_7,
3561,498,DEPT_21,National,COMMODITY_104,SUB_104_0,
3562,5,DEPT_07,National,COMMODITY_279,SUB_279_1,
3563,196,DEPT_10,National,COMMODITY_148,SUB_148_2,
3564,239,DEPT_10,National,COMMODITY_126,SUB_126_3,
3565,291,DEPT_02,Private,COMMODITY_165,SUB_165_4,
3566,133,DEPT_02,National,COMMODITY_033,SUB_033_5,
3567,390,DEPT_08,National,COMMODITY_100,SUB_100_6,
3568,194,DEPT_23,National,COMMODITY_125,SUB_125_7,
3569,220,DEPT_19,National,COMMODITY_108,SUB_108_0,
3570,188,DEPT_18,National,COMMODITY_119,SUB_119_1,
3571,111,DEPT_02,National,COMMODITY_176,SUB_176_2,
3572,355,DEPT_18,National,COMMODITY_150,SUB_150_3,
3573,100,DEPT_17,Private,COMMODITY_261,SUB_261_4,
3574,79,DEPT_05,Private,COMMODITY_074,SUB_074_5,
3575,386,DEPT_11,Private,COMMODITY_234,SUB_234_6,
3576,480,DEPT_13,National,COMMODITY_097,SUB_097_7,
3577,158,DEPT_17,National,COMMODITY_012,SUB_012_0,
3578,37,DEPT_17,National,COMMODITY_019,SUB_019_1,
3579,111,DEPT_17,National,COMMODITY_203,SUB_203_2,
3580,116,DEPT_13,National,COMMODITY_225,SUB_225_3,
3581,8,DEPT_06,National,COMMODITY_260,SUB_260_4,
3582,71,DEPT_16,Private,COMMODITY_083,SUB_083_5,
3583,256,DEPT_00,National,COMMODITY_057,SUB_057_6,
3584,221,DEPT_21,National,COMMODITY_204,SUB_204_7,
3585,102,DEPT_09,Private,COMMODITY_116,SUB_116_0,
3586,49,DEPT_16,Private,COMMODITY_083,SUB_083_1,
3587,365,DEPT_19,Private,COMMODITY_108,SUB_108_2,
3588,66,DEPT_00,National,COMMODITY_252,SUB_252_3,
3589,465,DEPT_18,Private,COMMODITY_004,SUB_004_4,
3590,197,DEPT_17,National,COMMODITY_071,SUB_071_5,
3591,93,DEPT_11,Private,COMMODITY_234,SUB_234_6,
3592,3,DEPT_15,National,COMMODITY_036,SUB_036_7,
3593,471,DEPT_15,National,COMMODITY_009,SUB_009_0,
3594,450,DEPT_11,National,COMMODITY_234,SUB_234_1,
3595,8,DEPT_22,National,COMMODITY_223,SUB_223_2,
3596,62,DEPT_00,Private,COMMODITY_068,SUB_068_3,
3597,165,DEPT_08,National,COMMODITY_163,SUB_163_4,
3598,152,DEPT_00,National,COMMODITY_052,SUB_052_5,
3599,358,DEPT_23,National,COMMODITY_213,SUB_213_6,
3600,454,DEPT_02,Private,COMMODITY_171,SUB_171_7,
3601,312,DEPT_21,National,COMMODITY_238,SUB_238_0,
3602,199,DEPT_11,National,COMMODITY_018,SUB_018_1,
3603,115,DEPT_19,National,COMMODITY_130,SUB_130_2,
3604,230,DEPT_00,National,COMMODITY_167,SUB_167_3,
3605,255,DEPT_05,Private,COMMODITY_023,SUB_023_4,
3606,389,DEPT_24,Private,COMMODITY_005,SUB_005_5,
3607,31,DEPT_11,National,COMMODITY_272,SUB_272_6,
3608,259,DEPT_01,National,COMMODITY_128,SUB_128_7,
3609,216,DEPT_19,National,COMMODITY_287,SUB_287_0,
3610,127,DEPT_02,National,COMMODITY_124,SUB_124_1,
3611,74,DEPT_19,National,COMMODITY_289,SUB_289_2,
3612,373,DEPT_15,National,COMMODITY_025,SUB_025_3,
3613,292,DEPT_12,National,COMMODITY_227,SUB_227_4,
3614,81,DEPT_16,Private,COMMODITY_024,SUB_024_5,
3615,60,DEPT_22,Private,COMMODITY_006,SUB_006_6,
3616,433,DEPT_02,National,COMMODITY_176,SUB_176_7,
3617,94,DEPT_24,National,COMMODITY_107,SUB_107_0,
3618,185,DEPT_03,National,COMMODITY_001,SUB_001_1,
3619,66,DEPT_10,National,COMMODITY_281,SUB_281_2,
3620,225,DEPT_06,National,COMMODITY_219,SUB_219_3,
3621,255,DEPT_23,National,COMMODITY_096,SUB_096_4,
3622,368,DEPT_15,Private,COMMODITY_110,SUB_110_5,
3623,293,DEPT_11,National,COMMODITY_032,SUB_032_6,
3624,107,DEPT_11,National,COMMODITY_078,SUB_078_7,
3625,283,DEPT_01,National,COMMODITY_128,SUB_128_0,
3626,390,DEPT_13,National,COMMODITY_285,SUB_285_1,
3627,335,DEPT_00,Private,COMMODITY_267,SUB_267_2,
3628,90,DEPT_22,National,COMMODITY_006,SUB_006_3,
3629,265,DEPT_20,Private,COMMODITY_145,SUB_145_4,
3630,166,DEPT_07,Private,COMMODITY_188,SUB_188_5,
3631,161,DEPT_15,Private,COMMODITY_086,SUB_086_6,
3632,188,DEPT_24,National,COMMODITY_005,SUB_005_7,
3633,411,DEPT_00,National,COMMODITY_220,SUB_220_0,
3634,27,DEPT_00,National,COMMODITY_114,SUB_114_1,
3635,101,DEPT_04,National,COMMODITY_040,SUB_040_2,
3636,179,DEPT_08,National,COMMODITY_093,SUB_093_3,
3637,323,DEPT_22,National,COMMODITY_142,SUB_142_4,
3638,55,DEPT_16,National,COMMODITY_024,SUB_024_5,
3639,278,DEPT_23,National,COMMODITY_162,SUB_162_6,
3640,3,DEPT_11,National,COMMODITY_234,SUB_234_7,
3641,81,DEPT_01,National,COMMODITY_147,SUB_147_0,
3642,238,DEPT_02,Private,COMMODITY_171,SUB_171_1,
3643,145,DEPT_13,National,COMMODITY_193,SUB_193_2,
3644,447,DEPT_05,Private,COMMODITY_023,SUB_023_3,
3645,378,DEPT_16,Private,COMMODITY_024,SUB_024_4,
3646,250,DEPT_06,Private,COMMODITY_293,SUB_293_5,
3647,493,DEPT_15,National,COMMODITY_086,SUB_086_6,
3648,408,DEPT_02,Private,COMMODITY_033,SUB_033_7,
3649,470,DEPT_19,National,COMMODITY_130,SUB_130_0,
3650,201,DEPT_01,National,COMMODITY_147,SUB_147_1,
3651,435,DEPT_19,National,COMMODITY_130,SUB_130_2,
3652,271,DEPT_15,Private,COMMODITY_009,SUB_009_3,
3653,95,DEPT_12,National,COMMODITY_172,SUB_172_4,
3654,55,DEPT_22,Private,COMMODITY_121,SUB_121_5,
3655,132,DEPT_07,National,COMMODITY_255,SUB_255_6,
3656,298,DEPT_01,National,COMMODITY_147,SUB_147_7,
3657,364,DEPT_08,National,COMMODITY_277,SUB_277_0,
3658,24,DEPT_21,National,COMMODITY_256,SUB_256_1,
3659,165,DEPT_00,National,COMMODITY_079,SUB_079_2,
3660,387,DEPT_17,National,COMMODITY_203,SUB_203_3,
3661,10,DEPT_23,National,COMMODITY_096,SUB_096_4,
3662,357,DEPT_11,National,COMMODITY_105,SUB_105_5,
3663,497,DEPT_11,National,COMMODITY_156,SUB_156_6,
3664,356,DEPT_19,Private,COMMODITY_055,SUB_055_7,
3665,419,DEPT_19,National,COMMODITY_211,SUB_211_0,
3666,2,DEPT_23,Private,COMMODITY_013,SUB_013_1,
3667,283,DEPT_24,National,COMMODITY_129,SUB_129_2,
3668,203,DEPT_00,National,COMMODITY_098,SUB_098_3,
3669,361,DEPT_15,National,COMMODITY_086,SUB_086_4,
3670,149,DEPT_11,Private,COMMODITY_018,SUB_018_5,
3671,394,DEPT_17,National,COMMODITY_012,SUB_012_6,
3672,418,DEPT_00,National,COMMODITY_052,SUB_052_7,
3673,254,DEPT_24,National,COMMODITY_129,SUB_129_0,
3674,371,DEPT_20,National,COMMODITY_195,SUB_195_1,
3675,123,DEPT_11,National,COMMODITY_050,SUB_050_2,
3676,125,DEPT_13,Private,COMMODITY_060,SUB_060_3,
3677,266,DEPT_07,Private,COMMODITY_279,SUB_279_4,
3678,324,DEPT_17,Private,COMMODITY_112,SUB_112_5,
3679,194,DEPT_14,Private,COMMODITY_031,SUB_031_6,
3680,97,DEPT_23,National,COMMODITY_002,SUB_002_7,
3681,282,DEPT_04,National,COMMODITY_254,SUB_254_0,
3682,132,DEPT_21,National,COMMODITY_273,SUB_273_1,
3683,292,DEPT_01,Private,COMMODITY_241,SUB_241_2,
3684,83,DEPT_00,National,COMMODITY_252,SUB_252_3,
3685,451,DEPT_23,National,COMMODITY_153,SUB_153_4,
3686,15,DEPT_13,National,COMMODITY_028,SUB_028_5,
3687,49,DEPT_13,National,COMMODITY_028,SUB_028_6,
3688,333,DEPT_04,Private,COMMODITY_205,SUB_205_7,
3689,460,DEPT_04,National,COMMODITY_244,SUB_244_0,
3690,320,DEPT_01,Private,COMMODITY_147,SUB_147_1,
3691,390,DEPT_17,National,COMMODITY_203,SUB_203_2,
3692,276,DEPT_09,National,COMMODITY_246,SUB_246_3,
3693,157,DEPT_17,Private,COMMODITY_259,SUB_259_4,
3694,339,DEPT_08,National,COMMODITY_053,SUB_053_5,
3695,245,DEPT_13,Private,COMMODITY_060,SUB_060_6,
3696,245,DEPT_15,Private,COMMODITY_054,SUB_054_7,
3697,216,DEPT_06,National,COMMODITY_106,SUB_106_0,
3698,413,DEPT_12,National,COMMODITY_286,SUB_286_1,
3699,499,DEPT_24,National,COMMODITY_221,SUB_221_2,
3700,411,DEPT_00,National,COMMODITY_062,SUB_062_3,
3701,115,DEPT_07,Private,COMMODITY_284,SUB_284_4,
3702,139,DEPT_19,National,COMMODITY_130,SUB_130_5,
3703,338,DEPT_17,National,COMMODITY_233,SUB_233_6,
3704,42,DEPT_11,Private,COMMODITY_050,SUB_050_7,
3705,382,DEPT_13,National,COMMODITY_215,SUB_215_0,
3706,292,DEPT_13,National,COMMODITY_097,SUB_097_1,
3707,137,DEPT_06,National,COMMODITY_158,SUB_158_2,
3708,18,DEPT_06,National,COMMODITY_099,SUB_099_3,
3709,416,DEPT_17,National,COMMODITY_261,SUB_261_4,
3710,147,DEPT_20,National,COMMODITY_182,SUB_182_5,
3711,371,DEPT_23,Private,COMMODITY_173,SUB_173_6,
3712,408,DEPT_06,National,COMMODITY_158,SUB_158_7,
3713,227,DEPT_11,National,COMMODITY_026,SUB_026_0,
3714,20,DEPT_19,National,COMMODITY_287,SUB_287_1,
3715,355,DEPT_19,National,COMMODITY_289,SUB_289_2,
3716,81,DEPT_20,National,COMMODITY_242,SUB_242_3,
3717,26,DEPT_20,National,COMMODITY_195,SUB_195_4,
3718,253,DEPT_22,National,COMMODITY_223,SUB_223_5,
3719,111,DEPT_00,Private,COMMODITY_062,SUB_062_6,
3720,392,DEPT_19,National,COMMODITY_089,SUB_089_7,
3721,485,DEPT_16,National,COMMODITY_092,SUB_092_0,
3722,278,DEPT_03,National,COMMODITY_090,SUB_090_1,
3723,193,DEPT_09,National,COMMODITY_118,SUB_118_2,
3724,331,DEPT_05,National,COMMODITY_137,SUB_137_3,
3725,112,DEPT_22,National,COMMODITY_003,SUB_003_4,
3726,213,DEPT_20,National,COMMODITY_088,SUB_088_5,
3727,441,DEPT_23,National,COMMODITY_135,SUB_135_6,
3728,273,DEPT_19,National,COMMODITY_055,SUB_055_7,
3729,450,DEPT_16,National,COMMODITY_280,SUB_280_0,
3730,209,DEPT_04,National,COMMODITY_059,SUB_059_1,
3731,217,DEPT_19,Private,COMMODITY_287,SUB_287_2,
3732,434,DEPT_09,Private,COMMODITY_113,SUB_113_3,
3733,28,DEPT_01,National,COMMODITY_134,SUB_134_4,
3734,155,DEPT_08,National,COMMODITY_100,SUB_100_5,
3735,309,DEPT_01,National,COMMODITY_268,SUB_268_6,
3736,57,DEPT_17,Private,COMMODITY_282,SUB_282_7,
3737,84,DEPT_22,National,COMMODITY_127,SUB_127_0,
3738,326,DEPT_01,National,COMMODITY_181,SUB_181_1,
3739,231,DEPT_17,National,COMMODITY_071,SUB_071_2,
3740,348,DEPT_06,National,COMMODITY_260,SUB_260_3,
3741,242,DEPT_00,Private,COMMODITY_057,SUB_057_4,
3742,35,DEPT_18,National,COMMODITY_029,SUB_029_5,
3743,477,DEPT_21,National,COMMODITY_072,SUB_072_6,
3744,365,DEPT_13,National,COMMODITY_011,SUB_011_7,
3745,38,DEPT_13,Private,COMMODITY_041,SUB_041_0,
3746,427,DEPT_23,National,COMMODITY_250,SUB_250_1,
3747,260,DEPT_17,National,COMMODITY_112,SUB_112_2,
3748,52,DEPT_24,Private,COMMODITY_131,SUB_131_3,
3749,111,DEPT_09,National,COMMODITY_118,SUB_118_4,
3750,243,DEPT_02,Private,COMMODITY_165,SUB_165_5,
3751,158,DEPT_09,Private,COMMODITY_118,SUB_118_6,
3752,66,DEPT_04,National,COMMODITY_081,SUB_081_7,
3753,391,DEPT_23,National,COMMODITY_010,SUB_010_0,
3754,143,DEPT_24,National,COMMODITY_129,SUB_129_1,
3755,338,DEPT_12,National,COMMODITY_048,SUB_048_2,
3756,209,DEPT_13,National,COMMODITY_039,SUB_039_3,
3757,212,DEPT_19,National,COMMODITY_089,SUB_089_4,
3758,499,DEPT_05,Private,COMMODITY_297,SUB_297_5,
3759,256,DEPT_02,Private,COMMODITY_171,SUB_171_6,
3760,247,DEPT_13,Private,COMMODITY_164,SUB_164_7,
3761,264,DEPT_00,National,COMMODITY_047,SUB_047_0,
3762,37,DEPT_18,National,COMMODITY_029,SUB_029_1,
3763,381,DEPT_21,National,COMMODITY_007,SUB_007_2,
3764,367,DEPT_07,National,COMMODITY_255,SUB_255_3,
3765,319,DEPT_23,National,COMMODITY_250,SUB_250_4,
3766,276,DEPT_24,National,COMMODITY_129,SUB_129_5,
3767,277,DEPT_11,National,COMMODITY_210,SUB_210_6,
3768,38,DEPT_19,National,COMMODITY_190,SUB_190_7,
3769,126,DEPT_21,National,COMMODITY_132,SUB_132_0,
3770,400,DEPT_00,National,COMMODITY_047,SUB_047_1,
3771,245,DEPT_23,Private,COMMODITY_002,SUB_002_2,
3772,243,DEPT_09,Private,COMMODITY_118,SUB_118_3,
3773,232,DEPT_00,National,COMMODITY_068,SUB_068_4,
3774,186,DEPT_23,National,COMMODITY_149,SUB_149_5,
3775,192,DEPT_13,Private,COMMODITY_061,SUB_061_6,
3776,269,DEPT_23,National,COMMODITY_149,SUB_149_7,
3777,418,DEPT_03,Private,COMMODITY_159,SUB_159_0,
3778,187,DEPT_05,Private,COMMODITY_245,SUB_245_1,
3779,207,DEPT_00,National,COMMODITY_267,SUB_267_2,
3780,409,DEPT_10,National,COMMODITY_148,SUB_148_3,
3781,49,DEPT_03,National,COMMODITY_001,SUB_001_4,
3782,269,DEPT_03,National,COMMODITY_090,SUB_090_5,
3783,151,DEPT_00,National,COMMODITY_068,SUB_068_6,
3784,357,DEPT_04,Private,COMMODITY_080,SUB_080_7,
3785,106,DEPT_00,National,COMMODITY_220,SUB_220_0,
3786,327,DEPT_16,National,COMMODITY_092,SUB_092_1,
3787,273,DEPT_24,National,COMMODITY_168,SUB_168_2,
3788,493,DEPT_14,National,COMMODITY_141,SUB_141_3,
3789,470,DEPT_17,Private,COMMODITY_275,SUB_275_4,
3790,17,DEPT_00,Private,COMMODITY_079,SUB_079_5,
3791,385,DEPT_12,National,COMMODITY_172,SUB_172_6,
3792,75,DEPT_15,National,COMMODITY_009,SUB_009_7,
3793,58,DEPT_06,National,COMMODITY_091,SUB_091_0,
3794,315,DEPT_04,Private,COMMODITY_059,SUB_059_1,
3795,75,DEPT_08,National,COMMODITY_037,SUB_037_2,
3796,48,DEPT_23,National,COMMODITY_173,SUB_173_3,
3797,15,DEPT_16,Private,COMMODITY_263,SUB_263_4,
3798,456,DEPT_04,National,COMMODITY_081,SUB_081_5,
3799,3,DEPT_15,National,COMMODITY_086,SUB_086_6,
3800,124,DEPT_06,National,COMMODITY_099,SUB_099_7,
3801,454,DEPT_10,National,COMMODITY_126,SUB_126_0,
3802,158,DEPT_17,National,COMMODITY_077,SUB_077_1,
3803,360,DEPT_13,National,COMMODITY_240,SUB_240_2,
3804,467,DEPT_18,National,COMMODITY_029,SUB_029_3,
3805,75,DEPT_00,National,COMMODITY_057,SUB_057_4,
3806,348,DEPT_15,Private,COMMODITY_054,SUB_054_5,
3807,480,DEPT_05,National,COMMODITY_262,SUB_262_6,
3808,11,DEPT_00,Private,COMMODITY_076,SUB_076_7,
3809,125,DEPT_06,Private,COMMODITY_143,SUB_143_0,
3810,264,DEPT_01,National,COMMODITY_251,SUB_251_1,
3811,49,DEPT_09,National,COMMODITY_116,SUB_116_2,
3812,167,DEPT_07,National,COMMODITY_066,SUB_066_3,
3813,72,DEPT_11,Private,COMMODITY_050,SUB_050_4,
3814,121,DEPT_05,National,COMMODITY_248,SUB_248_5,
3815,57,DEPT_01,Private,COMMODITY_117,SUB_117_6,
3816,15,DEPT_05,Private,COMMODITY_222,SUB_222_7,
3817,82,DEPT_04,Private,COMMODITY_040,SUB_040_0,
3818,268,DEPT_07,National,COMMODITY_292,SUB_292_1,
3819,309,DEPT_23,National,COMMODITY_014,SUB_014_2,
3820,111,DEPT_19,National,COMMODITY_226,SUB_226_3,
3821,205,DEPT_24,Private,COMMODITY_170,SUB_170_4,
3822,402,DEPT_08,Private,COMMODITY_034,SUB_034_5,
3823,411,DEPT_15,National,COMMODITY_185,SUB_185_6,
3824,444,DEPT_17,Private,COMMODITY_282,SUB_282_7,
3825,240,DEPT_22,National,COMMODITY_121,SUB_121_0,
3826,293,DEPT_00,National,COMMODITY_252,SUB_252_1,
3827,148,DEPT_24,Private,COMMODITY_221,SUB_221_2,
3828,88,DEPT_07,National,COMMODITY_133,SUB_133_3,
3829,333,DEPT_13,National,COMMODITY_028,SUB_028_4,
3830,204,DEPT_19,Private,COMMODITY_130,SUB_130_5,
3831,228,DEPT_08,National,COMMODITY_093,SUB_093_6,
3832,115,DEPT_15,National,COMMODITY_009,SUB_009_7,
3833,493,DEPT_09,National,COMMODITY_246,SUB_246_0,
3834,288,DEPT_16,National,COMMODITY_065,SUB_065_1,
3835,194,DEPT_15,Private,COMMODITY_283,SUB_283_2,
3836,181,DEPT_24,National,COMMODITY_214,SUB_214_3,
3837,420,DEPT_11,National,COMMODITY_234,SUB_234_4,
3838,142,DEPT_02,Private,COMMODITY_033,SUB_033_5,
3839,90,DEPT_19,Private,COMMODITY_055,SUB_055_6,
3840,292,DEPT_05,Private,COMMODITY_297,SUB_297_7,
3841,196,DEPT_23,National,COMMODITY_162,SUB_162_0,
3842,114,DEPT_22,National,COMMODITY_006,SUB_006_1,
3843,408,DEPT_13,National,COMMODITY_028,SUB_028_2,
3844,164,DEPT_05,National,COMMODITY_297,SUB_297_3,
3845,241,DEPT_13,National,COMMODITY_035,SUB_035_4,
3846,286,DEPT_20,National,COMMODITY_088,SUB_088_5,
3847,491,DEPT_08,National,COMMODITY_037,SUB_037_6,
3848,168,DEPT_21,National,COMMODITY_138,SUB_138_7,
3849,220,DEPT_18,National,COMMODITY_174,SUB_174_0,
3850,164,DEPT_08,National,COMMODITY_163,SUB_163_1,
3851,100,DEPT_00,National,COMMODITY_220,SUB_220_2,
3852,33,DEPT_15,National,COMMODITY_086,SUB_086_3,
3853,267,DEPT_22,National,COMMODITY_073,SUB_073_4,
3854,31,DEPT_07,National,COMMODITY_066,SUB_066_5,
3855,114,DEPT_04,National,COMMODITY_205,SUB_205_6,
3856,415,DEPT_17,National,COMMODITY_015,SUB_015_7,
3857,224,DEPT_06,Private,COMMODITY_143,SUB_143_0,
3858,21,DEPT_22,National,COMMODITY_247,SUB_247_1,
3859,486,DEPT_00,National,COMMODITY_068,SUB_068_2,
3860,177,DEPT_08,National,COMMODITY_291,SUB_291_3,
3861,158,DEPT_01,National,COMMODITY_241,SUB_241_4,
3862,193,DEPT_08,National,COMMODITY_037,SUB_037_5,
3863,499,DEPT_05,National,COMMODITY_199,SUB_199_6,
3864,378,DEPT_12,National,COMMODITY_257,SUB_257_7,
3865,319,DEPT_04,National,COMMODITY_254,SUB_254_0,
3866,200,DEPT_17,National,COMMODITY_216,SUB_216_1,
3867,100,DEPT_12,Private,COMMODITY_295,SUB_295_2,
3868,212,DEPT_13,Private,COMMODITY_225,SUB_225_3,
3869,388,DEPT_02,National,COMMODITY_191,SUB_191_4,
3870,222,DEPT_09,Private,COMMODITY_116,SUB_116_5,
3871,297,DEPT_16,National,COMMODITY_179,SUB_179_6,
3872,4,DEPT_22,National,COMMODITY_017,SUB_017_7,
3873,364,DEPT_19,National,COMMODITY_089,SUB_089_0,
3874,340,DEPT_05,National,COMMODITY_207,SUB_207_1,
3875,365,DEPT_07,Private,COMMODITY_133,SUB_133_2,
3876,108,DEPT_21,Private,COMMODITY_288,SUB_288_3,
3877,442,DEPT_18,National,COMMODITY_150,SUB_150_4,
3878,486,DEPT_06,National,COMMODITY_197,SUB_197_5,
3879,46,DEPT_20,National,COMMODITY_115,SUB_115_6,
3880,363,DEPT_08,Private,COMMODITY_070,SUB_070_7,
3881,197,DEPT_17,National,COMMODITY_274,SUB_274_0,
3882,398,DEPT_03,National,COMMODITY_161,SUB_161_1,
3883,103,DEPT_02,Private,COMMODITY_042,SUB_042_2,
3884,137,DEPT_15,National,COMMODITY_036,SUB_036_3,
3885,77,DEPT_01,Private,COMMODITY_063,SUB_063_4,
3886,223,DEPT_13,Private,COMMODITY_215,SUB_215_5,
3887,204,DEPT_19,National,COMMODITY_120,SUB_120_6,
3888,283,DEPT_24,National,COMMODITY_201,SUB_201_7,
3889,255,DEPT_22,National,COMMODITY_102,SUB_102_0,
3890,438,DEPT_01,National,COMMODITY_134,SUB_134_1,
3891,227,DEPT_11,National,COMMODITY_026,SUB_026_2,
3892,115,DEPT_23,Private,COMMODITY_002,SUB_002_3,
3893,448,DEPT_02,National,COMMODITY_171,SUB_171_4,
3894,23,DEPT_11,Private,COMMODITY_018,SUB_018_5,
3895,420,DEPT_00,National,COMMODITY_167,SUB_167_6,
3896,242,DEPT_21,National,COMMODITY_204,SUB_204_7,
3897,11,DEPT_11,National,COMMODITY_272,SUB_272_0,
3898,202,DEPT_05,Private,COMMODITY_207,SUB_207_1,
3899,93,DEPT_08,National,COMMODITY_093,SUB_093_2,
3900,229,DEPT_12,National,COMMODITY_172,SUB_172_3,
3901,121,DEPT_05,National,COMMODITY_137,SUB_137_4,
3902,432,DEPT_00,National,COMMODITY_068,SUB_068_5,
3903,105,DEPT_06,National,COMMODITY_260,SUB_260_6,
3904,30,DEPT_14,National,COMMODITY_198,SUB_198_7,
3905,360,DEPT_17,Private,COMMODITY_077,SUB_077_0,
3906,332,DEPT_14,National,COMMODITY_031,SUB_031_1,
3907,347,DEPT_24,National,COMMODITY_129,SUB_129_2,
3908,214,DEPT_07,National,COMMODITY_188,SUB_188_3,
3909,477,DEPT_23,National,COMMODITY_173,SUB_173_4,
3910,298,DEPT_02,Private,COMMODITY_171,SUB_171_5,
3911,456,DEPT_23,Private,COMMODITY_162,SUB_162_6,
3912,424,DEPT_06,National,COMMODITY_106,SUB_106_7,
3913,273,DEPT_04,National,COMMODITY_040,SUB_040_0,
3914,150,DEPT_16,National,COMMODITY_065,SUB_065_1,
3915,155,DEPT_17,National,COMMODITY_012,SUB_012_2,
3916,48,DEPT_06,Private,COMMODITY_217,SUB_217_3,
3917,169,DEPT_15,National,COMMODITY_185,SUB_185_4,
3918,198,DEPT_15,Private,COMMODITY_054,SUB_054_5,
3919,354,DEPT_04,National,COMMODITY_081,SUB_081_6,
3920,224,DEPT_00,National,COMMODITY_047,SUB_047_7,
3921,246,DEPT_14,National,COMMODITY_140,SUB_140_0,
3922,352,DEPT_22,National,COMMODITY_189,SUB_189_1,
3923,458,DEPT_21,Private,COMMODITY_007,SUB_007_2,
3924,404,DEPT_14,National,COMMODITY_198,SUB_198_3,
3925,308,DEPT_15,Private,COMMODITY_038,SUB_038_4,
3926,64,DEPT_14,National,COMMODITY_030,SUB_030_5,
3927,389,DEPT_00,Private,COMMODITY_252,SUB_252_6,
3928,42,DEPT_11,National,COMMODITY_078,SUB_078_7,
3929,499,DEPT_21,National,COMMODITY_273,SUB_273_0,
3930,482,DEPT_18,National,COMMODITY_029,SUB_029_1,
3931,181,DEPT_12,National,COMMODITY_295,SUB_295_2,
3932,498,DEPT_17,Private,COMMODITY_274,SUB_274_3,
3933,369,DEPT_14,National,COMMODITY_030,SUB_030_4,
3934,130,DEPT_23,Private,COMMODITY_002,SUB_002_5,
3935,117,DEPT_22,National,COMMODITY_247,SUB_247_6,
3936,38,DEPT_11,National,COMMODITY_105,SUB_105_7,
3937,131,DEPT_21,National,COMMODITY_072,SUB_072_0,
3938,320,DEPT_00,National,COMMODITY_047,SUB_047_1,
3939,247,DEPT_15,National,COMMODITY_054,SUB_054_2,
3940,371,DEPT_14,Private,COMMODITY_140,SUB_140_3,
3941,265,DEPT_17,Private,COMMODITY_233,SUB_233_4,
3942,226,DEPT_11,National,COMMODITY_272,SUB_272_5,
3943,312,DEPT_21,National,COMMODITY_072,SUB_072_6,
3944,114,DEPT_21,National,COMMODITY_212,SUB_212_7,
3945,392,DEPT_10,National,COMMODITY_281,SUB_281_0,
3946,92,DEPT_19,Private,COMMODITY_108,SUB_108_1,
3947,164,DEPT_12,National,COMMODITY_172,SUB_172_2,
3948,339,DEPT_19,Private,COMMODITY_055,SUB_055_3,
3949,206,DEPT_06,National,COMMODITY_260,SUB_260_4,
3950,173,DEPT_19,National,COMMODITY_211,SUB_211_5,
3951,448,DEPT_05,National,COMMODITY_199,SUB_199_6,
3952,57,DEPT_23,National,COMMODITY_162,SUB_162_7,
3953,496,DEPT_23,Private,COMMODITY_082,SUB_082_0,
3954,90,DEPT_17,National,COMMODITY_216,SUB_216_1,
3955,15,DEPT_17,Private,COMMODITY_233,SUB_233_2,
3956,457,DEPT_23,National,COMMODITY_013,SUB_013_3,
3957,158,DEPT_09,Private,COMMODITY_113,SUB_113_4,
3958,231,DEPT_17,Private,COMMODITY_051,SUB_051_5,
3959,93,DEPT_23,National,COMMODITY_173,SUB_173_6,
3960,390,DEPT_19,National,COMMODITY_095,SUB_095_7,
3961,276,DEPT_11,National,COMMODITY_032,SUB_032_0,
3962,423,DEPT_15,Private,COMMODITY_139,SUB_139_1,
3963,294,DEPT_02,National,COMMODITY_042,SUB_042_2,
3964,160,DEPT_24,National,COMMODITY_170,SUB_170_3,
3965,234,DEPT_21,National,COMMODITY_212,SUB_212_4,
3966,379,DEPT_24,Private,COMMODITY_168,SUB_168_5,
3967,364,DEPT_14,National,COMMODITY_141,SUB_141_6,
3968,395,DEPT_23,National,COMMODITY_162,SUB_162_7,
3969,320,DEPT_05,National,COMMODITY_177,SUB_177_0,
3970,375,DEPT_02,Private,COMMODITY_169,SUB_169_1,
3971,53,DEPT_01,National,COMMODITY_063,SUB_063_2,
3972,200,DEPT_23,Private,COMMODITY_125,SUB_125_3,
3973,258,DEPT_06,Private,COMMODITY_091,SUB_091_4,
3974,489,DEPT_16,National,COMMODITY_083,SUB_083_5,
3975,57,DEPT_00,National,COMMODITY_052,SUB_052_6,
3976,296,DEPT_01,Private,COMMODITY_155,SUB_155_7,
3977,300,DEPT_00,National,COMMODITY_057,SUB_057_0,
3978,423,DEPT_15,Private,COMMODITY_036,SUB_036_1,
3979,415,DEPT_03,National,COMMODITY_296,SUB_296_2,
3980,260,DEPT_05,National,COMMODITY_224,SUB_224_3,
3981,396,DEPT_00,National,COMMODITY_000,SUB_000_4,
3982,163,DEPT_13,Private,COMMODITY_285,SUB_285_5,
3983,24,DEPT_22,National,COMMODITY_127,SUB_127_6,
3984,192,DEPT_24,Private,COMMODITY_016,SUB_016_7,
3985,337,DEPT_20,Private,COMMODITY_253,SUB_253_0,
3986,138,DEPT_11,National,COMMODITY_234,SUB_234_1,
3987,171,DEPT_08,National,COMMODITY_100,SUB_100_2,
3988,386,DEPT_23,National,COMMODITY_067,SUB_067_3,
3989,122,DEPT_07,National,COMMODITY_133,SUB_133_4,
3990,485,DEPT_08,National,COMMODITY_100,SUB_100_5,
3991,178,DEPT_24,National,COMMODITY_087,SUB_087_6,
3992,17,DEPT_23,National,COMMODITY_010,SUB_010_7,
3993,244,DEPT_05,Private,COMMODITY_235,SUB_235_0,
3994,144,DEPT_14,National,COMMODITY_290,SUB_290_1,
3995,317,DEPT_20,National,COMMODITY_115,SUB_115_2,
3996,147,DEPT_24,Private,COMMODITY_168,SUB_168_3,
3997,462,DEPT_01,Private,COMMODITY_134,SUB_134_4,
3998,71,DEPT_16,National,COMMODITY_024,SUB_024_5,
3999,244,DEPT_17,National,COMMODITY_071,SUB_071_6,
4000,373,DEPT_23,National,COMMODITY_096,SUB_096_7,
4001,258,DEPT_08,National,COMMODITY_123,SUB_123_0,
4002,32,DEPT_06,National,COMMODITY_293,SUB_293_1,
4003,102,DEPT_21,Private,COMMODITY_192,SUB_192_2,
4004,73,DEPT_11,National,COMMODITY_018,SUB_018_3,
4005,282,DEPT_24,National,COMMODITY_236,SUB_236_4,
4006,278,DEPT_17,National,COMMODITY_275,SUB_275_5,
4007,430,DEPT_08,National,COMMODITY_103,SUB_103_6,
4008,470,DEPT_16,Private,COMMODITY_083,SUB_083_7,
4009,331,DEPT_00,National,COMMODITY_000,SUB_000_0,
4010,301,DEPT_05,Private,COMMODITY_023,SUB_023_1,
4011,415,DEPT_02,National,COMMODITY_171,SUB_171_2,
4012,426,DEPT_19,National,COMMODITY_187,SUB_187_3,
4013,160,DEPT_21,National,COMMODITY_072,SUB_072_4,
4014,344,DEPT_01,Private,COMMODITY_268,SUB_268_5,
4015,73,DEPT_22,Private,COMMODITY_223,SUB_223_6,
4016,451,DEPT_09,Private,COMMODITY_109,SUB_109_7,
4017,114,DEPT_15,National,COMMODITY_186,SUB_186_0,
4018,405,DEPT_08,Private,COMMODITY_103,SUB_103_1,
4019,378,DEPT_24,National,COMMODITY_016,SUB_016_2,
4020,376,DEPT_11,National,COMMODITY_078,SUB_078_3,
4021,176,DEPT_24,National,COMMODITY_170,SUB_170_4,
4022,82,DEPT_08,Private,COMMODITY_093,SUB_093_5,
4023,446,DEPT_06,National,COMMODITY_143,SUB_143_6,
4024,309,DEPT_17,National,COMMODITY_020,SUB_020_7,
4025,12,DEPT_05,National,COMMODITY_262,SUB_262_0,
4026,372,DEPT_02,Private,COMMODITY_151,SUB_151_1,
4027,215,DEPT_06,National,COMMODITY_260,SUB_260_2,
4028,391,DEPT_22,National,COMMODITY_102,SUB_102_3,
4029,46,DEPT_19,Private,COMMODITY_190,SUB_190_4,
4030,414,DEPT_11,Private,COMMODITY_049,SUB_049_5,
4031,417,DEPT_06,National,COMMODITY_265,SUB_265_6,
4032,260,DEPT_17,National,COMMODITY_216,SUB_216_7,
4033,64,DEPT_11,National,COMMODITY_276,SUB_276_0,
4034,157,DEPT_00,National,COMMODITY_267,SUB_267_1,
4035,251,DEPT_09,National,COMMODITY_084,SUB_084_2,
4036,173,DEPT_20,National,COMMODITY_242,SUB_242_3,
4037,443,DEPT_16,Private,COMMODITY_083,SUB_083_4,
4038,318,DEPT_04,National,COMMODITY_040,SUB_040_5,
4039,460,DEPT_21,National,COMMODITY_132,SUB_132_6,
4040,263,DEPT_17,National,COMMODITY_274,SUB_274_7,
4041,20,DEPT_07,National,COMMODITY_255,SUB_255_0,
4042,324,DEPT_13,Private,COMMODITY_122,SUB_122_1,
4043,377,DEPT_20,National,COMMODITY_253,SUB_253_2,
4044,464,DEPT_17,National,COMMODITY_274,SUB_274_3,
4045,364,DEPT_12,National,COMMODITY_258,SUB_258_4,
4046,489,DEPT_15,Private,COMMODITY_025,SUB_025_5,
4047,389,DEPT_23,National,COMMODITY_082,SUB_082_6,
4048,413,DEPT_12,National,COMMODITY_295,SUB_295_7,
4049,265,DEPT_20,National,COMMODITY_264,SUB_264_0,
4050,356,DEPT_18,Private,COMMODITY_029,SUB_029_1,
4051,216,DEPT_22,National,COMMODITY_006,SUB_006_2,
4052,215,DEPT_22,Private,COMMODITY_223,SUB_223_3,
4053,251,DEPT_24,National,COMMODITY_129,SUB_129_4,
4054,410,DEPT_24,National,COMMODITY_214,SUB_214_5,
4055,495,DEPT_00,National,COMMODITY_267,SUB_267_6,
4056,179,DEPT_12,National,COMMODITY_227,SUB_227_7,
4057,27,DEPT_23,National,COMMODITY_125,SUB_125_0,
4058,324,DEPT_22,Private,COMMODITY_073,SUB_073_1,
4059,357,DEPT_00,National,COMMODITY_252,SUB_252_2,
4060,453,DEPT_05,Private,COMMODITY_224,SUB_224_3,
4061,127,DEPT_22,National,COMMODITY_102,SUB_102_4,
4062,291,DEPT_23,National,COMMODITY_153,SUB_153_5,
4063,226,DEPT_18,National,COMMODITY_029,SUB_029_6,
4064,189,DEPT_23,National,COMMODITY_014,SUB_014_7,
4065,273,DEPT_01,National,COMMODITY_128,SUB_128_0,
4066,91,DEPT_18,Private,COMMODITY_029,SUB_029_1,
4067,17,DEPT_14,National,COMMODITY_202,SUB_202_2,
4068,346,DEPT_09,National,COMMODITY_084,SUB_084_3,
4069,436,DEPT_12,National,COMMODITY_299,SUB_299_4,
4070,222,DEPT_04,Private,COMMODITY_254,SUB_254_5,
4071,272,DEPT_19,National,COMMODITY_095,SUB_095_6,
4072,71,DEPT_22,National,COMMODITY_127,SUB_127_7,
4073,357,DEPT_14,National,COMMODITY_270,SUB_270_0,
4074,197,DEPT_23,Private,COMMODITY_082,SUB_082_1,
4075,11,DEPT_07,National,COMMODITY_284,SUB_284_2,
4076,429,DEPT_19,National,COMMODITY_160,SUB_160_3,
4077,339,DEPT_00,National,COMMODITY_022,SUB_022_4,
4078,460,DEPT_06,National,COMMODITY_099,SUB_099_5,
4079,45,DEPT_00,National,COMMODITY_047,SUB_047_6,
4080,457,DEPT_16,National,COMMODITY_092,SUB_092_7,
4081,148,DEPT_00,National,COMMODITY_220,SUB_220_0,
4082,6,DEPT_04,National,COMMODITY_059,SUB_059_1,
4083,456,DEPT_01,National,COMMODITY_128,SUB_128_2,
4084,174,DEPT_11,National,COMMODITY_105,SUB_105_3,
4085,419,DEPT_05,National,COMMODITY_297,SUB_297_4,
4086,149,DEPT_11,National,COMMODITY_049,SUB_049_5,
4087,311,DEPT_13,National,COMMODITY_061,SUB_061_6,
4088,356,DEPT_12,National,COMMODITY_172,SUB_172_7,
4089,346,DEPT_13,National,COMMODITY_061,SUB_061_0,
4090,93,DEPT_09,Private,COMMODITY_113,SUB_113_1,
4091,340,DEPT_08,Private,COMMODITY_046,SUB_046_2,
4092,106,DEPT_13,National,COMMODITY_011,SUB_011_3,
4093,309,DEPT_07,National,COMMODITY_188,SUB_188_4,
4094,437,DEPT_05,National,COMMODITY_064,SUB_064_5,
4095,247,DEPT_00,National,COMMODITY_052,SUB_052_6,
4096,242,DEPT_06,National,COMMODITY_143,SUB_143_7,
4097,263,DEPT_20,Private,COMMODITY_145,SUB_145_0,
4098,392,DEPT_16,National,COMMODITY_083,SUB_083_1,
4099,234,DEPT_17,National,COMMODITY_077,SUB_077_2,
4100,336,DEPT_20,National,COMMODITY_264,SUB_264_3,
4101,456,DEPT_13,Private,COMMODITY_266,SUB_266_4,
4102,189,DEPT_22,Private,COMMODITY_017,SUB_017_5,
4103,215,DEPT_04,National,COMMODITY_040,SUB_040_6,
4104,433,DEPT_14,National,COMMODITY_194,SUB_194_7,
4105,273,DEPT_12,National,COMMODITY_258,SUB_258_0,
4106,450,DEPT_12,National,COMMODITY_258,SUB_258_1,
4107,92,DEPT_17,National,COMMODITY_282,SUB_282_2,
4108,473,DEPT_11,National,COMMODITY_276,SUB_276_3,
4109,30,DEPT_19,National,COMMODITY_187,SUB_187_4,
4110,176,DEPT_20,National,COMMODITY_145,SUB_145_5,
4111,175,DEPT_15,National,COMMODITY_038,SUB_038_6,
4112,483,DEPT_19,Private,COMMODITY_120,SUB_120_7,
4113,82,DEPT_16,National,COMMODITY_083,SUB_083_0,
4114,266,DEPT_23,National,COMMODITY_010,SUB_010_1,
4115,310,DEPT_11,National,COMMODITY_078,SUB_078_2,
4116,26,DEPT_15,National,COMMODITY_139,SUB_139_3,
4117,199,DEPT_03,Private,COMMODITY_090,SUB_090_4,
4118,202,DEPT_14,Private,COMMODITY_194,SUB_194_5,
4119,416,DEPT_21,National,COMMODITY_104,SUB_104_6,
4120,434,DEPT_08,Private,COMMODITY_101,SUB_101_7,
4121,94,DEPT_16,National,COMMODITY_280,SUB_280_0,
4122,255,DEPT_12,Private,COMMODITY_048,SUB_048_1,
4123,146,DEPT_16,National,COMMODITY_083,SUB_083_2,
4124,54,DEPT_14,National,COMMODITY_141,SUB_141_3,
4125,440,DEPT_12,National,COMMODITY_299,SUB_299_4,
4126,282,DEPT_12,National,COMMODITY_048,SUB_048_5,
4127,46,DEPT_20,National,COMMODITY_115,SUB_115_6,
4128,192,DEPT_00,Private,COMMODITY_167,SUB_167_7,
4129,137,DEPT_00,National,COMMODITY_021,SUB_021_0,
4130,405,DEPT_05,National,COMMODITY_137,SUB_137_1,
4131,13,DEPT_09,National,COMMODITY_118,SUB_118_2,
4132,183,DEPT_13,National,COMMODITY_298,SUB_298_3,
4133,123,DEPT_12,Private,COMMODITY_172,SUB_172_4,
4134,327,DEPT_12,Private,COMMODITY_048,SUB_048_5,
4135,224,DEPT_24,Private,COMMODITY_170,SUB_170_6,
4136,125,DEPT_19,National,COMMODITY_190,SUB_190_7,
4137,327,DEPT_06,National,COMMODITY_260,SUB_260_0,
4138,126,DEPT_04,National,COMMODITY_059,SUB_059_1,
4139,76,DEPT_15,National,COMMODITY_054,SUB_054_2,
4140,29,DEPT_23,National,COMMODITY_125,SUB_125_3,
4141,451,DEPT_17,National,COMMODITY_020,SUB_020_4,
4142,42,DEPT_05,National,COMMODITY_224,SUB_224_5,
4143,206,DEPT_21,National,COMMODITY_273,SUB_273_6,
4144,84,DEPT_23,National,COMMODITY_149,SUB_149_7,
4145,417,DEPT_13,National,COMMODITY_196,SUB_196_0,
4146,44,DEPT_19,National,COMMODITY_108,SUB_108_1,
4147,382,DEPT_15,National,COMMODITY_283,SUB_283_2,
4148,173,DEPT_13,National,COMMODITY_266,SUB_266_3,
4149,249,DEPT_14,National,COMMODITY_154,SUB_154_4,
4150,379,DEPT_17,Private,COMMODITY_261,SUB_261_5,
4151,328,DEPT_23,National,COMMODITY_013,SUB_013_6,
4152,104,DEPT_00,National,COMMODITY_114,SUB_114_7,
4153,213,DEPT_00,National,COMMODITY_114,SUB_114_0,
4154,413,DEPT_13,Private,COMMODITY_028,SUB_028_1,
4155,267,DEPT_24,National,COMMODITY_236,SUB_236_2,
4156,95,DEPT_22,Private,COMMODITY_102,SUB_102_3,
4157,97,DEPT_21,National,COMMODITY_007,SUB_007_4,
4158,259,DEPT_19,Private,COMMODITY_055,SUB_055_5,
4159,459,DEPT_05,Private,COMMODITY_248,SUB_248_6,
4160,87,DEPT_22,Private,COMMODITY_223,SUB_223_7,
4161,455,DEPT_14,National,COMMODITY_140,SUB_140_0,
4162,221,DEPT_02,Private,COMMODITY_191,SUB_191_1,
4163,390,DEPT_19,National,COMMODITY_190,SUB_190_2,
4164,24,DEPT_02,National,COMMODITY_151,SUB_151_3,
4165,265,DEPT_21,National,COMMODITY_228,SUB_228_4,
4166,110,DEPT_18,Private,COMMODITY_004,SUB_004_5,
4167,28,DEPT_08,National,COMMODITY_237,SUB_237_6,
4168,497,DEPT_19,National,COMMODITY_289,SUB_289_7,
4169,44,DEPT_23,Private,COMMODITY_162,SUB_162_0,
4170,282,DEPT_18,National,COMMODITY_004,SUB_004_1,
4171,185,DEPT_01,National,COMMODITY_241,SUB_241_2,
4172,448,DEPT_06,National,COMMODITY_158,SUB_158_3,
4173,232,DEPT_05,Private,COMMODITY_023,SUB_023_4,
4174,188,DEPT_24,National,COMMODITY_129,SUB_129_5,
4175,488,DEPT_11,National,COMMODITY_018,SUB_018_6,
4176,178,DEPT_11,Private,COMMODITY_078,SUB_078_7,
4177,94,DEPT_16,Private,COMMODITY_179,SUB_179_0,
4178,148,DEPT_13,National,COMMODITY_266,SUB_266_1,
4179,49,DEPT_05,Private,COMMODITY_297,SUB_297_2,
4180,20,DEPT_22,National,COMMODITY_102,SUB_102_3,
4181,458,DEPT_21,National,COMMODITY_104,SUB_104_4,
4182,251,DEPT_02,National,COMMODITY_169,SUB_169_5,
4183,490,DEPT_06,National,COMMODITY_217,SUB_217_6,
4184,355,DEPT_13,Private,COMMODITY_039,SUB_039_7,
4185,387,DEPT_09,National,COMMODITY_113,SUB_113_0,
4186,301,DEPT_17,National,COMMODITY_015,SUB_015_1,
4187,344,DEPT_14,National,COMMODITY_206,SUB_206_2,
4188,216,DEPT_00,National,COMMODITY_252,SUB_252_3,
4189,324,DEPT_16,Private,COMMODITY_179,SUB_179_4,
4190,98,DEPT_15,National,COMMODITY_038,SUB_038_5,
4191,202,DEPT_21,National,COMMODITY_132,SUB_132_6,
4192,368,DEPT_04,National,COMMODITY_040,SUB_040_7,
4193,425,DEPT_06,Private,COMMODITY_197,SUB_197_0,
4194,350,DEPT_06,National,COMMODITY_197,SUB_197_1,
4195,462,DEPT_17,National,COMMODITY_112,SUB_112_2,
4196,205,DEPT_05,Private,COMMODITY_064,SUB_064_3,
4197,376,DEPT_14,National,COMMODITY_031,SUB_031_4,
4198,81,DEPT_11,National,COMMODITY_234,SUB_234_5,
4199,328,DEPT_23,Private,COMMODITY_067,SUB_067_6,
4200,398,DEPT_00,National,COMMODITY_022,SUB_022_7,
4201,351,DEPT_01,Private,COMMODITY_251,SUB_251_0,
4202,451,DEPT_15,National,COMMODITY_009,SUB_009_1,
4203,159,DEPT_13,Private,COMMODITY_164,SUB_164_2,
4204,326,DEPT_09,National,COMMODITY_113,SUB_113_3,
4205,113,DEPT_04,National,COMMODITY_146,SUB_146_4,
4206,237,DEPT_06,National,COMMODITY_260,SUB_260_5,
4207,12,DEPT_13,National,COMMODITY_225,SUB_225_6,
4208,450,DEPT_04,National,COMMODITY_040,SUB_040_7,
4209,215,DEPT_23,National,COMMODITY_162,SUB_162_0,
4210,152,DEPT_03,Private,COMMODITY_001,SUB_001_1,
4211,391,DEPT_13,Private,COMMODITY_035,SUB_035_2,
4212,244,DEPT_02,National,COMMODITY_144,SUB_144_3,
4213,202,DEPT_09,National,COMMODITY_118,SUB_118_4,
4214,499,DEPT_01,National,COMMODITY_134,SUB_134_5,
4215,394,DEPT_02,National,COMMODITY_151,SUB_151_6,
4216,94,DEPT_24,Private,COMMODITY_131,SUB_131_7,
4217,16,DEPT_11,National,COMMODITY_049,SUB_049_0,
4218,343,DEPT_00,National,COMMODITY_068,SUB_068_1,
4219,286,DEPT_02,Private,COMMODITY_042,SUB_042_2,
4220,232,DEPT_23,National,COMMODITY_213,SUB_213_3,
4221,169,DEPT_04,National,COMMODITY_244,SUB_244_4,
4222,387,DEPT_07,National,COMMODITY_255,SUB_255_5,
4223,100,DEPT_13,National,COMMODITY_193,SUB_193_6,
4224,497,DEPT_07,National,COMMODITY_136,SUB_136_7,
4225,419,DEPT_09,Private,COMMODITY_084,SUB_084_0,
4226,291,DEPT_08,National,COMMODITY_277,SUB_277_1,
4227,268,DEPT_23,National,COMMODITY_094,SUB_094_2,
4228,368,DEPT_13,National,COMMODITY_215,SUB_215_3,
4229,331,DEPT_01,National,COMMODITY_117,SUB_117_4,
4230,190,DEPT_05,National,COMMODITY_023,SUB_023_5,
4231,48,DEPT_11,Private,COMMODITY_032,SUB_032_6,
4232,128,DEPT_17,National,COMMODITY_282,SUB_282_7,
4233,13,DEPT_17,National,COMMODITY_282,SUB_282_0,
4234,314,DEPT_01,National,COMMODITY_117,SUB_117_1,
4235,458,DEPT_04,National,COMMODITY_244,SUB_244_2,
4236,98,DEPT_07,National,COMMODITY_188,SUB_188_3,
4237,24,DEPT_16,National,COMMODITY_083,SUB_083_4,
4238,349,DEPT_00,Private,COMMODITY_052,SUB_052_5,
4239,231,DEPT_01,National,COMMODITY_241,SUB_241_6,
4240,228,DEPT_11,Private,COMMODITY_156,SUB_156_7,
4241,179,DEPT_02,National,COMMODITY_144,SUB_144_0,
4242,25,DEPT_07,Private,COMMODITY_066,SUB_066_1,
4243,467,DEPT_09,National,COMMODITY_246,SUB_246_2,
4244,150,DEPT_13,National,COMMODITY_196,SUB_196_3,
4245,114,DEPT_13,National,COMMODITY_122,SUB_122_4,
4246,459,DEPT_06,National,COMMODITY_091,SUB_091_5,
4247,121,DEPT_20,National,COMMODITY_145,SUB_145_6,
4248,455,DEPT_12,National,COMMODITY_299,SUB_299_7,
4249,441,DEPT_15,Private,COMMODITY_038,SUB_038_0,
4250,296,DEPT_11,Private,COMMODITY_032,SUB_032_1,
4251,79,DEPT_24,National,COMMODITY_005,SUB_005_2,
4252,189,DEPT_02,National,COMMODITY_169,SUB_169_3,
4253,44,DEPT_12,Private,COMMODITY_172,SUB_172_4,
4254,342,DEPT_19,National,COMMODITY_055,SUB_055_5,
4255,9,DEPT_11,National,COMMODITY_183,SUB_183_6,
4256,15,DEPT_20,National,COMMODITY_088,SUB_088_7,
4257,13,DEPT_09,Private,COMMODITY_271,SUB_271_0,
4258,356,DEPT_12,National,COMMODITY_258,SUB_258_1,
4259,108,DEPT_19,National,COMMODITY_187,SUB_187_2,
4260,268,DEPT_18,National,COMMODITY_150,SUB_150_3,
4261,114,DEPT_08,National,COMMODITY_053,SUB_053_4,
4262,364,DEPT_11,National,COMMODITY_026,SUB_026_5,
4263,240,DEPT_22,National,COMMODITY_247,SUB_247_6,
4264,493,DEPT_02,National,COMMODITY_218,SUB_218_7,
4265,336,DEPT_06,Private,COMMODITY_265,SUB_265_0,
4266,343,DEPT_07,National,COMMODITY_133,SUB_133_1,
4267,103,DEPT_02,National,COMMODITY_165,SUB_165_2,
4268,452,DEPT_16,National,COMMODITY_024,SUB_024_3,
4269,89,DEPT_23,National,COMMODITY_173,SUB_173_4,
4270,203,DEPT_20,National,COMMODITY_145,SUB_145_5,
4271,7,DEPT_00,National,COMMODITY_057,SUB_057_6,
4272,473,DEPT_07,National,COMMODITY_133,SUB_133_7,
4273,386,DEPT_05,National,COMMODITY_222,SUB_222_0,
4274,495,DEPT_23,Private,COMMODITY_175,SUB_175_1,
4275,387,DEPT_00,National,COMMODITY_057,SUB_057_2,
4276,446,DEPT_19,Private,COMMODITY_130,SUB_130_3,
4277,383,DEPT_07,National,COMMODITY_255,SUB_255_4,
4278,41,DEPT_05,National,COMMODITY_180,SUB_180_5,
4279,290,DEPT_20,Private,COMMODITY_182,SUB_182_6,
4280,39,DEPT_19,Private,COMMODITY_211,SUB_211_7,
4281,217,DEPT_08,Private,COMMODITY_034,SUB_034_0,
4282,420,DEPT_03,Private,COMMODITY_296,SUB_296_1,
4283,29,DEPT_12,National,COMMODITY_295,SUB_295_2,
4284,396,DEPT_00,National,COMMODITY_167,SUB_167_3,
4285,448,DEPT_20,National,COMMODITY_027,SUB_027_4,
4286,29,DEPT_21,National,COMMODITY_132,SUB_132_5,
4287,270,DEPT_16,Private,COMMODITY_065,SUB_065_6,
4288,35,DEPT_23,National,COMMODITY_213,SUB_213_7,
4289,96,DEPT_03,National,COMMODITY_296,SUB_296_0,
4290,403,DEPT_17,Private,COMMODITY_274,SUB_274_1,
4291,328,DEPT_17,National,COMMODITY_233,SUB_233_2,
4292,157,DEPT_22,Private,COMMODITY_006,SUB_006_3,
4293,423,DEPT_06,Private,COMMODITY_260,SUB_260_4,
4294,181,DEPT_23,National,COMMODITY_010,SUB_010_5,
4295,369,DEPT_18,Private,COMMODITY_157,SUB_157_6,
4296,196,DEPT_06,Private,COMMODITY_293,SUB_293_7,
4297,220,DEPT_23,Private,COMMODITY_250,SUB_250_0,
4298,11,DEPT_08,National,COMMODITY_163,SUB_163_1,
4299,348,DEPT_22,National,COMMODITY_247,SUB_247_2,
4300,273,DEPT_17,National,COMMODITY_015,SUB_015_3,
4301,310,DEPT_09,National,COMMODITY_113,SUB_113_4,
4302,59,DEPT_14,Private,COMMODITY_198,SUB_198_5,
4303,453,DEPT_21,Private,COMMODITY_104,SUB_104_6,
4304,323,DEPT_13,National,COMMODITY_028,SUB_028_7,
4305,256,DEPT_20,National,COMMODITY_145,SUB_145_0,
4306,49,DEPT_14,National,COMMODITY_031,SUB_031_1,
4307,111,DEPT_05,National,COMMODITY_137,SUB_137_2,
4308,478,DEPT_19,National,COMMODITY_120,SUB_120_3,
4309,282,DEPT_21,National,COMMODITY_200,SUB_200_4,
4310,422,DEPT_05,National,COMMODITY_199,SUB_199_5,
4311,102,DEPT_21,National,COMMODITY_204,SUB_204_6,
4312,368,DEPT_09,National,COMMODITY_246,SUB_246_7,
4313,273,DEPT_05,Private,COMMODITY_137,SUB_137_0,
4314,15,DEPT_21,Private,COMMODITY_256,SUB_256_1,
4315,370,DEPT_17,National,COMMODITY_015,SUB_015_2,
4316,240,DEPT_09,National,COMMODITY_116,SUB_116_3,
4317,381,DEPT_22,National,COMMODITY_102,SUB_102_4,
4318,116,DEPT_13,National,COMMODITY_294,SUB_294_5,
4319,183,DEPT_23,National,COMMODITY_010,SUB_010_6,
4320,190,DEPT_13,Private,COMMODITY_041,SUB_041_7,
4321,195,DEPT_01,National,COMMODITY_155,SUB_155_0,
4322,278,DEPT_24,National,COMMODITY_201,SUB_201_1,
4323,444,DEPT_23,National,COMMODITY_014,SUB_014_2,
4324,363,DEPT_20,National,COMMODITY_069,SUB_069_3,
4325,328,DEPT_06,National,COMMODITY_008,SUB_008_4,
4326,292,DEPT_21,Private,COMMODITY_212,SUB_212_5,
4327,237,DEPT_18,National,COMMODITY_119,SUB_119_6,
4328,86,DEPT_14,National,COMMODITY_140,SUB_140_7,
4329,388,DEPT_14,National,COMMODITY_209,SUB_209_0,
4330,89,DEPT_15,National,COMMODITY_009,SUB_009_1,
4331,190,DEPT_14,National,COMMODITY_141,SUB_141_2,
4332,284,DEPT_23,Private,COMMODITY_013,SUB_013_3,
4333,133,DEPT_24,Private,COMMODITY_168,SUB_168_4,
4334,132,DEPT_20,Private,COMMODITY_088,SUB_088_5,
4335,14,DEPT_23,National,COMMODITY_152,SUB_152_6,
4336,315,DEPT_18,Private,COMMODITY_029,SUB_029_7,
4337,364,DEPT_15,National,COMMODITY_038,SUB_038_0,
4338,88,DEPT_14,National,COMMODITY_206,SUB_206_1,
4339,35,DEPT_01,National,COMMODITY_268,SUB_268_2,
4340,420,DEPT_21,Private,COMMODITY_138,SUB_138_3,
4341,147,DEPT_08,National,COMMODITY_053,SUB_053_4,
4342,248,DEPT_13,National,COMMODITY_193,SUB_193_5,
4343,123,DEPT_19,Private,COMMODITY_289,SUB_289_6,
4344,269,DEPT_05,Private,COMMODITY_199,SUB_199_7,
4345,371,DEPT_15,National,COMMODITY_009,SUB_009_0,
4346,364,DEPT_23,National,COMMODITY_014,SUB_014_1,
4347,45,DEPT_16,National,COMMODITY_179,SUB_179_2,
4348,304,DEPT_02,National,COMMODITY_124,SUB_124_3,
4349,254,DEPT_00,National,COMMODITY_057,SUB_057_4,
4350,417,DEPT_21,National,COMMODITY_204,SUB_204_5,
4351,190,DEPT_13,National,COMMODITY_011,SUB_011_6,
4352,105,DEPT_14,National,COMMODITY_270,SUB_270_7,
4353,98,DEPT_24,National,COMMODITY_005,SUB_005_0,
4354,401,DEPT_15,National,COMMODITY_283,SUB_283_1,
4355,18,DEPT_05,National,COMMODITY_245,SUB_245_2,
4356,393,DEPT_00,National,COMMODITY_114,SUB_114_3,
4357,373,DEPT_19,National,COMMODITY_043,SUB_043_4,
4358,104,DEPT_12,Private,COMMODITY_172,SUB_172_5,
4359,180,DEPT_05,National,COMMODITY_248,SUB_248_6,
4360,30,DEPT_16,National,COMMODITY_280,SUB_280_7,
4361,181,DEPT_13,National,COMMODITY_035,SUB_035_0,
4362,64,DEPT_23,National,COMMODITY_013,SUB_013_1,
4363,47,DEPT_13,National,COMMODITY_294,SUB_294_2,
4364,224,DEPT_07,National,COMMODITY_292,SUB_292_3,
4365,294,DEPT_08,Private,COMMODITY_100,SUB_100_4,
4366,276,DEPT_07,National,COMMODITY_136,SUB_136_5,
4367,157,DEPT_00,National,COMMODITY_068,SUB_068_6,
4368,116,DEPT_04,National,COMMODITY_254,SUB_254_7,
4369,497,DEPT_06,Private,COMMODITY_143,SUB_143_0,
4370,240,DEPT_11,National,COMMODITY_050,SUB_050_1,
4371,451,DEPT_00,National,COMMODITY_068,SUB_068_2,
4372,212,DEPT_16,National,COMMODITY_280,SUB_280_3,
4373,227,DEPT_08,National,COMMODITY_070,SUB_070_4,
4374,325,DEPT_09,National,COMMODITY_232,SUB_232_5,
4375,63,DEPT_23,National,COMMODITY_175,SUB_175_6,
4376,403,DEPT_20,Private,COMMODITY_195,SUB_195_7,
4377,187,DEPT_09,National,COMMODITY_271,SUB_271_0,
4378,58,DEPT_17,National,COMMODITY_051,SUB_051_1,
4379,174,DEPT_12,National,COMMODITY_299,SUB_299_2,
4380,497,DEPT_24,Private,COMMODITY_131,SUB_131_3,
4381,478,DEPT_00,National,COMMODITY_021,SUB_021_4,
4382,155,DEPT_23,Private,COMMODITY_175,SUB_175_5,
4383,426,DEPT_21,Private,COMMODITY_138,SUB_138_6,
4384,33,DEPT_19,Private,COMMODITY_120,SUB_120_7,
4385,439,DEPT_00,National,COMMODITY_062,SUB_062_0,
4386,275,DEPT_00,Private,COMMODITY_267,SUB_267_1,
4387,54,DEPT_17,National,COMMODITY_015,SUB_015_2,
4388,85,DEPT_02,National,COMMODITY_165,SUB_165_3,
4389,485,DEPT_04,National,COMMODITY_059,SUB_059_4,
4390,377,DEPT_11,Private,COMMODITY_026,SUB_026_5,
4391,470,DEPT_17,National,COMMODITY_071,SUB_071_6,
4392,61,DEPT_05,Private,COMMODITY_262,SUB_262_7,
4393,333,DEPT_17,National,COMMODITY_216,SUB_216_0,
4394,118,DEPT_08,National,COMMODITY_093,SUB_093_1,
4395,161,DEPT_17,National,COMMODITY_282,SUB_282_2,
4396,380,DEPT_17,National,COMMODITY_051,SUB_051_3,
4397,479,DEPT_10,National,COMMODITY_126,SUB_126_4,
4398,464,DEPT_21,National,COMMODITY_192,SUB_192_5,
4399,123,DEPT_00,National,COMMODITY_022,SUB_022_6,
4400,193,DEPT_20,National,COMMODITY_242,SUB_242_7,
4401,194,DEPT_19,National,COMMODITY_095,SUB_095_0,
4402,393,DEPT_24,Private,COMMODITY_087,SUB_087_1,
4403,331,DEPT_19,National,COMMODITY_120,SUB_120_2,
4404,351,DEPT_04,National,COMMODITY_146,SUB_146_3,
4405,463,DEPT_14,Private,COMMODITY_154,SUB_154_4,
4406,300,DEPT_14,National,COMMODITY_290,SUB_290_5,
4407,214,DEPT_23,National,COMMODITY_002,SUB_002_6,
4408,264,DEPT_21,National,COMMODITY_132,SUB_132_7,
4409,450,DEPT_20,National,COMMODITY_195,SUB_195_0,
4410,35,DEPT_06,National,COMMODITY_111,SUB_111_1,
4411,272,DEPT_23,National,COMMODITY_094,SUB_094_2,
4412,349,DEPT_02,National,COMMODITY_165,SUB_165_3,
4413,296,DEPT_19,National,COMMODITY_160,SUB_160_4,
4414,451,DEPT_21,Private,COMMODITY_212,SUB_212_5,
4415,239,DEPT_23,National,COMMODITY_153,SUB_153_6,
4416,93,DEPT_21,National,COMMODITY_192,SUB_192_7,
4417,260,DEPT_12,National,COMMODITY_048,SUB_048_0,
4418,189,DEPT_15,National,COMMODITY_009,SUB_009_1,
4419,155,DEPT_15,Private,COMMODITY_054,SUB_054_2,
4420,138,DEPT_10,National,COMMODITY_281,SUB_281_3,
4421,466,DEPT_01,Private,COMMODITY_251,SUB_251_4,
4422,146,DEPT_05,National,COMMODITY_137,SUB_137_5,
4423,183,DEPT_12,Private,COMMODITY_257,SUB_257_6,
4424,318,DEPT_19,Private,COMMODITY_211,SUB_211_7,
4425,374,DEPT_09,National,COMMODITY_116,SUB_116_0,
4426,112,DEPT_16,National,COMMODITY_179,SUB_179_1,
4427,195,DEPT_18,National,COMMODITY_029,SUB_029_2,
4428,260,DEPT_11,National,COMMODITY_049,SUB_049_3,
4429,59,DEPT_05,Private,COMMODITY_023,SUB_023_4,
4430,474,DEPT_13,National,COMMODITY_298,SUB_298_5,
4431,8,DEPT_23,National,COMMODITY_002,SUB_002_6,
4432,72,DEPT_24,National,COMMODITY_236,SUB_236_7,
4433,143,DEPT_00,National,COMMODITY_252,SUB_252_0,
4434,349,DEPT_24,National,COMMODITY_201,SUB_201_1,
4435,127,DEPT_23,National,COMMODITY_173,SUB_173_2,
4436,95,DEPT_04,National,COMMODITY_080,SUB_080_3,
4437,117,DEPT_04,Private,COMMODITY_146,SUB_146_4,
4438,117,DEPT_00,National,COMMODITY_057,SUB_057_5,
4439,36,DEPT_11,National,COMMODITY_032,SUB_032_6,
4440,26,DEPT_11,Private,COMMODITY_026,SUB_026_7,
4441,154,DEPT_15,National,COMMODITY_283,SUB_283_0,
4442,394,DEPT_00,National,COMMODITY_167,SUB_167_1,
4443,222,DEPT_10,National,COMMODITY_208,SUB_208_2,
4444,24,DEPT_01,National,COMMODITY_063,SUB_063_3,
4445,464,DEPT_17,National,COMMODITY_020,SUB_020_4,
4446,222,DEPT_10,National,COMMODITY_126,SUB_126_5,
4447,275,DEPT_01,Private,COMMODITY_134,SUB_134_6,
4448,298,DEPT_21,Private,COMMODITY_228,SUB_228_7,
4449,121,DEPT_21,National,COMMODITY_212,SUB_212_0,
4450,373,DEPT_01,National,COMMODITY_181,SUB_181_1,
4451,491,DEPT_21,National,COMMODITY_138,SUB_138_2,
4452,180,DEPT_19,National,COMMODITY_095,SUB_095_3,
4453,271,DEPT_20,Private,COMMODITY_027,SUB_027_4,
4454,403,DEPT_20,National,COMMODITY_027,SUB_027_5,
4455,128,DEPT_12,Private,COMMODITY_286,SUB_286_6,
4456,61,DEPT_16,Private,COMMODITY_092,SUB_092_7,
4457,497,DEPT_17,National,COMMODITY_112,SUB_112_0,
4458,163,DEPT_04,Private,COMMODITY_059,SUB_059_1,
4459,249,DEPT_21,National,COMMODITY_007,SUB_007_2,
4460,33,DEPT_08,National,COMMODITY_163,SUB_163_3,
4461,123,DEPT_22,National,COMMODITY_044,SUB_044_4,
4462,38,DEPT_10,Private,COMMODITY_126,SUB_126_5,
4463,324,DEPT_17,National,COMMODITY_020,SUB_020_6,
4464,275,DEPT_24,National,COMMODITY_107,SUB_107_7,
4465,380,DEPT_05,National,COMMODITY_297,SUB_297_0,
4466,157,DEPT_20,Private,COMMODITY_115,SUB_115_1,
4467,155,DEPT_15,National,COMMODITY_186,SUB_186_2,
4468,224,DEPT_13,National,COMMODITY_122,SUB_122_3,
4469,357,DEPT_06,Private,COMMODITY_111,SUB_111_4,
4470,286,DEPT_22,National,COMMODITY_127,SUB_127_5,
4471,279,DEPT_14,National,COMMODITY_194,SUB_194_6,
4472,27,DEPT_00,Private,COMMODITY_098,SUB_098_7,
4473,467,DEPT_00,National,COMMODITY_062,SUB_062_0,
4474,123,DEPT_12,Private,COMMODITY_227,SUB_227_1,
4475,112,DEPT_17,Private,COMMODITY_282,SUB_282_2,
4476,468,DEPT_06,National,COMMODITY_158,SUB_158_3,
4477,165,DEPT_22,National,COMMODITY_189,SUB_189_4,
4478,66,DEPT_22,Private,COMMODITY_003,SUB_003_5,
4479,255,DEPT_13,National,COMMODITY_266,SUB_266_6,
4480,301,DEPT_08,National,COMMODITY_123,SUB_123_7,
4481,427,DEPT_12,Private,COMMODITY_048,SUB_048_0,
4482,207,DEPT_23,National,COMMODITY_067,SUB_067_1,
4483,135,DEPT_11,National,COMMODITY_234,SUB_234_2,
4484,136,DEPT_17,Private,COMMODITY_178,SUB_178_3,
4485,115,DEPT_12,National,COMMODITY_227,SUB_227_4,
4486,189,DEPT_01,National,COMMODITY_251,SUB_251_5,
4487,367,DEPT_00,National,COMMODITY_022,SUB_022_6,
4488,448,DEPT_22,National,COMMODITY_223,SUB_223_7,
4489,354,DEPT_13,Private,COMMODITY_061,SUB_061_0,
4490,350,DEPT_15,National,COMMODITY_036,SUB_036_1,
4491,109,DEPT_23,National,COMMODITY_250,SUB_250_2,
4492,411,DEPT_18,National,COMMODITY_150,SUB_150_3,
4493,136,DEPT_02,National,COMMODITY_176,SUB_176_4,
4494,201,DEPT_15,Private,COMMODITY_139,SUB_139_5,
4495,211,DEPT_23,Private,COMMODITY_002,SUB_002_6,
4496,39,DEPT_24,National,COMMODITY_131,SUB_131_7,
4497,75,DEPT_12,National,COMMODITY_258,SUB_258_0,
4498,160,DEPT_15,National,COMMODITY_110,SUB_110_1,
4499,402,DEPT_23,Private,COMMODITY_002,SUB_002_2,
4500,379,DEPT_14,National,COMMODITY_206,SUB_206_3,
4501,99,DEPT_00,National,COMMODITY_220,SUB_220_4,
4502,269,DEPT_15,National,COMMODITY_036,SUB_036_5,
4503,481,DEPT_21,National,COMMODITY_288,SUB_288_6,
4504,390,DEPT_23,National,COMMODITY_014,SUB_014_7,
4505,173,DEPT_00,National,COMMODITY_021,SUB_021_0,
4506,99,DEPT_13,Private,COMMODITY_193,SUB_193_1,
4507,496,DEPT_00,National,COMMODITY_114,SUB_114_2,
4508,385,DEPT_13,National,COMMODITY_060,SUB_060_3,
4509,471,DEPT_08,National,COMMODITY_046,SUB_046_4,
4510,102,DEPT_24,National,COMMODITY_107,SUB_107_5,
4511,33,DEPT_17,National,COMMODITY_261,SUB_261_6,
4512,371,DEPT_11,National,COMMODITY_276,SUB_276_7,
4513,208,DEPT_10,National,COMMODITY_148,SUB_148_0,
4514,312,DEPT_02,National,COMMODITY_042,SUB_042_1,
4515,5,DEPT_19,National,COMMODITY_211,SUB_211_2,
4516,29,DEPT_04,National,COMMODITY_254,SUB_254_3,
4517,179,DEPT_13,National,COMMODITY_225,SUB_225_4,
4518,469,DEPT_22,National,COMMODITY_121,SUB_121_5,
4519,166,DEPT_24,National,COMMODITY_201,SUB_201_6,
4520,459,DEPT_00,National,COMMODITY_057,SUB_057_7,
4521,239,DEPT_19,National,COMMODITY_289,SUB_289_0,
4522,214,DEPT_12,Private,COMMODITY_295,SUB_295_1,
4523,416,DEPT_24,National,COMMODITY_087,SUB_087_2,
4524,63,DEPT_20,National,COMMODITY_182,SUB_182_3,
4525,224,DEPT_05,National,COMMODITY_207,SUB_207_4,
4526,181,DEPT_07,National,COMMODITY_066,SUB_066_5,
4527,63,DEPT_19,National,COMMODITY_287,SUB_287_6,
4528,203,DEPT_04,National,COMMODITY_229,SUB_229_7,
4529,24,DEPT_11,Private,COMMODITY_234,SUB_234_0,
4530,121,DEPT_06,Private,COMMODITY_111,SUB_111_1,
4531,318,DEPT_17,National,COMMODITY_012,SUB_012_2,
4532,181,DEPT_03,National,COMMODITY_159,SUB_159_3,
4533,223,DEPT_00,National,COMMODITY_076,SUB_076_4,
4534,405,DEPT_06,National,COMMODITY_106,SUB_106_5,
4535,3,DEPT_17,National,COMMODITY_259,SUB_259_6,
4536,298,DEPT_11,National,COMMODITY_049,SUB_049_7,
4537,341,DEPT_05,National,COMMODITY_074,SUB_074_0,
4538,275,DEPT_05,National,COMMODITY_248,SUB_248_1,
4539,173,DEPT_10,National,COMMODITY_208,SUB_208_2,
4540,156,DEPT_19,National,COMMODITY_211,SUB_211_3,
4541,182,DEPT_02,Private,COMMODITY_169,SUB_169_4,
4542,370,DEPT_11,National,COMMODITY_078,SUB_078_5,
4543,490,DEPT_07,National,COMMODITY_284,SUB_284_6,
4544,68,DEPT_06,National,COMMODITY_158,SUB_158_7,
4545,435,DEPT_13,National,COMMODITY_028,SUB_028_0,
4546,95,DEPT_22,Private,COMMODITY_003,SUB_003_1,
4547,190,DEPT_07,National,COMMODITY_066,SUB_066_2,
4548,264,DEPT_20,National,COMMODITY_253,SUB_253_3,
4549,369,DEPT_06,Private,COMMODITY_099,SUB_099_4,
4550,215,DEPT_07,National,COMMODITY_066,SUB_066_5,
4551,297,DEPT_15,National,COMMODITY_009,SUB_009_6,
4552,379,DEPT_16,National,COMMODITY_092,SUB_092_7,
4553,218,DEPT_23,National,COMMODITY_175,SUB_175_0,
4554,443,DEPT_00,National,COMMODITY_267,SUB_267_1,
4555,293,DEPT_14,Private,COMMODITY_270,SUB_270_2,
4556,227,DEPT_05,National,COMMODITY_058,SUB_058_3,
4557,178,DEPT_01,National,COMMODITY_184,SUB_184_4,
4558,25,DEPT_14,National,COMMODITY_202,SUB_202_5,
4559,450,DEPT_14,National,COMMODITY_030,SUB_030_6,
4560,18,DEPT_24,National,COMMODITY_016,SUB_016_7,
4561,156,DEPT_01,Private,COMMODITY_155,SUB_155_0,
4562,447,DEPT_02,Private,COMMODITY_171,SUB_171_1,
4563,271,DEPT_21,Private,COMMODITY_045,SUB_045_2,
4564,225,DEPT_11,National,COMMODITY_231,SUB_231_3,
4565,321,DEPT_21,National,COMMODITY_007,SUB_007_4,
4566,94,DEPT_02,National,COMMODITY_169,SUB_169_5,
4567,200,DEPT_15,Private,COMMODITY_110,SUB_110_6,
4568,145,DEPT_13,National,COMMODITY_298,SUB_298_7,
4569,247,DEPT_19,National,COMMODITY_085,SUB_085_0,
4570,124,DEPT_05,Private,COMMODITY_177,SUB_177_1,
4571,357,DEPT_22,Private,COMMODITY_017,SUB_017_2,
4572,267,DEPT_10,Private,COMMODITY_126,SUB_126_3,
4573,424,DEPT_21,National,COMMODITY_204,SUB_204_4,
4574,119,DEPT_20,National,COMMODITY_088,SUB_088_5,
4575,167,DEPT_08,National,COMMODITY_277,SUB_277_6,
4576,374,DEPT_19,National,COMMODITY_190,SUB_190_7,
4577,159,DEPT_02,National,COMMODITY_191,SUB_191_0,
4578,485,DEPT_17,National,COMMODITY_216,SUB_216_1,
4579,295,DEPT_16,Private,COMMODITY_263,SUB_263_2,
4580,365,DEPT_13,National,COMMODITY_122,SUB_122_3,
4581,53,DEPT_06,National,COMMODITY_106,SUB_106_4,
4582,439,DEPT_13,National,COMMODITY_285,SUB_285_5,
4583,197,DEPT_02,National,COMMODITY_165,SUB_165_6,
4584,353,DEPT_14,Private,COMMODITY_206,SUB_206_7,
4585,381,DEPT_22,National,COMMODITY_142,SUB_142_0,
4586,61,DEPT_20,Private,COMMODITY_182,SUB_182_1,
4587,94,DEPT_08,National,COMMODITY_034,SUB_034_2,
4588,498,DEPT_15,National,COMMODITY_086,SUB_086_3,
4589,353,DEPT_24,National,COMMODITY_236,SUB_236_4,
4590,418,DEPT_12,Private,COMMODITY_295,SUB_295_5,
4591,123,DEPT_22,Private,COMMODITY_121,SUB_121_6,
4592,466,DEPT_21,Private,COMMODITY_072,SUB_072_7,
4593,58,DEPT_06,National,COMMODITY_111,SUB_111_0,
4594,463,DEPT_10,National,COMMODITY_148,SUB_148_1,
4595,233,DEPT_02,Private,COMMODITY_171,SUB_171_2,
4596,155,DEPT_05,National,COMMODITY_137,SUB_137_3,
4597,139,DEPT_13,National,COMMODITY_039,SUB_039_4,
4598,353,DEPT_14,Private,COMMODITY_141,SUB_141_5,
4599,471,DEPT_02,National,COMMODITY_169,SUB_169_6,
4600,399,DEPT_19,National,COMMODITY_108,SUB_108_7,
4601,386,DEPT_17,Private,COMMODITY_274,SUB_274_0,
4602,362,DEPT_23,National,COMMODITY_213,SUB_213_1,
4603,87,DEPT_18,National,COMMODITY_004,SUB_004_2,
4604,495,DEPT_04,National,COMMODITY_244,SUB_244_3,
4605,370,DEPT_04,National,COMMODITY_244,SUB_244_4,
4606,66,DEPT_04,National,COMMODITY_040,SUB_040_5,
4607,132,DEPT_24,National,COMMODITY_249,SUB_249_6,
4608,121,DEPT_17,National,COMMODITY_012,SUB_012_7,
4609,67,DEPT_08,Private,COMMODITY_237,SUB_237_0,
4610,13,DEPT_07,National,COMMODITY_133,SUB_133_1,
4611,95,DEPT_20,National,COMMODITY_269,SUB_269_2,
4612,159,DEPT_12,National,COMMODITY_299,SUB_299_3,
4613,116,DEPT_11,National,COMMODITY_049,SUB_049_4,
4614,308,DEPT_21,National,COMMODITY_200,SUB_200_5,
4615,184,DEPT_08,Private,COMMODITY_093,SUB_093_6,
4616,174,DEPT_20,Private,COMMODITY_182,SUB_182_7,
4617,61,DEPT_08,National,COMMODITY_100,SUB_100_0,
4618,331,DEPT_01,Private,COMMODITY_134,SUB_134_1,
4619,294,DEPT_21,National,COMMODITY_238,SUB_238_2,
4620,209,DEPT_08,National,COMMODITY_239,SUB_239_3,
4621,44,DEPT_01,National,COMMODITY_128,SUB_128_4,
4622,57,DEPT_17,Private,COMMODITY_019,SUB_019_5,
4623,479,DEPT_14,National,COMMODITY_202,SUB_202_6,
4624,355,DEPT_15,National,COMMODITY_185,SUB_185_7,
4625,352,DEPT_23,Private,COMMODITY_175,SUB_175_0,
4626,121,DEPT_04,National,COMMODITY_244,SUB_244_1,
4627,222,DEPT_07,National,COMMODITY_284,SUB_284_2,
4628,151,DEPT_19,Private,COMMODITY_108,SUB_108_3,
4629,463,DEPT_19,National,COMMODITY_187,SUB_187_4,
4630,241,DEPT_23,Private,COMMODITY_135,SUB_135_5,
4631,262,DEPT_05,National,COMMODITY_245,SUB_245_6,
4632,349,DEPT_03,National,COMMODITY_090,SUB_090_7,
4633,448,DEPT_11,National,COMMODITY_078,SUB_078_0,
4634,381,DEPT_07,National,COMMODITY_136,SUB_136_1,
4635,206,DEPT_06,National,COMMODITY_217,SUB_217_2,
4636,227,DEPT_06,National,COMMODITY_197,SUB_197_3,
4637,413,DEPT_13,National,COMMODITY_061,SUB_061_4,
4638,106,DEPT_00,National,COMMODITY_000,SUB_000_5,
4639,212,DEPT_01,National,COMMODITY_184,SUB_184_6,
4640,456,DEPT_17,National,COMMODITY_012,SUB_012_7,
4641,261,DEPT_23,Private,COMMODITY_067,SUB_067_0,
4642,429,DEPT_11,National,COMMODITY_156,SUB_156_1,
4643,94,DEPT_05,National,COMMODITY_248,SUB_248_2,
4644,185,DEPT_04,Private,COMMODITY_059,SUB_059_3,
4645,60,DEPT_00,National,COMMODITY_114,SUB_114_4,
4646,86,DEPT_07,National,COMMODITY_066,SUB_066_5,
4647,14,DEPT_07,National,COMMODITY_255,SUB_255_6,
4648,424,DEPT_24,Private,COMMODITY_131,SUB_131_7,
4649,89,DEPT_00,National,COMMODITY_079,SUB_079_0,
4650,364,DEPT_04,National,COMMODITY_166,SUB_166_1,
4651,349,DEPT_05,Private,COMMODITY_023,SUB_023_2,
4652,403,DEPT_05,National,COMMODITY_222,SUB_222_3,
4653,327,DEPT_05,National,COMMODITY_235,SUB_235_4,
4654,247,DEPT_13,National,COMMODITY_060,SUB_060_5,
4655,348,DEPT_22,National,COMMODITY_044,SUB_044_6,
4656,426,DEPT_06,National,COMMODITY_260,SUB_260_7,
4657,140,DEPT_21,Private,COMMODITY_104,SUB_104_0,
4658,37,DEPT_04,National,COMMODITY_254,SUB_254_1,
4659,121,DEPT_23,Private,COMMODITY_162,SUB_162_2,
4660,414,DEPT_23,Private,COMMODITY_173,SUB_173_3,
4661,458,DEPT_13,National,COMMODITY_298,SUB_298_4,
4662,84,DEPT_13,Private,COMMODITY_039,SUB_039_5,
4663,477,DEPT_04,Private,COMMODITY_146,SUB_146_6,
4664,485,DEPT_19,National,COMMODITY_130,SUB_130_7,
4665,86,DEPT_17,National,COMMODITY_015,SUB_015_0,
4666,158,DEPT_17,Private,COMMODITY_019,SUB_019_1,
4667,168,DEPT_02,National,COMMODITY_191,SUB_191_2,
4668,499,DEPT_14,Private,COMMODITY_290,SUB_290_3,
4669,203,DEPT_13,Private,COMMODITY_240,SUB_240_4,
4670,32,DEPT_21,National,COMMODITY_045,SUB_045_5,
4671,159,DEPT_18,Private,COMMODITY_150,SUB_150_6,
4672,196,DEPT_16,National,COMMODITY_263,SUB_263_7,
4673,56,DEPT_00,National,COMMODITY_022,SUB_022_0,
4674,379,DEPT_18,Private,COMMODITY_157,SUB_157_1,
4675,192,DEPT_23,Private,COMMODITY_213,SUB_213_2,
4676,333,DEPT_23,National,COMMODITY_094,SUB_094_3,
4677,205,DEPT_09,National,COMMODITY_271,SUB_271_4,
4678,193,DEPT_16,National,COMMODITY_024,SUB_024_5,
4679,373,DEPT_17,National,COMMODITY_019,SUB_019_6,
4680,196,DEPT_02,National,COMMODITY_169,SUB_169_7,
4681,261,DEPT_16,Private,COMMODITY_083,SUB_083_0,
4682,328,DEPT_09,National,COMMODITY_118,SUB_118_1,
4683,457,DEPT_15,National,COMMODITY_054,SUB_054_2,
4684,484,DEPT_13,National,COMMODITY_035,SUB_035_3,
4685,179,DEPT_01,Private,COMMODITY_063,SUB_063_4,
4686,211,DEPT_16,National,COMMODITY_024,SUB_024_5,
4687,209,DEPT_08,National,COMMODITY_101,SUB_101_6,
4688,247,DEPT_14,National,COMMODITY_140,SUB_140_7,
4689,400,DEPT_12,National,COMMODITY_048,SUB_048_0,
4690,369,DEPT_04,National,COMMODITY_040,SUB_040_1,
4691,449,DEPT_08,National,COMMODITY_053,SUB_053_2,
4692,378,DEPT_04,Private,COMMODITY_080,SUB_080_3,
4693,349,DEPT_02,Private,COMMODITY_169,SUB_169_4,
4694,495,DEPT_13,National,COMMODITY_294,SUB_294_5,
4695,87,DEPT_24,Private,COMMODITY_221,SUB_221_6,
4696,33,DEPT_21,National,COMMODITY_212,SUB_212_7,
4697,140,DEPT_23,National,COMMODITY_125,SUB_125_0,
4698,99,DEPT_17,National,COMMODITY_216,SUB_216_1,
4699,245,DEPT_09,National,COMMODITY_271,SUB_271_2,
4700,297,DEPT_07,Private,COMMODITY_292,SUB_292_3,
4701,19,DEPT_23,National,COMMODITY_014,SUB_014_4,
4702,128,DEPT_19,National,COMMODITY_055,SUB_055_5,
4703,410,DEPT_09,National,COMMODITY_116,SUB_116_6,
4704,484,DEPT_20,National,COMMODITY_269,SUB_269_7,
4705,337,DEPT_04,National,COMMODITY_205,SUB_205_0,
4706,442,DEPT_16,National,COMMODITY_024,SUB_024_1,
4707,112,DEPT_20,National,COMMODITY_182,SUB_182_2,
4708,411,DEPT_17,National,COMMODITY_203,SUB_203_3,
4709,418,DEPT_02,National,COMMODITY_169,SUB_169_4,
4710,97,DEPT_23,Private,COMMODITY_082,SUB_082_5,
4711,367,DEPT_02,National,COMMODITY_191,SUB_191_6,
4712,60,DEPT_00,National,COMMODITY_252,SUB_252_7,
4713,200,DEPT_17,Private,COMMODITY_275,SUB_275_0,
4714,312,DEPT_09,National,COMMODITY_271,SUB_271_1,
4715,150,DEPT_23,Private,COMMODITY_175,SUB_175_2,
4716,104,DEPT_18,Private,COMMODITY_157,SUB_157_3,
4717,467,DEPT_22,National,COMMODITY_003,SUB_003_4,
4718,313,DEPT_01,National,COMMODITY_117,SUB_117_5,
4719,372,DEPT_13,National,COMMODITY_011,SUB_011_6,
4720,65,DEPT_24,Private,COMMODITY_107,SUB_107_7,
4721,76,DEPT_13,Private,COMMODITY_294,SUB_294_0,
4722,454,DEPT_17,National,COMMODITY_282,SUB_282_1,
4723,129,DEPT_12,Private,COMMODITY_286,SUB_286_2,
4724,327,DEPT_12,National,COMMODITY_257,SUB_257_3,
4725,419,DEPT_04,National,COMMODITY_059,SUB_059_4,
4726,428,DEPT_17,Private,COMMODITY_261,SUB_261_5,
4727,438,DEPT_14,National,COMMODITY_194,SUB_194_6,
4728,126,DEPT_14,National,COMMODITY_202,SUB_202_7,
4729,125,DEPT_17,National,COMMODITY_233,SUB_233_0,
4730,344,DEPT_24,Private,COMMODITY_005,SUB_005_1,
4731,453,DEPT_22,National,COMMODITY_247,SUB_247_2,
4732,279,DEPT_19,National,COMMODITY_130,SUB_130_3,
4733,469,DEPT_16,National,COMMODITY_230,SUB_230_4,
4734,160,DEPT_11,Private,COMMODITY_276,SUB_276_5,
4735,273,DEPT_06,National,COMMODITY_099,SUB_099_6,
4736,257,DEPT_20,National,COMMODITY_027,SUB_027_7,
4737,74,DEPT_07,National,COMMODITY_292,SUB_292_0,
4738,174,DEPT_19,National,COMMODITY_108,SUB_108_1,
4739,208,DEPT_09,Private,COMMODITY_271,SUB_271_2,
4740,43,DEPT_11,National,COMMODITY_272,SUB_272_3,
4741,61,DEPT_08,Private,COMMODITY_093,SUB_093_4,
4742,421,DEPT_09,National,COMMODITY_084,SUB_084_5,
4743,93,DEPT_13,National,COMMODITY_193,SUB_193_6,
4744,345,DEPT_17,Private,COMMODITY_233,SUB_233_7,
4745,221,DEPT_23,National,COMMODITY_013,SUB_013_0,
4746,270,DEPT_24,National,COMMODITY_087,SUB_087_1,
4747,57,DEPT_19,Private,COMMODITY_085,SUB_085_2,
4748,388,DEPT_10,National,COMMODITY_126,SUB_126_3,
4749,264,DEPT_22,National,COMMODITY_073,SUB_073_4,
4750,142,DEPT_08,National,COMMODITY_053,SUB_053_5,
4751,64,DEPT_12,National,COMMODITY_295,SUB_295_6,
4752,271,DEPT_20,National,COMMODITY_264,SUB_264_7,
4753,212,DEPT_05,Private,COMMODITY_137,SUB_137_0,
4754,10,DEPT_16,National,COMMODITY_280,SUB_280_1,
4755,114,DEPT_11,National,COMMODITY_105,SUB_105_2,
4756,64,DEPT_21,Private,COMMODITY_192,SUB_192_3,
4757,110,DEPT_24,National,COMMODITY_236,SUB_236_4,
4758,292,DEPT_13,National,COMMODITY_266,SUB_266_5,
4759,228,DEPT_21,National,COMMODITY_228,SUB_228_6,
4760,446,DEPT_15,Private,COMMODITY_110,SUB_110_7,
4761,99,DEPT_21,National,COMMODITY_045,SUB_045_0,
4762,197,DEPT_12,National,COMMODITY_299,SUB_299_1,
4763,188,DEPT_15,Private,COMMODITY_036,SUB_036_2,
4764,52,DEPT_23,National,COMMODITY_250,SUB_250_3,
4765,44,DEPT_08,Private,COMMODITY_101,SUB_101_4,
4766,37,DEPT_06,National,COMMODITY_217,SUB_217_5,
4767,24,DEPT_13,National,COMMODITY_041,SUB_041_6,
4768,152,DEPT_17,Private,COMMODITY_020,SUB_020_7,
4769,80,DEPT_17,National,COMMODITY_051,SUB_051_0,
4770,404,DEPT_14,Private,COMMODITY_270,SUB_270_1,
4771,480,DEPT_00,National,COMMODITY_062,SUB_062_2,
4772,314,DEPT_23,Private,COMMODITY_250,SUB_250_3,
4773,349,DEPT_19,National,COMMODITY_089,SUB_089_4,
4774,388,DEPT_22,National,COMMODITY_102,SUB_102_5,
4775,444,DEPT_21,National,COMMODITY_200,SUB_200_6,
4776,315,DEPT_06,Private,COMMODITY_143,SUB_143_7,
4777,454,DEPT_23,Private,COMMODITY_162,SUB_162_0,
4778,125,DEPT_00,National,COMMODITY_022,SUB_022_1,
4779,457,DEPT_08,National,COMMODITY_100,SUB_100_2,
4780,145,DEPT_19,National,COMMODITY_089,SUB_089_3,
4781,395,DEPT_19,Private,COMMODITY_160,SUB_160_4,
4782,113,DEPT_09,Private,COMMODITY_118,SUB_118_5,
4783,18,DEPT_11,National,COMMODITY_026,SUB_026_6,
4784,54,DEPT_09,Private,COMMODITY_113,SUB_113_7,
4785,407,DEPT_06,National,COMMODITY_106,SUB_106_0,
4786,61,DEPT_11,Private,COMMODITY_231,SUB_231_1,
4787,214,DEPT_03,National,COMMODITY_159,SUB_159_2,
4788,161,DEPT_01,National,COMMODITY_268,SUB_268_3,
4789,25,DEPT_23,Private,COMMODITY_082,SUB_082_4,
4790,385,DEPT_10,National,COMMODITY_126,SUB_126_5,
4791,55,DEPT_17,Private,COMMODITY_274,SUB_274_6,
4792,131,DEPT_12,Private,COMMODITY_048,SUB_048_7,
4793,163,DEPT_06,National,COMMODITY_106,SUB_106_0,
4794,258,DEPT_09,Private,COMMODITY_271,SUB_271_1,
4795,321,DEPT_24,National,COMMODITY_221,SUB_221_2,
4796,95,DEPT_19,Private,COMMODITY_043,SUB_043_3,
4797,149,DEPT_11,National,COMMODITY_032,SUB_032_4,
4798,272,DEPT_20,National,COMMODITY_182,SUB_182_5,
4799,64,DEPT_05,National,COMMODITY_262,SUB_262_6,
4800,476,DEPT_01,Private,COMMODITY_155,SUB_155_7,
4801,291,DEPT_14,National,COMMODITY_154,SUB_154_0,
4802,149,DEPT_18,National,COMMODITY_119,SUB_119_1,
4803,182,DEPT_13,National,COMMODITY_193,SUB_193_2,
4804,96,DEPT_19,National,COMMODITY_043,SUB_043_3,
4805,227,DEPT_12,National,COMMODITY_227,SUB_227_4,
4806,396,DEPT_11,National,COMMODITY_183,SUB_183_5,
4807,402,DEPT_15,National,COMMODITY_038,SUB_038_6,
4808,195,DEPT_08,National,COMMODITY_277,SUB_277_7,
4809,381,DEPT_22,National,COMMODITY_247,SUB_247_0,
4810,435,DEPT_21,National,COMMODITY_072,SUB_072_1,
4811,223,DEPT_02,Private,COMMODITY_151,SUB_151_2,
4812,381,DEPT_07,Private,COMMODITY_284,SUB_284_3,
4813,313,DEPT_00,National,COMMODITY_098,SUB_098_4,
4814,219,DEPT_11,Private,COMMODITY_156,SUB_156_5,
4815,349,DEPT_20,National,COMMODITY_088,SUB_088_6,
4816,166,DEPT_23,Private,COMMODITY_213,SUB_213_7,
4817,17,DEPT_19,Private,COMMODITY_160,SUB_160_0,
4818,387,DEPT_01,National,COMMODITY_155,SUB_155_1,
4819,492,DEPT_23,Private,COMMODITY_153,SUB_153_2,
4820,370,DEPT_11,National,COMMODITY_049,SUB_049_3,
4821,73,DEPT_11,Private,COMMODITY_272,SUB_272_4,
4822,420,DEPT_16,National,COMMODITY_024,SUB_024_5,
4823,447,DEPT_19,National,COMMODITY_089,SUB_089_6,
4824,177,DEPT_23,National,COMMODITY_010,SUB_010_7,
4825,445,DEPT_18,National,COMMODITY_075,SUB_075_0,
4826,206,DEPT_23,Private,COMMODITY_013,SUB_013_1,
4827,368,DEPT_08,National,COMMODITY_163,SUB_163_2,
4828,436,DEPT_01,Private,COMMODITY_134,SUB_134_3,
4829,291,DEPT_19,National,COMMODITY_089,SUB_089_4,
4830,289,DEPT_21,Private,COMMODITY_104,SUB_104_5,
4831,496,DEPT_11,National,COMMODITY_156,SUB_156_6,
4832,390,DEPT_24,National,COMMODITY_214,SUB_214_7,
4833,415,DEPT_09,Private,COMMODITY_113,SUB_113_0,
4834,196,DEPT_19,National,COMMODITY_120,SUB_120_1,
4835,150,DEPT_17,National,COMMODITY_077,SUB_077_2,
4836,463,DEPT_04,National,COMMODITY_146,SUB_146_3,
4837,143,DEPT_19,Private,COMMODITY_160,SUB_160_4,
4838,25,DEPT_04,National,COMMODITY_040,SUB_040_5,
4839,191,DEPT_03,National,COMMODITY_090,SUB_090_6,
4840,433,DEPT_13,National,COMMODITY_215,SUB_215_7,
4841,184,DEPT_02,National,COMMODITY_033,SUB_033_0,
4842,185,DEPT_06,Private,COMMODITY_091,SUB_091_1,
4843,224,DEPT_22,National,COMMODITY_102,SUB_102_2,
4844,12,DEPT_04,Private,COMMODITY_229,SUB_229_3,
4845,485,DEPT_20,National,COMMODITY_145,SUB_145_4,
4846,469,DEPT_04,Private,COMMODITY_205,SUB_205_5,
4847,122,DEPT_21,Private,COMMODITY_238,SUB_238_6,
4848,387,DEPT_21,National,COMMODITY_192,SUB_192_7,
4849,294,DEPT_15,Private,COMMODITY_054,SUB_054_0,
4850,492,DEPT_18,National,COMMODITY_004,SUB_004_1,
4851,376,DEPT_03,Private,COMMODITY_159,SUB_159_2,
4852,367,DEPT_04,National,COMMODITY_244,SUB_244_3,
4853,13,DEPT_15,National,COMMODITY_038,SUB_038_4,
4854,286,DEPT_15,Private,COMMODITY_185,SUB_185_5,
4855,166,DEPT_14,National,COMMODITY_202,SUB_202_6,
4856,300,DEPT_01,National,COMMODITY_181,SUB_181_7,
4857,100,DEPT_21,Private,COMMODITY_132,SUB_132_0,
4858,219,DEPT_23,National,COMMODITY_250,SUB_250_1,
4859,498,DEPT_14,Private,COMMODITY_209,SUB_209_2,
4860,342,DEPT_01,National,COMMODITY_063,SUB_063_3,
4861,396,DEPT_16,National,COMMODITY_092,SUB_092_4,
4862,381,DEPT_17,Private,COMMODITY_178,SUB_178_5,
4863,73,DEPT_02,Private,COMMODITY_218,SUB_218_6,
4864,393,DEPT_07,Private,COMMODITY_292,SUB_292_7,
4865,414,DEPT_01,Private,COMMODITY_181,SUB_181_0,
4866,499,DEPT_05,Private,COMMODITY_248,SUB_248_1,
4867,187,DEPT_16,National,COMMODITY_083,SUB_083_2,
4868,415,DEPT_17,National,COMMODITY_275,SUB_275_3,
4869,98,DEPT_16,National,COMMODITY_263,SUB_263_4,
4870,306,DEPT_18,Private,COMMODITY_157,SUB_157_5,
4871,139,DEPT_07,Private,COMMODITY_136,SUB_136_6,
4872,220,DEPT_00,National,COMMODITY_022,SUB_022_7,
4873,156,DEPT_14,National,COMMODITY_154,SUB_154_0,
4874,110,DEPT_14,National,COMMODITY_198,SUB_198_1,
4875,17,DEPT_13,National,COMMODITY_294,SUB_294_2,
4876,17,DEPT_05,National,COMMODITY_248,SUB_248_3,
4877,107,DEPT_05,National,COMMODITY_137,SUB_137_4,
4878,338,DEPT_19,National,COMMODITY_085,SUB_085_5,
4879,173,DEPT_01,National,COMMODITY_184,SUB_184_6,
4880,385,DEPT_21,Private,COMMODITY_138,SUB_138_7,
4881,9,DEPT_19,National,COMMODITY_095,SUB_095_0,
4882,58,DEPT_19,National,COMMODITY_085,SUB_085_1,
4883,389,DEPT_04,National,COMMODITY_146,SUB_146_2,
4884,355,DEPT_15,Private,COMMODITY_054,SUB_054_3,
4885,142,DEPT_16,National,COMMODITY_083,SUB_083_4,
4886,441,DEPT_07,National,COMMODITY_255,SUB_255_5,
4887,346,DEPT_17,Private,COMMODITY_282,SUB_282_6,
4888,172,DEPT_17,National,COMMODITY_203,SUB_203_7,
4889,85,DEPT_24,National,COMMODITY_016,SUB_016_0,
4890,298,DEPT_03,National,COMMODITY_161,SUB_161_1,
4891,287,DEPT_18,National,COMMODITY_119,SUB_119_2,
4892,377,DEPT_05,National,COMMODITY_248,SUB_248_3,
4893,447,DEPT_02,National,COMMODITY_124,SUB_124_4,
4894,458,DEPT_22,National,COMMODITY_073,SUB_073_5,
4895,301,DEPT_23,Private,COMMODITY_250,SUB_250_6,
4896,341,DEPT_14,Private,COMMODITY_202,SUB_202_7,
4897,261,DEPT_08,National,COMMODITY_053,SUB_053_0,
4898,133,DEPT_07,National,COMMODITY_284,SUB_284_1,
4899,74,DEPT_17,National,COMMODITY_071,SUB_071_2,
4900,446,DEPT_20,National,COMMODITY_242,SUB_242_3,
4901,8,DEPT_11,National,COMMODITY_105,SUB_105_4,
4902,493,DEPT_11,Private,COMMODITY_210,SUB_210_5,
4903,40,DEPT_13,National,COMMODITY_122,SUB_122_6,
4904,60,DEPT_12,National,COMMODITY_257,SUB_257_7,
4905,383,DEPT_23,National,COMMODITY_152,SUB_152_0,
4906,169,DEPT_08,Private,COMMODITY_101,SUB_101_1,
4907,1,DEPT_20,National,COMMODITY_145,SUB_145_2,
4908,299,DEPT_24,National,COMMODITY_107,SUB_107_3,
4909,224,DEPT_24,National,COMMODITY_201,SUB_201_4,
4910,42,DEPT_23,National,COMMODITY_002,SUB_002_5,
4911,120,DEPT_18,National,COMMODITY_119,SUB_119_6,
4912,295,DEPT_10,Private,COMMODITY_208,SUB_208_7,
4913,108,DEPT_00,National,COMMODITY_068,SUB_068_0,
4914,406,DEPT_12,Private,COMMODITY_258,SUB_258_1,
4915,359,DEPT_23,National,COMMODITY_014,SUB_014_2,
4916,358,DEPT_10,Private,COMMODITY_126,SUB_126_3,
4917,253,DEPT_22,Private,COMMODITY_017,SUB_017_4,
4918,102,DEPT_06,National,COMMODITY_265,SUB_265_5,
4919,170,DEPT_21,National,COMMODITY_007,SUB_007_6,
4920,108,DEPT_22,National,COMMODITY_247,SUB_247_7,
4921,31,DEPT_23,National,COMMODITY_013,SUB_013_0,
4922,362,DEPT_16,National,COMMODITY_230,SUB_230_1,
4923,382,DEPT_05,National,COMMODITY_245,SUB_245_2,
4924,59,DEPT_09,National,COMMODITY_109,SUB_109_3,
4925,438,DEPT_04,Private,COMMODITY_229,SUB_229_4,
4926,210,DEPT_24,National,COMMODITY_236,SUB_236_5,
4927,86,DEPT_23,National,COMMODITY_067,SUB_067_6,
4928,414,DEPT_01,National,COMMODITY_184,SUB_184_7,
4929,83,DEPT_04,National,COMMODITY_254,SUB_254_0,
4930,29,DEPT_13,Private,COMMODITY_285,SUB_285_1,
4931,430,DEPT_19,National,COMMODITY_043,SUB_043_2,
4932,423,DEPT_02,National,COMMODITY_042,SUB_042_3,
4933,84,DEPT_23,Private,COMMODITY_149,SUB_149_4,
4934,316,DEPT_21,Private,COMMODITY_238,SUB_238_5,
4935,242,DEPT_11,National,COMMODITY_032,SUB_032_6,
4936,44,DEPT_24,Private,COMMODITY_131,SUB_131_7,
4937,32,DEPT_17,National,COMMODITY_282,SUB_282_0,
4938,75,DEPT_00,National,COMMODITY_076,SUB_076_1,
4939,363,DEPT_19,Private,COMMODITY_187,SUB_187_2,
4940,164,DEPT_15,National,COMMODITY_009,SUB_009_3,
4941,245,DEPT_13,National,COMMODITY_196,SUB_196_4,
4942,195,DEPT_16,Private,COMMODITY_278,SUB_278_5,
4943,7,DEPT_01,National,COMMODITY_251,SUB_251_6,
4944,83,DEPT_17,National,COMMODITY_012,SUB_012_7,
4945,16,DEPT_18,Private,COMMODITY_150,SUB_150_0,
4946,477,DEPT_12,Private,COMMODITY_258,SUB_258_1,
4947,393,DEPT_01,National,COMMODITY_268,SUB_268_2,
4948,99,DEPT_00,Private,COMMODITY_114,SUB_114_3,
4949,179,DEPT_20,Private,COMMODITY_088,SUB_088_4,
4950,453,DEPT_01,Private,COMMODITY_268,SUB_268_5,
4951,225,DEPT_07,National,COMMODITY_136,SUB_136_6,
4952,83,DEPT_23,Private,COMMODITY_094,SUB_094_7,
4953,337,DEPT_07,Private,COMMODITY_255,SUB_255_0,
4954,429,DEPT_05,Private,COMMODITY_199,SUB_199_1,
4955,310,DEPT_14,National,COMMODITY_202,SUB_202_2,
4956,131,DEPT_09,Private,COMMODITY_109,SUB_109_3,
4957,351,DEPT_20,National,COMMODITY_264,SUB_264_4,
4958,83,DEPT_08,National,COMMODITY_100,SUB_100_5,
4959,454,DEPT_24,National,COMMODITY_168,SUB_168_6,
4960,104,DEPT_14,Private,COMMODITY_194,SUB_194_7,
4961,377,DEPT_10,National,COMMODITY_148,SUB_148_0,
4962,313,DEPT_09,National,COMMODITY_232,SUB_232_1,
4963,251,DEPT_24,National,COMMODITY_214,SUB_214_2,
4964,175,DEPT_02,National,COMMODITY_042,SUB_042_3,
4965,58,DEPT_24,Private,COMMODITY_170,SUB_170_4,
4966,318,DEPT_15,National,COMMODITY_025,SUB_025_5,
4967,414,DEPT_00,Private,COMMODITY_267,SUB_267_6,
4968,154,DEPT_17,Private,COMMODITY_071,SUB_071_7,
4969,322,DEPT_02,National,COMMODITY_218,SUB_218_0,
4970,461,DEPT_19,Private,COMMODITY_043,SUB_043_1,
4971,418,DEPT_08,National,COMMODITY_034,SUB_034_2,
4972,408,DEPT_21,National,COMMODITY_072,SUB_072_3,
4973,290,DEPT_00,National,COMMODITY_076,SUB_076_4,
4974,344,DEPT_08,Private,COMMODITY_277,SUB_277_5,
4975,195,DEPT_12,Private,COMMODITY_295,SUB_295_6,
4976,312,DEPT_09,National,COMMODITY_271,SUB_271_7,
4977,93,DEPT_13,National,COMMODITY_039,SUB_039_0,
4978,349,DEPT_15,National,COMMODITY_185,SUB_185_1,
4979,166,DEPT_14,Private,COMMODITY_206,SUB_206_2,
4980,161,DEPT_09,Private,COMMODITY_271,SUB_271_3,
4981,421,DEPT_11,National,COMMODITY_026,SUB_026_4,
4982,125,DEPT_24,National,COMMODITY_087,SUB_087_5,
4983,355,DEPT_16,National,COMMODITY_263,SUB_263_6,
4984,270,DEPT_13,Private,COMMODITY_028,SUB_028_7,
4985,159,DEPT_05,National,COMMODITY_137,SUB_137_0,
4986,297,DEPT_09,National,COMMODITY_109,SUB_109_1,
4987,227,DEPT_05,National,COMMODITY_222,SUB_222_2,
4988,83,DEPT_16,National,COMMODITY_263,SUB_263_3,
4989,443,DEPT_17,National,COMMODITY_020,SUB_020_4,
4990,453,DEPT_06,National,COMMODITY_008,SUB_008_5,
4991,352,DEPT_18,National,COMMODITY_119,SUB_119_6,
4992,263,DEPT_05,National,COMMODITY_262,SUB_262_7,
4993,62,DEPT_21,National,COMMODITY_200,SUB_200_0,
4994,427,DEPT_05,National,COMMODITY_137,SUB_137_1,
4995,438,DEPT_11,National,COMMODITY_210,SUB_210_2,
4996,310,DEPT_22,National,COMMODITY_223,SUB_223_3,
4997,407,DEPT_23,Private,COMMODITY_250,SUB_250_4,
4998,23,DEPT_06,National,COMMODITY_158,SUB_158_5,
4999,317,DEPT_04,National,COMMODITY_081,SUB_081_6,
5000,257,DEPT_20,National,COMMODITY_027,SUB_027_7,
5001,123,DEPT_21,National,COMMODITY_273,SUB_273_0,
5002,109,DEPT_00,National,COMMODITY_220,SUB_220_1,
5003,207,DEPT_13,National,COMMODITY_215,SUB_215_2,
5004,134,DEPT_15,Private,COMMODITY_038,SUB_038_3,
5005,141,DEPT_20,Private,COMMODITY_115,SUB_115_4,
5006,442,DEPT_15,National,COMMODITY_283,SUB_283_5,
5007,227,DEPT_13,National,COMMODITY_041,SUB_041_6,
5008,444,DEPT_23,National,COMMODITY_153,SUB_153_7,
5009,23,DEPT_14,National,COMMODITY_030,SUB_030_0,
5010,327,DEPT_13,National,COMMODITY_193,SUB_193_1,
5011,286,DEPT_06,National,COMMODITY_293,SUB_293_2,
5012,367,DEPT_18,Private,COMMODITY_004,SUB_004_3,
5013,3,DEPT_08,National,COMMODITY_103,SUB_103_4,
5014,72,DEPT_13,Private,COMMODITY_041,SUB_041_5,
5015,33,DEPT_16,National,COMMODITY_278,SUB_278_6,
5016,352,DEPT_05,National,COMMODITY_245,SUB_245_7,
5017,203,DEPT_14,National,COMMODITY_270,SUB_270_0,
5018,309,DEPT_22,Private,COMMODITY_017,SUB_017_1,
5019,486,DEPT_21,National,COMMODITY_288,SUB_288_2,
5020,353,DEPT_17,National,COMMODITY_012,SUB_012_3,
5021,127,DEPT_08,National,COMMODITY_237,SUB_237_4,
5022,118,DEPT_15,National,COMMODITY_025,SUB_025_5,
5023,165,DEPT_23,National,COMMODITY_162,SUB_162_6,
5024,55,DEPT_00,National,COMMODITY_052,SUB_052_7,
5025,117,DEPT_21,National,COMMODITY_007,SUB_007_0,
5026,359,DEPT_13,Private,COMMODITY_225,SUB_225_1,
5027,17,DEPT_14,National,COMMODITY_030,SUB_030_2,
5028,133,DEPT_05,Private,COMMODITY_199,SUB_199_3,
5029,172,DEPT_03,National,COMMODITY_296,SUB_296_4,
5030,480,DEPT_08,National,COMMODITY_237,SUB_237_5,
5031,463,DEPT_20,Private,COMMODITY_145,SUB_145_6,
5032,241,DEPT_21,National,COMMODITY_228,SUB_228_7,
5033,396,DEPT_06,National,COMMODITY_265,SUB_265_0,
5034,496,DEPT_17,Private,COMMODITY_019,SUB_019_1,
5035,398,DEPT_11,National,COMMODITY_026,SUB_026_2,
5036,364,DEPT_05,National,COMMODITY_074,SUB_074_3,
5037,197,DEPT_07,National,COMMODITY_255,SUB_255_4,
5038,27,DEPT_16,National,COMMODITY_278,SUB_278_5,
5039,130,DEPT_09,National,COMMODITY_084,SUB_084_6,
5040,468,DEPT_19,National,COMMODITY_160,SUB_160_7,
5041,263,DEPT_19,Private,COMMODITY_130,SUB_130_0,
5042,455,DEPT_19,Private,COMMODITY_211,SUB_211_1,
5043,6,DEPT_14,National,COMMODITY_194,SUB_194_2,
5044,210,DEPT_06,Private,COMMODITY_293,SUB_293_3,
5045,69,DEPT_02,National,COMMODITY_176,SUB_176_4,
5046,12,DEPT_16,National,COMMODITY_278,SUB_278_5,
5047,277,DEPT_00,National,COMMODITY_022,SUB_022_6,
5048,415,DEPT_16,National,COMMODITY_278,SUB_278_7,
5049,353,DEPT_05,National,COMMODITY_137,SUB_137_0,
5050,339,DEPT_08,Private,COMMODITY_123,SUB_123_1,
5051,271,DEPT_12,Private,COMMODITY_258,SUB_258_2,
5052,318,DEPT_19,National,COMMODITY_160,SUB_160_3,
5053,118,DEPT_00,National,COMMODITY_098,SUB_098_4,
5054,315,DEPT_17,Private,COMMODITY_020,SUB_020_5,
5055,178,DEPT_00,Private,COMMODITY_068,SUB_068_6,
5056,370,DEPT_23,Private,COMMODITY_014,SUB_014_7,
5057,432,DEPT_13,National,COMMODITY_122,SUB_122_0,
5058,277,DEPT_19,National,COMMODITY_160,SUB_160_1,
5059,487,DEPT_24,Private,COMMODITY_005,SUB_005_2,
5060,4,DEPT_20,National,COMMODITY_069,SUB_069_3,
5061,469,DEPT_15,Private,COMMODITY_086,SUB_086_4,
5062,334,DEPT_11,National,COMMODITY_105,SUB_105_5,
5063,51,DEPT_02,National,COMMODITY_169,SUB_169_6,
5064,264,DEPT_05,National,COMMODITY_074,SUB_074_7,
5065,5,DEPT_19,Private,COMMODITY_226,SUB_226_0,
5066,345,DEPT_14,National,COMMODITY_140,SUB_140_1,
5067,417,DEPT_20,Private,COMMODITY_242,SUB_242_2,
5068,478,DEPT_16,Private,COMMODITY_278,SUB_278_3,
5069,106,DEPT_19,National,COMMODITY_190,SUB_190_4,
5070,246,DEPT_20,National,COMMODITY_069,SUB_069_5,
5071,85,DEPT_22,National,COMMODITY_006,SUB_006_6,
5072,13,DEPT_16,National,COMMODITY_024,SUB_024_7,
5073,363,DEPT_23,Private,COMMODITY_010,SUB_010_0,
5074,266,DEPT_13,National,COMMODITY_285,SUB_285_1,
5075,181,DEPT_17,National,COMMODITY_178,SUB_178_2,
5076,132,DEPT_02,National,COMMODITY_191,SUB_191_3,
5077,466,DEPT_11,Private,COMMODITY_018,SUB_018_4,
5078,251,DEPT_06,Private,COMMODITY_111,SUB_111_5,
5079,21,DEPT_05,National,COMMODITY_207,SUB_207_6,
5080,463,DEPT_18,National,COMMODITY_150,SUB_150_7,
5081,298,DEPT_24,Private,COMMODITY_129,SUB_129_0,
5082,367,DEPT_18,National,COMMODITY_029,SUB_029_1,
5083,347,DEPT_20,National,COMMODITY_145,SUB_145_2,
5084,65,DEPT_08,National,COMMODITY_093,SUB_093_3,
5085,354,DEPT_05,National,COMMODITY_207,SUB_207_4,
5086,348,DEPT_13,Private,COMMODITY_011,SUB_011_5,
5087,357,DEPT_24,National,COMMODITY_168,SUB_168_6,
5088,427,DEPT_21,Private,COMMODITY_045,SUB_045_7,
5089,64,DEPT_01,Private,COMMODITY_155,SUB_155_0,
5090,11,DEPT_22,National,COMMODITY_142,SUB_142_1,
5091,190,DEPT_12,Private,COMMODITY_227,SUB_227_2,
5092,325,DEPT_16,Private,COMMODITY_024,SUB_024_3,
5093,296,DEPT_12,Private,COMMODITY_172,SUB_172_4,
5094,25,DEPT_13,National,COMMODITY_097,SUB_097_5,
5095,323,DEPT_00,National,COMMODITY_076,SUB_076_6,
5096,289,DEPT_05,National,COMMODITY_177,SUB_177_7,
5097,286,DEPT_19,National,COMMODITY_187,SUB_187_0,
5098,126,DEPT_12,Private,COMMODITY_258,SUB_258_1,
5099,344,DEPT_19,National,COMMODITY_211,SUB_211_2,
5100,390,DEPT_00,National,COMMODITY_068,SUB_068_3,
5101,439,DEPT_17,National,COMMODITY_020,SUB_020_4,
5102,196,DEPT_19,National,COMMODITY_108,SUB_108_5,
5103,47,DEPT_24,Private,COMMODITY_129,SUB_129_6,
5104,266,DEPT_16,National,COMMODITY_083,SUB_083_7,
5105,121,DEPT_24,National,COMMODITY_214,SUB_214_0,
5106,150,DEPT_19,National,COMMODITY_085,SUB_085_1,
5107,217,DEPT_05,Private,COMMODITY_235,SUB_235_2,
5108,294,DEPT_21,National,COMMODITY_288,SUB_288_3,
5109,34,DEPT_24,Private,COMMODITY_214,SUB_214_4,
5110,147,DEPT_24,National,COMMODITY_129,SUB_129_5,
5111,200,DEPT_16,National,COMMODITY_243,SUB_243_6,
5112,97,DEPT_20,National,COMMODITY_242,SUB_242_7,
5113,89,DEPT_03,National,COMMODITY_161,SUB_161_0,
5114,191,DEPT_22,National,COMMODITY_044,SUB_044_1,
5115,482,DEPT_15,National,COMMODITY_038,SUB_038_2,
5116,92,DEPT_21,National,COMMODITY_138,SUB_138_3,
5117,429,DEPT_17,Private,COMMODITY_019,SUB_019_4,
5118,141,DEPT_14,National,COMMODITY_140,SUB_140_5,
5119,15,DEPT_23,National,COMMODITY_013,SUB_013_6,
5120,81,DEPT_15,National,COMMODITY_186,SUB_186_7,
5121,95,DEPT_13,Private,COMMODITY_122,SUB_122_0,
5122,275,DEPT_24,Private,COMMODITY_201,SUB_201_1,
5123,23,DEPT_01,National,COMMODITY_155,SUB_155_2,
5124,113,DEPT_01,Private,COMMODITY_117,SUB_117_3,
5125,112,DEPT_14,Private,COMMODITY_206,SUB_206_4,
5126,116,DEPT_04,National,COMMODITY_059,SUB_059_5,
5127,188,DEPT_20,Private,COMMODITY_115,SUB_115_6,
5128,63,DEPT_15,National,COMMODITY_283,SUB_283_7,
5129,284,DEPT_12,National,COMMODITY_172,SUB_172_0,
5130,107,DEPT_06,National,COMMODITY_111,SUB_111_1,
5131,204,DEPT_16,Private,COMMODITY_278,SUB_278_2,
5132,120,DEPT_08,Private,COMMODITY_037,SUB_037_3,
5133,81,DEPT_17,Private,COMMODITY_071,SUB_071_4,
5134,492,DEPT_23,National,COMMODITY_162,SUB_162_5,
5135,104,DEPT_21,National,COMMODITY_238,SUB_238_6,
5136,331,DEPT_00,Private,COMMODITY_062,SUB_062_7,
5137,340,DEPT_02,National,COMMODITY_033,SUB_033_0,
5138,10,DEPT_13,National,COMMODITY_240,SUB_240_1,
5139,125,DEPT_18,National,COMMODITY_119,SUB_119_2,
5140,250,DEPT_05,National,COMMODITY_207,SUB_207_3,
5141,149,DEPT_04,National,COMMODITY_205,SUB_205_4,
5142,431,DEPT_16,Private,COMMODITY_179,SUB_179_5,
5143,66,DEPT_21,Private,COMMODITY_200,SUB_200_6,
5144,373,DEPT_18,Private,COMMODITY_004,SUB_004_7,
5145,27,DEPT_17,National,COMMODITY_051,SUB_051_0,
5146,44,DEPT_10,National,COMMODITY_126,SUB_126_1,
5147,280,DEPT_14,Private,COMMODITY_202,SUB_202_2,
5148,390,DEPT_02,Private,COMMODITY_165,SUB_165_3,
5149,373,DEPT_23,Private,COMMODITY_067,SUB_067_4,
5150,400,DEPT_04,National,COMMODITY_229,SUB_229_5,
5151,357,DEPT_23,National,COMMODITY_152,SUB_152_6,
5152,144,DEPT_22,Private,COMMODITY_102,SUB_102_7,
5153,451,DEPT_13,National,COMMODITY_035,SUB_035_0,
5154,416,DEPT_16,National,COMMODITY_280,SUB_280_1,
5155,53,DEPT_05,National,COMMODITY_224,SUB_224_2,
5156,187,DEPT_07,National,COMMODITY_133,SUB_133_3,
5157,155,DEPT_23,National,COMMODITY_152,SUB_152_4,
5158,56,DEPT_15,National,COMMODITY_025,SUB_025_5,
5159,357,DEPT_24,National,COMMODITY_016,SUB_016_6,
5160,258,DEPT_19,National,COMMODITY_130,SUB_130_7,
5161,311,DEPT_18,National,COMMODITY_004,SUB_004_0,
5162,245,DEPT_00,Private,COMMODITY_252,SUB_252_1,
5163,475,DEPT_00,National,COMMODITY_022,SUB_022_2,
5164,262,DEPT_09,Private,COMMODITY_056,SUB_056_3,
5165,347,DEPT_03,National,COMMODITY_090,SUB_090_4,
5166,199,DEPT_23,National,COMMODITY_096,SUB_096_5,
5167,77,DEPT_03,National,COMMODITY_161,SUB_161_6,
5168,68,DEPT_06,National,COMMODITY_293,SUB_293_7,
5169,128,DEPT_06,Private,COMMODITY_197,SUB_197_0,
5170,128,DEPT_00,Private,COMMODITY_022,SUB_022_1,
5171,275,DEPT_19,Private,COMMODITY_055,SUB_055_2,
5172,462,DEPT_08,Private,COMMODITY_101,SUB_101_3,
5173,165,DEPT_13,National,COMMODITY_294,SUB_294_4,
5174,393,DEPT_24,National,COMMODITY_131,SUB_131_5,
5175,196,DEPT_20,National,COMMODITY_264,SUB_264_6,
5176,188,DEPT_02,National,COMMODITY_144,SUB_144_7,
5177,256,DEPT_08,National,COMMODITY_239,SUB_239_0,
5178,106,DEPT_13,National,COMMODITY_164,SUB_164_1,
5179,145,DEPT_20,National,COMMODITY_195,SUB_195_2,
5180,77,DEPT_04,Private,COMMODITY_205,SUB_205_3,
5181,352,DEPT_09,National,COMMODITY_084,SUB_084_4,
5182,207,DEPT_01,Private,COMMODITY_117,SUB_117_5,
5183,477,DEPT_11,National,COMMODITY_078,SUB_078_6,
5184,21,DEPT_23,Private,COMMODITY_010,SUB_010_7,
5185,180,DEPT_17,National,COMMODITY_051,SUB_051_0,
5186,384,DEPT_08,Private,COMMODITY_101,SUB_101_1,
5187,159,DEPT_20,National,COMMODITY_088,SUB_088_2,
5188,440,DEPT_22,National,COMMODITY_006,SUB_006_3,
5189,466,DEPT_18,National,COMMODITY_174,SUB_174_4,
5190,133,DEPT_18,Private,COMMODITY_150,SUB_150_5,
5191,429,DEPT_02,National,COMMODITY_165,SUB_165_6,
5192,405,DEPT_06,National,COMMODITY_260,SUB_260_7,
5193,46,DEPT_12,National,COMMODITY_172,SUB_172_0,
5194,376,DEPT_15,Private,COMMODITY_025,SUB_025_1,
5195,49,DEPT_10,National,COMMODITY_208,SUB_208_2,
5196,249,DEPT_13,National,COMMODITY_122,SUB_122_3,
5197,265,DEPT_15,National,COMMODITY_086,SUB_086_4,
5198,448,DEPT_21,National,COMMODITY_273,SUB_273_5,
5199,138,DEPT_24,Private,COMMODITY_170,SUB_170_6,
5200,244,DEPT_24,Private,COMMODITY_249,SUB_249_7,
5201,90,DEPT_19,National,COMMODITY_130,SUB_130_0,
5202,242,DEPT_24,National,COMMODITY_221,SUB_221_1,
5203,166,DEPT_14,Private,COMMODITY_290,SUB_290_2,
5204,235,DEPT_23,National,COMMODITY_213,SUB_213_3,
5205,1,DEPT_15,National,COMMODITY_185,SUB_185_4,
5206,467,DEPT_23,Private,COMMODITY_002,SUB_002_5,
5207,361,DEPT_09,Private,COMMODITY_113,SUB_113_6,
5208,99,DEPT_19,National,COMMODITY_130,SUB_130_7,
5209,161,DEPT_12,National,COMMODITY_299,SUB_299_0,
5210,281,DEPT_13,National,COMMODITY_266,SUB_266_1,
5211,201,DEPT_06,National,COMMODITY_217,SUB_217_2,
5212,54,DEPT_17,National,COMMODITY_216,SUB_216_3,
5213,384,DEPT_09,Private,COMMODITY_056,SUB_056_4,
5214,261,DEPT_11,National,COMMODITY_105,SUB_105_5,
5215,326,DEPT_09,Private,COMMODITY_271,SUB_271_6,
5216,59,DEPT_24,Private,COMMODITY_168,SUB_168_7,
5217,344,DEPT_13,National,COMMODITY_041,SUB_041_0,
5218,57,DEPT_15,National,COMMODITY_185,SUB_185_1,
5219,144,DEPT_13,National,COMMODITY_196,SUB_196_2,
5220,76,DEPT_17,Private,COMMODITY_259,SUB_259_3,
5221,94,DEPT_06,National,COMMODITY_143,SUB_143_4,
5222,67,DEPT_13,Private,COMMODITY_164,SUB_164_5,
5223,128,DEPT_24,National,COMMODITY_236,SUB_236_6,
5224,191,DEPT_21,National,COMMODITY_256,SUB_256_7,
5225,4,DEPT_23,National,COMMODITY_082,SUB_082_0,
5226,296,DEPT_24,Private,COMMODITY_221,SUB_221_1,
5227,293,DEPT_15,National,COMMODITY_009,SUB_009_2,
5228,143,DEPT_12,National,COMMODITY_299,SUB_299_3,
5229,356,DEPT_24,National,COMMODITY_129,SUB_129_4,
5230,19,DEPT_22,National,COMMODITY_102,SUB_102_5,
5231,385,DEPT_01,Private,COMMODITY_134,SUB_134_6,
5232,103,DEPT_14,National,COMMODITY_154,SUB_154_7,
5233,226,DEPT_11,Private,COMMODITY_018,SUB_018_0,
5234,256,DEPT_22,National,COMMODITY_189,SUB_189_1,
5235,133,DEPT_06,National,COMMODITY_099,SUB_099_2,
5236,379,DEPT_18,National,COMMODITY_004,SUB_004_3,
5237,167,DEPT_19,National,COMMODITY_190,SUB_190_4,
5238,457,DEPT_03,National,COMMODITY_161,SUB_161_5,
5239,464,DEPT_09,National,COMMODITY_116,SUB_116_6,
5240,285,DEPT_14,Private,COMMODITY_141,SUB_141_7,
5241,461,DEPT_18,National,COMMODITY_174,SUB_174_0,
5242,308,DEPT_16,National,COMMODITY_083,SUB_083_1,
5243,207,DEPT_06,National,COMMODITY_293,SUB_293_2,
5244,157,DEPT_01,National,COMMODITY_184,SUB_184_3,
5245,420,DEPT_16,Private,COMMODITY_092,SUB_092_4,
5246,276,DEPT_17,National,COMMODITY_216,SUB_216_5,
5247,169,DEPT_24,Private,COMMODITY_249,SUB_249_6,
5248,170,DEPT_24,National,COMMODITY_201,SUB_201_7,
5249,489,DEPT_01,Private,COMMODITY_117,SUB_117_0,
5250,299,DEPT_09,National,COMMODITY_271,SUB_271_1,
5251,297,DEPT_15,National,COMMODITY_139,SUB_139_2,
5252,1,DEPT_15,National,COMMODITY_139,SUB_139_3,
5253,75,DEPT_23,Private,COMMODITY_010,SUB_010_4,
5254,312,DEPT_23,National,COMMODITY_213,SUB_213_5,
5255,312,DEPT_13,Private,COMMODITY_035,SUB_035_6,
5256,216,DEPT_08,National,COMMODITY_053,SUB_053_7,
5257,218,DEPT_17,National,COMMODITY_020,SUB_020_0,
5258,478,DEPT_20,National,COMMODITY_195,SUB_195_1,
5259,413,DEPT_24,Private,COMMODITY_016,SUB_016_2,
5260,407,DEPT_13,National,COMMODITY_039,SUB_039_3,
5261,407,DEPT_04,National,COMMODITY_080,SUB_080_4,
5262,230,DEPT_21,Private,COMMODITY_238,SUB_238_5,
5263,147,DEPT_10,Private,COMMODITY_126,SUB_126_6,
5264,124,DEPT_16,National,COMMODITY_243,SUB_243_7,
5265,5,DEPT_17,National,COMMODITY_051,SUB_051_0,
5266,456,DEPT_13,National,COMMODITY_041,SUB_041_1,
5267,180,DEPT_01,National,COMMODITY_155,SUB_155_2,
5268,469,DEPT_08,National,COMMODITY_277,SUB_277_3,
5269,393,DEPT_19,Private,COMMODITY_226,SUB_226_4,
5270,450,DEPT_04,Private,COMMODITY_146,SUB_146_5,
5271,24,DEPT_15,National,COMMODITY_110,SUB_110_6,
5272,467,DEPT_21,National,COMMODITY_273,SUB_273_7,
5273,41,DEPT_21,National,COMMODITY_228,SUB_228_0,
5274,40,DEPT_17,National,COMMODITY_259,SUB_259_1,
5275,136,DEPT_01,Private,COMMODITY_063,SUB_063_2,
5276,390,DEPT_06,National,COMMODITY_106,SUB_106_3,
5277,425,DEPT_23,Private,COMMODITY_082,SUB_082_4,
5278,237,DEPT_02,Private,COMMODITY_218,SUB_218_5,
5279,51,DEPT_23,National,COMMODITY_149,SUB_149_6,
5280,192,DEPT_20,National,COMMODITY_264,SUB_264_7,
5281,3,DEPT_15,National,COMMODITY_009,SUB_009_0,
5282,353,DEPT_12,National,COMMODITY_299,SUB_299_1,
5283,483,DEPT_01,National,COMMODITY_134,SUB_134_2,
5284,136,DEPT_00,Private,COMMODITY_076,SUB_076_3,
5285,90,DEPT_05,Private,COMMODITY_248,SUB_248_4,
5286,113,DEPT_24,National,COMMODITY_236,SUB_236_5,
5287,260,DEPT_05,Private,COMMODITY_245,SUB_245_6,
5288,93,DEPT_09,National,COMMODITY_116,SUB_116_7,
5289,32,DEPT_13,Private,COMMODITY_294,SUB_294_0,
5290,200,DEPT_17,Private,COMMODITY_020,SUB_020_1,
5291,42,DEPT_00,Private,COMMODITY_068,SUB_068_2,
5292,459,DEPT_09,National,COMMODITY_084,SUB_084_3,
5293,410,DEPT_11,National,COMMODITY_049,SUB_049_4,
5294,403,DEPT_00,National,COMMODITY_047,SUB_047_5,
5295,103,DEPT_13,Private,COMMODITY_298,SUB_298_6,
5296,220,DEPT_17,National,COMMODITY_216,SUB_216_7,
5297,405,DEPT_04,National,COMMODITY_205,SUB_205_0,
5298,372,DEPT_08,Private,COMMODITY_163,SUB_163_1,
5299,217,DEPT_15,National,COMMODITY_139,SUB_139_2,
5300,357,DEPT_21,National,COMMODITY_045,SUB_045_3,
5301,127,DEPT_01,Private,COMMODITY_147,SUB_147_4,
5302,14,DEPT_01,National,COMMODITY_181,SUB_181_5,
5303,418,DEPT_19,Private,COMMODITY_226,SUB_226_6,
5304,361,DEPT_12,National,COMMODITY_048,SUB_048_7,
5305,298,DEPT_17,National,COMMODITY_051,SUB_051_0,
5306,117,DEPT_02,National,COMMODITY_171,SUB_171_1,
5307,455,DEPT_13,National,COMMODITY_060,SUB_060_2,
5308,325,DEPT_08,Private,COMMODITY_103,SUB_103_3,
5309,147,DEPT_05,National,COMMODITY_074,SUB_074_4,
5310,145,DEPT_12,National,COMMODITY_227,SUB_227_5,
5311,140,DEPT_24,National,COMMODITY_131,SUB_131_6,
5312,311,DEPT_10,National,COMMODITY_148,SUB_148_7,
5313,81,DEPT_00,National,COMMODITY_047,SUB_047_0,
5314,497,DEPT_22,Private,COMMODITY_247,SUB_247_1,
5315,168,DEPT_06,Private,COMMODITY_265,SUB_265_2,
5316,117,DEPT_11,National,COMMODITY_105,SUB_105_3,
5317,302,DEPT_22,Private,COMMODITY_121,SUB_121_4,
5318,243,DEPT_22,National,COMMODITY_121,SUB_121_5,
5319,98,DEPT_00,National,COMMODITY_000,SUB_000_6,
5320,379,DEPT_04,National,COMMODITY_081,SUB_081_7,
5321,420,DEPT_21,National,COMMODITY_212,SUB_212_0,
5322,180,DEPT_10,National,COMMODITY_208,SUB_208_1,
5323,223,DEPT_05,National,COMMODITY_245,SUB_245_2,
5324,351,DEPT_16,National,COMMODITY_278,SUB_278_3,
5325,106,DEPT_13,National,COMMODITY_035,SUB_035_4,
5326,450,DEPT_00,Private,COMMODITY_021,SUB_021_5,
5327,230,DEPT_24,National,COMMODITY_129,SUB_129_6,
5328,270,DEPT_23,National,COMMODITY_175,SUB_175_7,
5329,187,DEPT_10,National,COMMODITY_126,SUB_126_0,
5330,428,DEPT_19,Private,COMMODITY_160,SUB_160_1,
5331,69,DEPT_24,Private,COMMODITY_005,SUB_005_2,
5332,434,DEPT_00,National,COMMODITY_252,SUB_252_3,
5333,282,DEPT_17,National,COMMODITY_261,SUB_261_4,
5334,309,DEPT_06,National,COMMODITY_143,SUB_143_5,
5335,479,DEPT_01,Private,COMMODITY_134,SUB_134_6,
5336,399,DEPT_22,National,COMMODITY_189,SUB_189_7,
5337,246,DEPT_02,National,COMMODITY_165,SUB_165_0,
5338,60,DEPT_19,Private,COMMODITY_089,SUB_089_1,
5339,30,DEPT_07,National,COMMODITY_188,SUB_188_2,
5340,160,DEPT_15,Private,COMMODITY_185,SUB_185_3,
5341,106,DEPT_11,National,COMMODITY_276,SUB_276_4,
5342,407,DEPT_09,National,COMMODITY_246,SUB_246_5,
5343,59,DEPT_18,National,COMMODITY_004,SUB_004_6,
5344,211,DEPT_13,National,COMMODITY_035,SUB_035_7,
5345,44,DEPT_21,National,COMMODITY_204,SUB_204_0,
5346,371,DEPT_24,Private,COMMODITY_201,SUB_201_1,
5347,23,DEPT_23,National,COMMODITY_152,SUB_152_2,
5348,235,DEPT_13,National,COMMODITY_035,SUB_035_3,
5349,174,DEPT_02,National,COMMODITY_176,SUB_176_4,
5350,328,DEPT_11,Private,COMMODITY_234,SUB_234_5,
5351,434,DEPT_20,National,COMMODITY_145,SUB_145_6,
5352,289,DEPT_11,National,COMMODITY_156,SUB_156_7,
5353,238,DEPT_13,National,COMMODITY_225,SUB_225_0,
5354,22,DEPT_20,National,COMMODITY_182,SUB_182_1,
5355,340,DEPT_16,Private,COMMODITY_065,SUB_065_2,
5356,147,DEPT_18,National,COMMODITY_119,SUB_119_3,
5357,352,DEPT_12,National,COMMODITY_286,SUB_286_4,
5358,80,DEPT_02,National,COMMODITY_144,SUB_144_5,
5359,69,DEPT_21,Private,COMMODITY_238,SUB_238_6,
5360,286,DEPT_08,National,COMMODITY_053,SUB_053_7,
5361,404,DEPT_16,National,COMMODITY_065,SUB_065_0,
5362,245,DEPT_05,Private,COMMODITY_245,SUB_245_1,
5363,133,DEPT_12,Private,COMMODITY_048,SUB_048_2,
5364,245,DEPT_22,National,COMMODITY_073,SUB_073_3,
5365,282,DEPT_08,Private,COMMODITY_093,SUB_093_4,
5366,54,DEPT_05,Private,COMMODITY_180,SUB_180_5,
5367,30,DEPT_21,National,COMMODITY_238,SUB_238_6,
5368,292,DEPT_04,National,COMMODITY_205,SUB_205_7,
5369,306,DEPT_02,Private,COMMODITY_176,SUB_176_0,
5370,92,DEPT_20,Private,COMMODITY_088,SUB_088_1,
5371,436,DEPT_09,Private,COMMODITY_084,SUB_084_2,
5372,479,DEPT_15,National,COMMODITY_036,SUB_036_3,
5373,319,DEPT_14,National,COMMODITY_209,SUB_209_4,
5374,389,DEPT_00,Private,COMMODITY_047,SUB_047_5,
5375,170,DEPT_24,National,COMMODITY_168,SUB_168_6,
5376,334,DEPT_02,Private,COMMODITY_042,SUB_042_7,
5377,53,DEPT_04,National,COMMODITY_229,SUB_229_0,
5378,101,DEPT_06,Private,COMMODITY_143,SUB_143_1,
5379,227,DEPT_06,National,COMMODITY_217,SUB_217_2,
5380,8,DEPT_08,Private,COMMODITY_103,SUB_103_3,
5381,359,DEPT_13,National,COMMODITY_060,SUB_060_4,
5382,257,DEPT_22,National,COMMODITY_044,SUB_044_5,
5383,27,DEPT_23,National,COMMODITY_213,SUB_213_6,
5384,53,DEPT_00,National,COMMODITY_267,SUB_267_7,
5385,416,DEPT_14,National,COMMODITY_030,SUB_030_0,
5386,325,DEPT_17,National,COMMODITY_077,SUB_077_1,
5387,462,DEPT_19,National,COMMODITY_160,SUB_160_2,
5388,475,DEPT_00,Private,COMMODITY_000,SUB_000_3,
5389,96,DEPT_24,National,COMMODITY_168,SUB_168_4,
5390,399,DEPT_23,National,COMMODITY_094,SUB_094_5,
5391,323,DEPT_02,Private,COMMODITY_169,SUB_169_6,
5392,437,DEPT_17,Private,COMMODITY_077,SUB_077_7,
5393,388,DEPT_15,National,COMMODITY_038,SUB_038_0,
5394,231,DEPT_09,National,COMMODITY_118,SUB_118_1,
5395,160,DEPT_06,National,COMMODITY_008,SUB_008_2,
5396,113,DEPT_08,National,COMMODITY_070,SUB_070_3,
5397,408,DEPT_06,National,COMMODITY_197,SUB_197_4,
5398,20,DEPT_08,Private,COMMODITY_101,SUB_101_5,
5399,50,DEPT_16,National,COMMODITY_065,SUB_065_6,
5400,151,DEPT_04,National,COMMODITY_166,SUB_166_7,
5401,68,DEPT_05,Private,COMMODITY_064,SUB_064_0,
5402,488,DEPT_17,National,COMMODITY_020,SUB_020_1,
5403,157,DEPT_18,National,COMMODITY_119,SUB_119_2,
5404,110,DEPT_17,Private,COMMODITY_020,SUB_020_3,
5405,256,DEPT_11,Private,COMMODITY_272,SUB_272_4,
5406,497,DEPT_00,National,COMMODITY_076,SUB_076_5,
5407,325,DEPT_20,Private,COMMODITY_195,SUB_195_6,
5408,452,DEPT_21,Private,COMMODITY_132,SUB_132_7,
5409,5,DEPT_19,Private,COMMODITY_160,SUB_160_0,
5410,272,DEPT_06,National,COMMODITY_158,SUB_158_1,
5411,194,DEPT_05,National,COMMODITY_245,SUB_245_2,
5412,116,DEPT_06,Private,COMMODITY_091,SUB_091_3,
5413,156,DEPT_19,National,COMMODITY_130,SUB_130_4,
5414,343,DEPT_06,National,COMMODITY_008,SUB_008_5,
5415,247,DEPT_16,National,COMMODITY_065,SUB_065_6,
5416,233,DEPT_06,Private,COMMODITY_265,SUB_265_7,
5417,180,DEPT_13,National,COMMODITY_122,SUB_122_0,
5418,139,DEPT_19,National,COMMODITY_085,SUB_085_1,
5419,201,DEPT_23,National,COMMODITY_250,SUB_250_2,
5420,425,DEPT_18,National,COMMODITY_150,SUB_150_3,
5421,51,DEPT_02,National,COMMODITY_191,SUB_191_4,
5422,233,DEPT_13,National,COMMODITY_028,SUB_028_5,
5423,456,DEPT_05,National,COMMODITY_207,SUB_207_6,
5424,388,DEPT_02,National,COMMODITY_042,SUB_042_7,
5425,492,DEPT_17,National,COMMODITY_020,SUB_020_0,
5426,487,DEPT_14,Private,COMMODITY_202,SUB_202_1,
5427,441,DEPT_16,National,COMMODITY_280,SUB_280_2,
5428,6,DEPT_17,Private,COMMODITY_071,SUB_071_3,
5429,140,DEPT_05,Private,COMMODITY_262,SUB_262_4,
5430,331,DEPT_11,National,COMMODITY_183,SUB_183_5,
5431,193,DEPT_00,National,COMMODITY_000,SUB_000_6,
5432,16,DEPT_18,Private,COMMODITY_157,SUB_157_7,
5433,69,DEPT_21,National,COMMODITY_192,SUB_192_0,
5434,268,DEPT_03,National,COMMODITY_159,SUB_159_1,
5435,12,DEPT_18,Private,COMMODITY_174,SUB_174_2,
5436,99,DEPT_20,National,COMMODITY_269,SUB_269_3,
5437,485,DEPT_05,National,COMMODITY_207,SUB_207_4,
5438,471,DEPT_14,Private,COMMODITY_141,SUB_141_5,
5439,410,DEPT_22,National,COMMODITY_189,SUB_189_6,
5440,114,DEPT_17,National,COMMODITY_274,SUB_274_7,
5441,478,DEPT_11,Private,COMMODITY_026,SUB_026_0,
5442,122,DEPT_05,National,COMMODITY_180,SUB_180_1,
5443,58,DEPT_05,National,COMMODITY_023,SUB_023_2,
5444,429,DEPT_05,Private,COMMODITY_222,SUB_222_3,
5445,497,DEPT_16,National,COMMODITY_083,SUB_083_4,
5446,447,DEPT_14,National,COMMODITY_141,SUB_141_5,
5447,475,DEPT_00,National,COMMODITY_079,SUB_079_6,
5448,352,DEPT_19,National,COMMODITY_190,SUB_190_7,
5449,13,DEPT_01,National,COMMODITY_251,SUB_251_0,
5450,440,DEPT_20,National,COMMODITY_269,SUB_269_1,
5451,340,DEPT_21,Private,COMMODITY_045,SUB_045_2,
5452,472,DEPT_02,National,COMMODITY_176,SUB_176_3,
5453,95,DEPT_21,National,COMMODITY_273,SUB_273_4,
5454,38,DEPT_14,National,COMMODITY_209,SUB_209_5,
5455,113,DEPT_03,National,COMMODITY_001,SUB_001_6,
5456,164,DEPT_05,National,COMMODITY_058,SUB_058_7,
5457,125,DEPT_14,National,COMMODITY_140,SUB_140_0,
5458,141,DEPT_05,National,COMMODITY_023,SUB_023_1,
5459,354,DEPT_08,National,COMMODITY_101,SUB_101_2,
5460,363,DEPT_13,National,COMMODITY_285,SUB_285_3,
5461,69,DEPT_06,Private,COMMODITY_197,SUB_197_4,
5462,377,DEPT_15,Private,COMMODITY_054,SUB_054_5,
5463,397,DEPT_14,Private,COMMODITY_154,SUB_154_6,
5464,77,DEPT_23,National,COMMODITY_094,SUB_094_7,
5465,321,DEPT_08,National,COMMODITY_070,SUB_070_0,
5466,462,DEPT_13,National,COMMODITY_122,SUB_122_1,
5467,250,DEPT_00,National,COMMODITY_114,SUB_114_2,
5468,81,DEPT_05,National,COMMODITY_245,SUB_245_3,
5469,108,DEPT_19,National,COMMODITY_226,SUB_226_4,
5470,32,DEPT_20,National,COMMODITY_088,SUB_088_5,
5471,316,DEPT_21,Private,COMMODITY_138,SUB_138_6,
5472,253,DEPT_00,National,COMMODITY_047,SUB_047_7,
5473,279,DEPT_05,Private,COMMODITY_297,SUB_297_0,
5474,330,DEPT_01,National,COMMODITY_128,SUB_128_1,
5475,85,DEPT_22,Private,COMMODITY_006,SUB_006_2,
5476,36,DEPT_22,National,COMMODITY_247,SUB_247_3,
5477,257,DEPT_12,National,COMMODITY_172,SUB_172_4,
5478,29,DEPT_23,Private,COMMODITY_013,SUB_013_5,
5479,222,DEPT_05,Private,COMMODITY_235,SUB_235_6,
5480,86,DEPT_19,National,COMMODITY_160,SUB_160_7,
5481,251,DEPT_14,National,COMMODITY_202,SUB_202_0,
5482,367,DEPT_19,National,COMMODITY_211,SUB_211_1,
5483,202,DEPT_03,National,COMMODITY_001,SUB_001_2,
5484,321,DEPT_15,National,COMMODITY_139,SUB_139_3,
5485,394,DEPT_04,National,COMMODITY_254,SUB_254_4,
5486,420,DEPT_17,National,COMMODITY_261,SUB_261_5,
5487,106,DEPT_24,National,COMMODITY_221,SUB_221_6,
5488,134,DEPT_00,Private,COMMODITY_114,SUB_114_7,
5489,142,DEPT_22,National,COMMODITY_006,SUB_006_0,
5490,22,DEPT_21,Private,COMMODITY_212,SUB_212_1,
5491,167,DEPT_22,Private,COMMODITY_142,SUB_142_2,
5492,69,DEPT_11,National,COMMODITY_050,SUB_050_3,
5493,255,DEPT_18,Private,COMMODITY_157,SUB_157_4,
5494,256,DEPT_04,Private,COMMODITY_040,SUB_040_5,
5495,45,DEPT_23,National,COMMODITY_067,SUB_067_6,
5496,108,DEPT_19,Private,COMMODITY_190,SUB_190_7,
5497,262,DEPT_18,National,COMMODITY_174,SUB_174_0,
5498,345,DEPT_24,National,COMMODITY_129,SUB_129_1,
5499,278,DEPT_16,Private,COMMODITY_278,SUB_278_2,
5500,404,DEPT_03,Private,COMMODITY_161,SUB_161_3,
5501,463,DEPT_20,National,COMMODITY_027,SUB_027_4,
5502,498,DEPT_01,National,COMMODITY_184,SUB_184_5,
5503,124,DEPT_17,National,COMMODITY_274,SUB_274_6,
5504,280,DEPT_09,National,COMMODITY_084,SUB_084_7,
5505,449,DEPT_17,National,COMMODITY_233,SUB_233_0,
5506,158,DEPT_04,National,COMMODITY_146,SUB_146_1,
5507,383,DEPT_12,National,COMMODITY_295,SUB_295_2,
5508,27,DEPT_00,National,COMMODITY_252,SUB_252_3,
5509,76,DEPT_06,National,COMMODITY_219,SUB_219_4,
5510,482,DEPT_20,Private,COMMODITY_027,SUB_027_5,
5511,174,DEPT_23,Private,COMMODITY_213,SUB_213_6,
5512,124,DEPT_02,National,COMMODITY_171,SUB_171_7,
5513,26,DEPT_22,National,COMMODITY_044,SUB_044_0,
5514,88,DEPT_05,National,COMMODITY_248,SUB_248_1,
5515,209,DEPT_16,National,COMMODITY_179,SUB_179_2,
5516,15,DEPT_22,National,COMMODITY_006,SUB_006_3,
5517,454,DEPT_20,National,COMMODITY_269,SUB_269_4,
5518,261,DEPT_24,National,COMMODITY_214,SUB_214_5,
5519,77,DEPT_13,National,COMMODITY_240,SUB_240_6,
5520,71,DEPT_13,National,COMMODITY_060,SUB_060_7,
5521,189,DEPT_02,National,COMMODITY_124,SUB_124_0,
5522,51,DEPT_06,National,COMMODITY_099,SUB_099_1,
5523,219,DEPT_05,Private,COMMODITY_262,SUB_262_2,
5524,215,DEPT_03,National,COMMODITY_001,SUB_001_3,
5525,199,DEPT_00,National,COMMODITY_062,SUB_062_4,
5526,202,DEPT_22,Private,COMMODITY_102,SUB_102_5,
5527,481,DEPT_23,National,COMMODITY_013,SUB_013_6,
5528,456,DEPT_23,Private,COMMODITY_250,SUB_250_7,
5529,123,DEPT_09,National,COMMODITY_109,SUB_109_0,
5530,40,DEPT_16,National,COMMODITY_024,SUB_024_1,
5531,473,DEPT_17,National,COMMODITY_077,SUB_077_2,
5532,167,DEPT_17,Private,COMMODITY_275,SUB_275_3,
5533,225,DEPT_18,Private,COMMODITY_150,SUB_150_4,
5534,286,DEPT_24,National,COMMODITY_129,SUB_129_5,
5535,446,DEPT_14,Private,COMMODITY_209,SUB_209_6,
5536,286,DEPT_10,National,COMMODITY_148,SUB_148_7,
5537,252,DEPT_05,Private,COMMODITY_177,SUB_177_0,
5538,301,DEPT_19,National,COMMODITY_085,SUB_085_1,
5539,266,DEPT_06,Private,COMMODITY_260,SUB_260_2,
5540,352,DEPT_16,Private,COMMODITY_280,SUB_280_3,
5541,15,DEPT_11,National,COMMODITY_049,SUB_049_4,
5542,480,DEPT_04,National,COMMODITY_059,SUB_059_5,
5543,488,DEPT_22,Private,COMMODITY_189,SUB_189_6,
5544,75,DEPT_17,National,COMMODITY_233,SUB_233_7,
5545,466,DEPT_07,National,COMMODITY_255,SUB_255_0,
5546,46,DEPT_18,National,COMMODITY_157,SUB_157_1,
5547,364,DEPT_19,National,COMMODITY_187,SUB_187_2,
5548,150,DEPT_23,Private,COMMODITY_094,SUB_094_3,
5549,372,DEPT_11,National,COMMODITY_026,SUB_026_4,
5550,435,DEPT_17,National,COMMODITY_203,SUB_203_5,
5551,110,DEPT_15,National,COMMODITY_110,SUB_110_6,
5552,62,DEPT_08,National,COMMODITY_237,SUB_237_7,
5553,478,DEPT_04,Private,COMMODITY_080,SUB_080_0,
5554,262,DEPT_16,National,COMMODITY_263,SUB_263_1,
5555,269,DEPT_07,National,COMMODITY_292,SUB_292_2,
5556,133,DEPT_11,National,COMMODITY_018,SUB_018_3,
5557,405,DEPT_05,National,COMMODITY_074,SUB_074_4,
5558,308,DEPT_24,Private,COMMODITY_005,SUB_005_5,
5559,431,DEPT_19,Private,COMMODITY_095,SUB_095_6,
5560,384,DEPT_04,Private,COMMODITY_081,SUB_081_7,
5561,398,DEPT_17,National,COMMODITY_015,SUB_015_0,
5562,247,DEPT_00,National,COMMODITY_098,SUB_098_1,
5563,70,DEPT_20,National,COMMODITY_253,SUB_253_2,
5564,368,DEPT_04,National,COMMODITY_080,SUB_080_3,
5565,314,DEPT_18,National,COMMODITY_004,SUB_004_4,
5566,432,DEPT_09,Private,COMMODITY_056,SUB_056_5,
5567,358,DEPT_14,Private,COMMODITY_202,SUB_202_6,
5568,136,DEPT_09,National,COMMODITY_084,SUB_084_7,
5569,456,DEPT_19,Private,COMMODITY_085,SUB_085_0,
5570,220,DEPT_06,Private,COMMODITY_219,SUB_219_1,
5571,464,DEPT_17,National,COMMODITY_019,SUB_019_2,
5572,291,DEPT_24,National,COMMODITY_107,SUB_107_3,
5573,437,DEPT_08,National,COMMODITY_291,SUB_291_4,
5574,148,DEPT_02,National,COMMODITY_176,SUB_176_5,
5575,121,DEPT_00,National,COMMODITY_000,SUB_000_6,
5576,292,DEPT_02,Private,COMMODITY_165,SUB_165_7,
5577,187,DEPT_06,National,COMMODITY_099,SUB_099_0,
5578,329,DEPT_04,Private,COMMODITY_244,SUB_244_1,
5579,393,DEPT_00,National,COMMODITY_220,SUB_220_2,
5580,475,DEPT_05,Private,COMMODITY_199,SUB_199_3,
5581,186,DEPT_07,Private,COMMODITY_136,SUB_136_4,
5582,354,DEPT_09,National,COMMODITY_246,SUB_246_5,
5583,449,DEPT_04,Private,COMMODITY_205,SUB_205_6,
5584,211,DEPT_02,Private,COMMODITY_165,SUB_165_7,
5585,223,DEPT_13,Private,COMMODITY_122,SUB_122_0,
5586,46,DEPT_23,National,COMMODITY_014,SUB_014_1,
5587,314,DEPT_13,National,COMMODITY_028,SUB_028_2,
5588,66,DEPT_19,National,COMMODITY_108,SUB_108_3,
5589,217,DEPT_19,National,COMMODITY_287,SUB_287_4,
5590,435,DEPT_23,National,COMMODITY_082,SUB_082_5,
5591,334,DEPT_08,Private,COMMODITY_053,SUB_053_6,
5592,461,DEPT_00,National,COMMODITY_062,SUB_062_7,
5593,367,DEPT_15,Private,COMMODITY_054,SUB_054_0,
5594,448,DEPT_14,National,COMMODITY_194,SUB_194_1,
5595,278,DEPT_15,Private,COMMODITY_139,SUB_139_2,
5596,107,DEPT_05,National,COMMODITY_248,SUB_248_3,
5597,239,DEPT_19,National,COMMODITY_130,SUB_130_4,
5598,257,DEPT_09,National,COMMODITY_232,SUB_232_5,
5599,320,DEPT_00,National,COMMODITY_098,SUB_098_6,
5600,219,DEPT_06,Private,COMMODITY_091,SUB_091_7,
5601,224,DEPT_04,National,COMMODITY_059,SUB_059_0,
5602,300,DEPT_07,National,COMMODITY_136,SUB_136_1,
5603,165,DEPT_16,Private,COMMODITY_179,SUB_179_2,
5604,187,DEPT_20,National,COMMODITY_088,SUB_088_3,
5605,62,DEPT_09,National,COMMODITY_118,SUB_118_4,
5606,484,DEPT_15,National,COMMODITY_110,SUB_110_5,
5607,40,DEPT_15,National,COMMODITY_283,SUB_283_6,
5608,218,DEPT_01,Private,COMMODITY_134,SUB_134_7,
5609,380,DEPT_06,Private,COMMODITY_106,SUB_106_0,
5610,429,DEPT_03,National,COMMODITY_296,SUB_296_1,
5611,321,DEPT_13,National,COMMODITY_039,SUB_039_2,
5612,145,DEPT_16,National,COMMODITY_024,SUB_024_3,
5613,370,DEPT_18,National,COMMODITY_150,SUB_150_4,
5614,7,DEPT_13,Private,COMMODITY_122,SUB_122_5,
5615,252,DEPT_17,National,COMMODITY_051,SUB_051_6,
5616,312,DEPT_17,National,COMMODITY_274,SUB_274_7,
5617,316,DEPT_17,Private,COMMODITY_012,SUB_012_0,
5618,317,DEPT_23,National,COMMODITY_173,SUB_173_1,
5619,314,DEPT_23,National,COMMODITY_067,SUB_067_2,
5620,163,DEPT_24,National,COMMODITY_107,SUB_107_3,
5621,456,DEPT_17,Private,COMMODITY_274,SUB_274_4,
5622,54,DEPT_12,Private,COMMODITY_227,SUB_227_5,
5623,387,DEPT_13,Private,COMMODITY_011,SUB_011_6,
5624,102,DEPT_13,Private,COMMODITY_294,SUB_294_7,
5625,15,DEPT_18,National,COMMODITY_174,SUB_174_0,
5626,147,DEPT_13,Private,COMMODITY_225,SUB_225_1,
5627,78,DEPT_16,National,COMMODITY_179,SUB_179_2,
5628,304,DEPT_21,Private,COMMODITY_273,SUB_273_3,
5629,275,DEPT_20,National,COMMODITY_253,SUB_253_4,
5630,216,DEPT_02,National,COMMODITY_169,SUB_169_5,
5631,117,DEPT_11,National,COMMODITY_032,SUB_032_6,
5632,373,DEPT_03,National,COMMODITY_090,SUB_090_7,
5633,256,DEPT_21,National,COMMODITY_104,SUB_104_0,
5634,298,DEPT_04,Private,COMMODITY_040,SUB_040_1,
5635,333,DEPT_15,National,COMMODITY_038,SUB_038_2,
5636,180,DEPT_17,National,COMMODITY_282,SUB_282_3,
5637,238,DEPT_15,National,COMMODITY_025,SUB_025_4,
5638,369,DEPT_05,Private,COMMODITY_058,SUB_058_5,
5639,333,DEPT_21,Private,COMMODITY_288,SUB_288_6,
5640,483,DEPT_21,National,COMMODITY_238,SUB_238_7,
5641,29,DEPT_19,National,COMMODITY_055,SUB_055_0,
5642,272,DEPT_17,Private,COMMODITY_178,SUB_178_1,
5643,238,DEPT_05,National,COMMODITY_235,SUB_235_2,
5644,400,DEPT_13,National,COMMODITY_122,SUB_122_3,
5645,138,DEPT_24,National,COMMODITY_087,SUB_087_4,
5646,348,DEPT_16,National,COMMODITY_092,SUB_092_5,
5647,228,DEPT_05,National,COMMODITY_074,SUB_074_6,
5648,487,DEPT_18,National,COMMODITY_004,SUB_004_7,
5649,473,DEPT_11,National,COMMODITY_156,SUB_156_0,
5650,79,DEPT_09,National,COMMODITY_271,SUB_271_1,
5651,153,DEPT_13,National,COMMODITY_060,SUB_060_2,
5652,217,DEPT_24,Private,COMMODITY_168,SUB_168_3,
5653,380,DEPT_09,National,COMMODITY_232,SUB_232_4,
5654,454,DEPT_16,National,COMMODITY_230,SUB_230_5,
5655,374,DEPT_21,National,COMMODITY_132,SUB_132_6,
5656,211,DEPT_06,Private,COMMODITY_197,SUB_197_7,
5657,420,DEPT_05,National,COMMODITY_224,SUB_224_0,
5658,283,DEPT_00,Private,COMMODITY_267,SUB_267_1,
5659,56,DEPT_08,National,COMMODITY_163,SUB_163_2,
5660,132,DEPT_14,National,COMMODITY_031,SUB_031_3,
5661,177,DEPT_09,National,COMMODITY_084,SUB_084_4,
5662,149,DEPT_05,National,COMMODITY_207,SUB_207_5,
5663,344,DEPT_03,National,COMMODITY_001,SUB_001_6,
5664,292,DEPT_19,National,COMMODITY_211,SUB_211_7,
5665,379,DEPT_12,National,COMMODITY_257,SUB_257_0,
5666,126,DEPT_14,National,COMMODITY_141,SUB_141_1,
5667,448,DEPT_11,National,COMMODITY_032,SUB_032_2,
5668,38,DEPT_00,National,COMMODITY_057,SUB_057_3,
5669,294,DEPT_02,National,COMMODITY_151,SUB_151_4,
5670,319,DEPT_21,National,COMMODITY_132,SUB_132_5,
5671,378,DEPT_13,Private,COMMODITY_060,SUB_060_6,
5672,176,DEPT_24,National,COMMODITY_005,SUB_005_7,
5673,72,DEPT_03,National,COMMODITY_296,SUB_296_0,
5674,182,DEPT_13,National,COMMODITY_215,SUB_215_1,
5675,256,DEPT_00,Private,COMMODITY_062,SUB_062_2,
5676,151,DEPT_03,National,COMMODITY_296,SUB_296_3,
5677,224,DEPT_01,National,COMMODITY_155,SUB_155_4,
5678,31,DEPT_04,Private,COMMODITY_254,SUB_254_5,
5679,202,DEPT_03,National,COMMODITY_090,SUB_090_6,
5680,198,DEPT_10,National,COMMODITY_148,SUB_148_7,
5681,44,DEPT_13,National,COMMODITY_041,SUB_041_0,
5682,72,DEPT_24,National,COMMODITY_214,SUB_214_1,
5683,225,DEPT_17,National,COMMODITY_259,SUB_259_2,
5684,317,DEPT_23,National,COMMODITY_096,SUB_096_3,
5685,194,DEPT_18,National,COMMODITY_119,SUB_119_4,
5686,160,DEPT_08,Private,COMMODITY_103,SUB_103_5,
5687,116,DEPT_23,National,COMMODITY_173,SUB_173_6,
5688,421,DEPT_00,National,COMMODITY_114,SUB_114_7,
5689,329,DEPT_01,Private,COMMODITY_128,SUB_128_0,
5690,237,DEPT_17,National,COMMODITY_233,SUB_233_1,
5691,430,DEPT_17,National,COMMODITY_259,SUB_259_2,
5692,404,DEPT_06,National,COMMODITY_106,SUB_106_3,
5693,20,DEPT_08,National,COMMODITY_277,SUB_277_4,
5694,96,DEPT_05,National,COMMODITY_180,SUB_180_5,
5695,228,DEPT_13,National,COMMODITY_215,SUB_215_6,
5696,392,DEPT_21,National,COMMODITY_238,SUB_238_7,
5697,452,DEPT_00,Private,COMMODITY_000,SUB_000_0,
5698,88,DEPT_07,National,COMMODITY_279,SUB_279_1,
5699,375,DEPT_07,National,COMMODITY_292,SUB_292_2,
5700,7,DEPT_14,National,COMMODITY_209,SUB_209_3,
5701,96,DEPT_22,Private,COMMODITY_142,SUB_142_4,
5702,264,DEPT_03,Private,COMMODITY_161,SUB_161_5,
5703,182,DEPT_00,Private,COMMODITY_167,SUB_167_6,
5704,206,DEPT_04,National,COMMODITY_244,SUB_244_7,
5705,348,DEPT_13,National,COMMODITY_028,SUB_028_0,
5706,109,DEPT_09,National,COMMODITY_116,SUB_116_1,
5707,185,DEPT_02,National,COMMODITY_165,SUB_165_2,
5708,474,DEPT_14,Private,COMMODITY_140,SUB_140_3,
5709,289,DEPT_23,National,COMMODITY_082,SUB_082_4,
5710,288,DEPT_21,Private,COMMODITY_256,SUB_256_5,
5711,360,DEPT_20,National,COMMODITY_195,SUB_195_6,
5712,428,DEPT_22,National,COMMODITY_017,SUB_017_7,
5713,462,DEPT_08,National,COMMODITY_100,SUB_100_0,
5714,27,DEPT_01,Private,COMMODITY_251,SUB_251_1,
5715,130,DEPT_05,Private,COMMODITY_058,SUB_058_2,
5716,83,DEPT_11,National,COMMODITY_234,SUB_234_3,
5717,480,DEPT_15,National,COMMODITY_054,SUB_054_4,
5718,122,DEPT_08,National,COMMODITY_291,SUB_291_5,
5719,257,DEPT_15,National,COMMODITY_036,SUB_036_6,
5720,48,DEPT_15,National,COMMODITY_086,SUB_086_7,
5721,366,DEPT_21,National,COMMODITY_007,SUB_007_0,
5722,496,DEPT_05,Private,COMMODITY_177,SUB_177_1,
5723,445,DEPT_00,National,COMMODITY_076,SUB_076_2,
5724,204,DEPT_01,National,COMMODITY_268,SUB_268_3,
5725,44,DEPT_04,Private,COMMODITY_166,SUB_166_4,
5726,49,DEPT_22,National,COMMODITY_006,SUB_006_5,
5727,238,DEPT_01,National,COMMODITY_251,SUB_251_6,
5728,224,DEPT_09,National,COMMODITY_246,SUB_246_7,
5729,343,DEPT_16,National,COMMODITY_230,SUB_230_0,
5730,482,DEPT_04,Private,COMMODITY_244,SUB_244_1,
5731,275,DEPT_02,National,COMMODITY_033,SUB_033_2,
5732,296,DEPT_20,National,COMMODITY_195,SUB_195_3,
5733,350,DEPT_20,Private,COMMODITY_182,SUB_182_4,
5734,469,DEPT_23,National,COMMODITY_173,SUB_173_5,
5735,195,DEPT_22,National,COMMODITY_017,SUB_017_6,
5736,71,DEPT_19,Private,COMMODITY_287,SUB_287_7,
5737,357,DEPT_17,Private,COMMODITY_019,SUB_019_0,
5738,358,DEPT_09,National,COMMODITY_118,SUB_118_1,
5739,200,DEPT_10,National,COMMODITY_208,SUB_208_2,
5740,357,DEPT_01,Private,COMMODITY_117,SUB_117_3,
5741,360,DEPT_09,National,COMMODITY_116,SUB_116_4,
5742,269,DEPT_09,National,COMMODITY_109,SUB_109_5,
5743,311,DEPT_22,National,COMMODITY_102,SUB_102_6,
5744,124,DEPT_02,National,COMMODITY_151,SUB_151_7,
5745,264,DEPT_13,National,COMMODITY_061,SUB_061_0,
5746,211,DEPT_19,National,COMMODITY_211,SUB_211_1,
5747,81,DEPT_21,National,COMMODITY_273,SUB_273_2,
5748,260,DEPT_24,National,COMMODITY_131,SUB_131_3,
5749,8,DEPT_17,Private,COMMODITY_282,SUB_282_4,
5750,431,DEPT_24,National,COMMODITY_129,SUB_129_5,
5751,476,DEPT_07,National,COMMODITY_292,SUB_292_6,
5752,270,DEPT_09,National,COMMODITY_056,SUB_056_7,
5753,198,DEPT_04,National,COMMODITY_080,SUB_080_0,
5754,405,DEPT_13,Private,COMMODITY_164,SUB_164_1,
5755,370,DEPT_24,Private,COMMODITY_129,SUB_129_2,
5756,161,DEPT_01,Private,COMMODITY_063,SUB_063_3,
5757,483,DEPT_19,Private,COMMODITY_187,SUB_187_4,
5758,162,DEPT_15,National,COMMODITY_186,SUB_186_5,
5759,148,DEPT_00,Private,COMMODITY_057,SUB_057_6,
5760,331,DEPT_06,Private,COMMODITY_293,SUB_293_7,
5761,75,DEPT_09,National,COMMODITY_084,SUB_084_0,
5762,497,DEPT_07,National,COMMODITY_133,SUB_133_1,
5763,107,DEPT_05,Private,COMMODITY_207,SUB_207_2,
5764,53,DEPT_21,National,COMMODITY_045,SUB_045_3,
5765,317,DEPT_07,National,COMMODITY_284,SUB_284_4,
5766,438,DEPT_05,Private,COMMODITY_297,SUB_297_5,
5767,63,DEPT_11,National,COMMODITY_272,SUB_272_6,
5768,43,DEPT_01,Private,COMMODITY_117,SUB_117_7,
5769,97,DEPT_13,National,COMMODITY_215,SUB_215_0,
5770,465,DEPT_23,National,COMMODITY_149,SUB_149_1,
5771,159,DEPT_11,Private,COMMODITY_018,SUB_018_2,
5772,218,DEPT_05,National,COMMODITY_262,SUB_262_3,
5773,239,DEPT_23,National,COMMODITY_010,SUB_010_4,
5774,216,DEPT_21,National,COMMODITY_212,SUB_212_5,
5775,160,DEPT_13,Private,COMMODITY_164,SUB_164_6,
5776,217,DEPT_15,Private,COMMODITY_139,SUB_139_7,
5777,251,DEPT_11,National,COMMODITY_049,SUB_049_0,
5778,172,DEPT_12,National,COMMODITY_258,SUB_258_1,
5779,375,DEPT_23,National,COMMODITY_173,SUB_173_2,
5780,213,DEPT_05,National,COMMODITY_074,SUB_074_3,
5781,455,DEPT_00,National,COMMODITY_057,SUB_057_4,
5782,412,DEPT_15,Private,COMMODITY_054,SUB_054_5,
5783,36,DEPT_04,National,COMMODITY_040,SUB_040_6,
5784,328,DEPT_20,Private,COMMODITY_195,SUB_195_7,
5785,329,DEPT_12,National,COMMODITY_172,SUB_172_0,
5786,44,DEPT_00,National,COMMODITY_114,SUB_114_1,
5787,289,DEPT_06,National,COMMODITY_143,SUB_143_2,
5788,184,DEPT_19,Private,COMMODITY_160,SUB_160_3,
5789,76,DEPT_13,National,COMMODITY_060,SUB_060_4,
5790,458,DEPT_13,National,COMMODITY_225,SUB_225_5,
5791,323,DEPT_06,National,COMMODITY_260,SUB_260_6,
5792,377,DEPT_14,National,COMMODITY_141,SUB_141_7,
5793,93,DEPT_22,Private,COMMODITY_223,SUB_223_0,
5794,420,DEPT_10,Private,COMMODITY_281,SUB_281_1,
5795,119,DEPT_12,National,COMMODITY_227,SUB_227_2,
5796,488,DEPT_22,National,COMMODITY_044,SUB_044_3,
5797,318,DEPT_13,National,COMMODITY_028,SUB_028_4,
5798,477,DEPT_01,National,COMMODITY_251,SUB_251_5,
5799,113,DEPT_02,National,COMMODITY_169,SUB_169_6,
5800,253,DEPT_24,Private,COMMODITY_236,SUB_236_7,
5801,56,DEPT_05,National,COMMODITY_222,SUB_222_0,
5802,358,DEPT_13,National,COMMODITY_035,SUB_035_1,
5803,109,DEPT_09,Private,COMMODITY_116,SUB_116_2,
5804,111,DEPT_02,National,COMMODITY_165,SUB_165_3,
5805,310,DEPT_24,National,COMMODITY_201,SUB_201_4,
5806,244,DEPT_05,National,COMMODITY_235,SUB_235_5,
5807,218,DEPT_20,National,COMMODITY_269,SUB_269_6,
5808,365,DEPT_02,National,COMMODITY_124,SUB_124_7,
5809,356,DEPT_03,National,COMMODITY_159,SUB_159_0,
5810,61,DEPT_20,National,COMMODITY_145,SUB_145_1,
5811,328,DEPT_04,Private,COMMODITY_040,SUB_040_2,
5812,296,DEPT_22,National,COMMODITY_223,SUB_223_3,
5813,137,DEPT_00,National,COMMODITY_068,SUB_068_4,
5814,367,DEPT_12,National,COMMODITY_258,SUB_258_5,
5815,414,DEPT_11,Private,COMMODITY_234,SUB_234_6,
5816,34,DEPT_09,National,COMMODITY_118,SUB_118_7,
5817,119,DEPT_09,National,COMMODITY_232,SUB_232_0,
5818,103,DEPT_01,National,COMMODITY_251,SUB_251_1,
5819,376,DEPT_08,National,COMMODITY_034,SUB_034_2,
5820,57,DEPT_16,National,COMMODITY_243,SUB_243_3,
5821,199,DEPT_18,National,COMMODITY_174,SUB_174_4,
5822,277,DEPT_13,Private,COMMODITY_035,SUB_035_5,
5823,97,DEPT_19,National,COMMODITY_190,SUB_190_6,
5824,212,DEPT_21,National,COMMODITY_200,SUB_200_7,
5825,27,DEPT_19,National,COMMODITY_130,SUB_130_0,
5826,230,DEPT_22,Private,COMMODITY_247,SUB_247_1,
5827,55,DEPT_24,National,COMMODITY_087,SUB_087_2,
5828,480,DEPT_01,Private,COMMODITY_251,SUB_251_3,
5829,450,DEPT_19,National,COMMODITY_043,SUB_043_4,
5830,272,DEPT_23,National,COMMODITY_125,SUB_125_5,
5831,475,DEPT_20,Private,COMMODITY_264,SUB_264_6,
5832,490,DEPT_05,National,COMMODITY_064,SUB_064_7,
5833,97,DEPT_20,National,COMMODITY_269,SUB_269_0,
5834,55,DEPT_17,Private,COMMODITY_051,SUB_051_1,
5835,447,DEPT_23,Private,COMMODITY_010,SUB_010_2,
5836,104,DEPT_07,Private,COMMODITY_255,SUB_255_3,
5837,461,DEPT_16,National,COMMODITY_280,SUB_280_4,
5838,106,DEPT_08,National,COMMODITY_100,SUB_100_5,
5839,241,DEPT_06,National,COMMODITY_293,SUB_293_6,
5840,54,DEPT_01,Private,COMMODITY_241,SUB_241_7,
5841,385,DEPT_04,National,COMMODITY_146,SUB_146_0,
5842,483,DEPT_20,National,COMMODITY_182,SUB_182_1,
5843,118,DEPT_01,National,COMMODITY_117,SUB_117_2,
5844,385,DEPT_16,Private,COMMODITY_065,SUB_065_3,
5845,405,DEPT_21,National,COMMODITY_273,SUB_273_4,
5846,352,DEPT_23,National,COMMODITY_125,SUB_125_5,
5847,391,DEPT_18,National,COMMODITY_075,SUB_075_6,
5848,284,DEPT_20,National,COMMODITY_242,SUB_242_7,
5849,344,DEPT_16,National,COMMODITY_230,SUB_230_0,
5850,49,DEPT_17,National,COMMODITY_261,SUB_261_1,
5851,2,DEPT_20,National,COMMODITY_182,SUB_182_2,
5852,442,DEPT_11,National,COMMODITY_105,SUB_105_3,
5853,453,DEPT_01,Private,COMMODITY_155,SUB_155_4,
5854,25,DEPT_11,National,COMMODITY_234,SUB_234_5,
5855,146,DEPT_21,National,COMMODITY_204,SUB_204_6,
5856,82,DEPT_22,Private,COMMODITY_017,SUB_017_7,
5857,162,DEPT_07,Private,COMMODITY_255,SUB_255_0,
5858,274,DEPT_06,National,COMMODITY_158,SUB_158_1,
5859,276,DEPT_11,National,COMMODITY_276,SUB_276_2,
5860,266,DEPT_13,National,COMMODITY_041,SUB_041_3,
5861,327,DEPT_16,Private,COMMODITY_243,SUB_243_4,
5862,493,DEPT_21,National,COMMODITY_288,SUB_288_5,
5863,25,DEPT_04,Private,COMMODITY_229,SUB_229_6,
5864,184,DEPT_14,National,COMMODITY_209,SUB_209_7,
5865,269,DEPT_20,Private,COMMODITY_195,SUB_195_0,
5866,385,DEPT_06,Private,COMMODITY_106,SUB_106_1,
5867,329,DEPT_14,Private,COMMODITY_202,SUB_202_2,
5868,32,DEPT_21,Private,COMMODITY_288,SUB_288_3,
5869,401,DEPT_05,National,COMMODITY_199,SUB_199_4,
5870,18,DEPT_14,National,COMMODITY_030,SUB_030_5,
5871,108,DEPT_01,National,COMMODITY_117,SUB_117_6,
5872,466,DEPT_01,National,COMMODITY_134,SUB_134_7,
5873,279,DEPT_24,Private,COMMODITY_249,SUB_249_0,
5874,442,DEPT_16,National,COMMODITY_092,SUB_092_1,
5875,240,DEPT_11,Private,COMMODITY_105,SUB_105_2,
5876,450,DEPT_05,National,COMMODITY_297,SUB_297_3,
5877,424,DEPT_23,Private,COMMODITY_096,SUB_096_4,
5878,75,DEPT_11,National,COMMODITY_026,SUB_026_5,
5879,350,DEPT_04,National,COMMODITY_081,SUB_081_6,
5880,211,DEPT_06,National,COMMODITY_158,SUB_158_7,
5881,341,DEPT_14,National,COMMODITY_290,SUB_290_0,
5882,326,DEPT_07,National,COMMODITY_066,SUB_066_1,
5883,126,DEPT_16,National,COMMODITY_083,SUB_083_2,
5884,324,DEPT_10,National,COMMODITY_208,SUB_208_3,
5885,378,DEPT_06,National,COMMODITY_219,SUB_219_4,
5886,243,DEPT_14,National,COMMODITY_141,SUB_141_5,
5887,158,DEPT_00,Private,COMMODITY_062,SUB_062_6,
5888,343,DEPT_07,Private,COMMODITY_255,SUB_255_7,
5889,117,DEPT_01,National,COMMODITY_184,SUB_184_0,
5890,71,DEPT_24,National,COMMODITY_214,SUB_214_1,
5891,176,DEPT_17,National,COMMODITY_275,SUB_275_2,
5892,225,DEPT_21,Private,COMMODITY_228,SUB_228_3,
5893,414,DEPT_00,Private,COMMODITY_079,SUB_079_4,
5894,20,DEPT_23,National,COMMODITY_094,SUB_094_5,
5895,169,DEPT_22,National,COMMODITY_044,SUB_044_6,
5896,284,DEPT_08,National,COMMODITY_046,SUB_046_7,
5897,132,DEPT_19,National,COMMODITY_089,SUB_089_0,
5898,255,DEPT_20,Private,COMMODITY_115,SUB_115_1,
5899,41,DEPT_14,National,COMMODITY_194,SUB_194_2,
5900,457,DEPT_13,National,COMMODITY_011,SUB_011_3,
5901,262,DEPT_08,National,COMMODITY_070,SUB_070_4,
5902,39,DEPT_22,National,COMMODITY_073,SUB_073_5,
5903,50,DEPT_00,National,COMMODITY_114,SUB_114_6,
5904,483,DEPT_01,Private,COMMODITY_184,SUB_184_7,
5905,172,DEPT_21,Private,COMMODITY_072,SUB_072_0,
5906,473,DEPT_13,Private,COMMODITY_060,SUB_060_1,
5907,425,DEPT_13,Private,COMMODITY_164,SUB_164_2,
5908,421,DEPT_13,Private,COMMODITY_011,SUB_011_3,
5909,83,DEPT_19,National,COMMODITY_287,SUB_287_4,
5910,421,DEPT_02,National,COMMODITY_169,SUB_169_5,
5911,57,DEPT_04,National,COMMODITY_205,SUB_205_6,
5912,77,DEPT_11,National,COMMODITY_234,SUB_234_7,
5913,22,DEPT_00,National,COMMODITY_022,SUB_022_0,
5914,483,DEPT_09,Private,COMMODITY_056,SUB_056_1,
5915,119,DEPT_23,Private,COMMODITY_002,SUB_002_2,
5916,268,DEPT_11,National,COMMODITY_276,SUB_276_3,
5917,57,DEPT_05,National,COMMODITY_023,SUB_023_4,
5918,316,DEPT_22,National,COMMODITY_102,SUB_102_5,
5919,57,DEPT_13,National,COMMODITY_041,SUB_041_6,
5920,146,DEPT_03,National,COMMODITY_159,SUB_159_7,
5921,183,DEPT_00,National,COMMODITY_062,SUB_062_0,
5922,314,DEPT_22,Private,COMMODITY_189,SUB_189_1,
5923,68,DEPT_19,National,COMMODITY_160,SUB_160_2,
5924,79,DEPT_13,National,COMMODITY_164,SUB_164_3,
5925,493,DEPT_02,National,COMMODITY_218,SUB_218_4,
5926,207,DEPT_18,Private,COMMODITY_174,SUB_174_5,
5927,446,DEPT_24,National,COMMODITY_236,SUB_236_6,
5928,380,DEPT_14,National,COMMODITY_031,SUB_031_7,
5929,354,DEPT_13,Private,COMMODITY_097,SUB_097_0,
5930,339,DEPT_18,National,COMMODITY_150,SUB_150_1,
5931,5,DEPT_05,National,COMMODITY_177,SUB_177_2,
5932,478,DEPT_05,Private,COMMODITY_224,SUB_224_3,
5933,328,DEPT_19,National,COMMODITY_043,SUB_043_4,
5934,79,DEPT_02,National,COMMODITY_042,SUB_042_5,
5935,212,DEPT_21,National,COMMODITY_192,SUB_192_6,
5936,155,DEPT_16,National,COMMODITY_278,SUB_278_7,
5937,22,DEPT_04,National,COMMODITY_040,SUB_040_0,
5938,402,DEPT_17,National,COMMODITY_019,SUB_019_1,
5939,135,DEPT_22,National,COMMODITY_223,SUB_223_2,
5940,138,DEPT_17,National,COMMODITY_233,SUB_233_3,
5941,45,DEPT_10,National,COMMODITY_126,SUB_126_4,
5942,291,DEPT_09,National,COMMODITY_116,SUB_116_5,
5943,402,DEPT_21,National,COMMODITY_288,SUB_288_6,
5944,474,DEPT_20,National,COMMODITY_088,SUB_088_7,
5945,266,DEPT_22,National,COMMODITY_017,SUB_017_0,
5946,136,DEPT_04,National,COMMODITY_254,SUB_254_1,
5947,462,DEPT_14,Private,COMMODITY_198,SUB_198_2,
5948,176,DEPT_09,National,COMMODITY_246,SUB_246_3,
5949,67,DEPT_22,Private,COMMODITY_003,SUB_003_4,
5950,155,DEPT_20,National,COMMODITY_182,SUB_182_5,
5951,282,DEPT_17,National,COMMODITY_275,SUB_275_6,
5952,40,DEPT_00,Private,COMMODITY_114,SUB_114_7,
5953,470,DEPT_13,National,COMMODITY_196,SUB_196_0,
5954,303,DEPT_24,Private,COMMODITY_236,SUB_236_1,
5955,133,DEPT_16,Private,COMMODITY_230,SUB_230_2,
5956,322,DEPT_21,National,COMMODITY_045,SUB_045_3,
5957,218,DEPT_06,National,COMMODITY_265,SUB_265_4,
5958,320,DEPT_18,Private,COMMODITY_119,SUB_119_5,
5959,482,DEPT_02,Private,COMMODITY_151,SUB_151_6,
5960,234,DEPT_10,National,COMMODITY_126,SUB_126_7,
5961,317,DEPT_21,National,COMMODITY_228,SUB_228_0,
5962,182,DEPT_00,National,COMMODITY_047,SUB_047_1,
5963,209,DEPT_09,Private,COMMODITY_109,SUB_109_2,
5964,77,DEPT_19,National,COMMODITY_120,SUB_120_3,
5965,443,DEPT_03,National,COMMODITY_296,SUB_296_4,
5966,288,DEPT_15,National,COMMODITY_110,SUB_110_5,
5967,87,DEPT_23,National,COMMODITY_213,SUB_213_6,
5968,20,DEPT_19,Private,COMMODITY_043,SUB_043_7,
5969,210,DEPT_14,Private,COMMODITY_194,SUB_194_0,
5970,326,DEPT_22,National,COMMODITY_044,SUB_044_1,
5971,296,DEPT_08,Private,COMMODITY_291,SUB_291_2,
5972,277,DEPT_19,National,COMMODITY_289,SUB_289_3,
5973,202,DEPT_20,Private,COMMODITY_145,SUB_145_4,
5974,17,DEPT_17,National,COMMODITY_020,SUB_020_5,
5975,217,DEPT_17,National,COMMODITY_077,SUB_077_6,
5976,85,DEPT_08,National,COMMODITY_037,SUB_037_7,
5977,352,DEPT_12,National,COMMODITY_257,SUB_257_0,
5978,400,DEPT_14,Private,COMMODITY_290,SUB_290_1,
5979,113,DEPT_18,National,COMMODITY_075,SUB_075_2,
5980,74,DEPT_13,National,COMMODITY_285,SUB_285_3,
5981,376,DEPT_24,National,COMMODITY_214,SUB_214_4,
5982,40,DEPT_08,National,COMMODITY_100,SUB_100_5,
5983,245,DEPT_19,Private,COMMODITY_190,SUB_190_6,
5984,111,DEPT_14,Private,COMMODITY_030,SUB_030_7,
5985,148,DEPT_03,National,COMMODITY_296,SUB_296_0,
5986,121,DEPT_20,National,COMMODITY_182,SUB_182_1,
5987,365,DEPT_20,Private,COMMODITY_242,SUB_242_2,
5988,481,DEPT_24,National,COMMODITY_131,SUB_131_3,
5989,352,DEPT_22,National,COMMODITY_223,SUB_223_4,
5990,219,DEPT_13,Private,COMMODITY_285,SUB_285_5,
5991,159,DEPT_16,National,COMMODITY_230,SUB_230_6,
5992,132,DEPT_15,National,COMMODITY_038,SUB_038_7,
5993,280,DEPT_17,Private,COMMODITY_071,SUB_071_0,
5994,380,DEPT_17,Private,COMMODITY_233,SUB_233_1,
5995,464,DEPT_05,National,COMMODITY_074,SUB_074_2,
5996,231,DEPT_21,National,COMMODITY_007,SUB_007_3,
5997,319,DEPT_24,National,COMMODITY_016,SUB_016_4,
5998,279,DEPT_00,Private,COMMODITY_062,SUB_062_5,
5999,415,DEPT_08,Private,COMMODITY_070,SUB_070_6,
6000,323,DEPT_03,National,COMMODITY_090,SUB_090_7,
6001,167,DEPT_13,National,COMMODITY_266,SUB_266_0,
6002,48,DEPT_11,National,COMMODITY_049,SUB_049_1,
6003,277,DEPT_19,National,COMMODITY_160,SUB_160_2,
6004,400,DEPT_21,Private,COMMODITY_238,SUB_238_3,
6005,32,DEPT_19,National,COMMODITY_289,SUB_289_4,
6006,473,DEPT_00,National,COMMODITY_052,SUB_052_5,
6007,393,DEPT_09,National,COMMODITY_246,SUB_246_6,
6008,70,DEPT_21,National,COMMODITY_138,SUB_138_7,
6009,324,DEPT_23,National,COMMODITY_013,SUB_013_0,
6010,353,DEPT_15,National,COMMODITY_038,SUB_038_1,
6011,490,DEPT_03,National,COMMODITY_001,SUB_001_2,
6012,485,DEPT_09,National,COMMODITY_232,SUB_232_3,
6013,194,DEPT_24,Private,COMMODITY_131,SUB_131_4,
6014,327,DEPT_24,National,COMMODITY_201,SUB_201_5,
6015,241,DEPT_13,National,COMMODITY_028,SUB_028_6,
6016,256,DEPT_23,National,COMMODITY_014,SUB_014_7,
6017,471,DEPT_17,National,COMMODITY_282,SUB_282_0,
6018,127,DEPT_08,National,COMMODITY_053,SUB_053_1,
6019,402,DEPT_13,National,COMMODITY_011,SUB_011_2,
6020,496,DEPT_19,Private,COMMODITY_187,SUB_187_3,
6021,458,DEPT_05,National,COMMODITY_074,SUB_074_4,
6022,444,DEPT_10,National,COMMODITY_126,SUB_126_5,
6023,64,DEPT_17,National,COMMODITY_015,SUB_015_6,
6024,391,DEPT_03,National,COMMODITY_090,SUB_090_7,
6025,282,DEPT_05,National,COMMODITY_177,SUB_177_0,
6026,50,DEPT_07,National,COMMODITY_188,SUB_188_1,
6027,356,DEPT_23,Private,COMMODITY_010,SUB_010_2,
6028,99,DEPT_06,National,COMMODITY_265,SUB_265_3,
6029,285,DEPT_09,National,COMMODITY_232,SUB_232_4,
6030,237,DEPT_14,National,COMMODITY_140,SUB_140_5,
6031,133,DEPT_09,National,COMMODITY_056,SUB_056_6,
6032,89,DEPT_07,Private,COMMODITY_066,SUB_066_7,
6033,64,DEPT_08,Private,COMMODITY_103,SUB_103_0,
6034,304,DEPT_19,National,COMMODITY_160,SUB_160_1,
6035,224,DEPT_00,National,COMMODITY_022,SUB_022_2,
6036,78,DEPT_17,National,COMMODITY_178,SUB_178_3,
6037,341,DEPT_23,National,COMMODITY_135,SUB_135_4,
6038,331,DEPT_00,National,COMMODITY_062,SUB_062_5,
6039,277,DEPT_13,Private,COMMODITY_298,SUB_298_6,
6040,115,DEPT_06,National,COMMODITY_219,SUB_219_7,
6041,493,DEPT_05,National,COMMODITY_177,SUB_177_0,
6042,39,DEPT_23,Private,COMMODITY_162,SUB_162_1,
6043,406,DEPT_24,National,COMMODITY_236,SUB_236_2,
6044,231,DEPT_06,National,COMMODITY_197,SUB_197_3,
6045,5,DEPT_13,National,COMMODITY_011,SUB_011_4,
6046,407,DEPT_23,National,COMMODITY_135,SUB_135_5,
6047,72,DEPT_14,National,COMMODITY_194,SUB_194_6,
6048,360,DEPT_24,Private,COMMODITY_131,SUB_131_7,
6049,24,DEPT_13,National,COMMODITY_225,SUB_225_0,
6050,334,DEPT_01,National,COMMODITY_063,SUB_063_1,
6051,412,DEPT_03,National,COMMODITY_090,SUB_090_2,
6052,108,DEPT_00,Private,COMMODITY_267,SUB_267_3,
6053,159,DEPT_13,National,COMMODITY_097,SUB_097_4,
6054,334,DEPT_04,National,COMMODITY_059,SUB_059_5,
6055,94,DEPT_20,National,COMMODITY_088,SUB_088_6,
6056,10,DEPT_05,National,COMMODITY_074,SUB_074_7,
6057,164,DEPT_11,Private,COMMODITY_183,SUB_183_0,
6058,470,DEPT_09,National,COMMODITY_109,SUB_109_1,
6059,196,DEPT_09,National,COMMODITY_084,SUB_084_2,
6060,445,DEPT_08,National,COMMODITY_291,SUB_291_3,
6061,251,DEPT_13,National,COMMODITY_039,SUB_039_4,
6062,65,DEPT_02,National,COMMODITY_165,SUB_165_5,
6063,478,DEPT_06,Private,COMMODITY_293,SUB_293_6,
6064,456,DEPT_19,National,COMMODITY_043,SUB_043_7,
6065,235,DEPT_14,National,COMMODITY_206,SUB_206_0,
6066,102,DEPT_01,National,COMMODITY_251,SUB_251_1,
6067,255,DEPT_20,Private,COMMODITY_195,SUB_195_2,
6068,258,DEPT_24,National,COMMODITY_087,SUB_087_3,
6069,416,DEPT_09,National,COMMODITY_232,SUB_232_4,
6070,69,DEPT_22,Private,COMMODITY_006,SUB_006_5,
6071,346,DEPT_04,Private,COMMODITY_166,SUB_166_6,
6072,356,DEPT_06,National,COMMODITY_219,SUB_219_7,
6073,372,DEPT_15,National,COMMODITY_139,SUB_139_0,
6074,385,DEPT_21,Private,COMMODITY_288,SUB_288_1,
6075,245,DEPT_20,National,COMMODITY_115,SUB_115_2,
6076,350,DEPT_01,Private,COMMODITY_268,SUB_268_3,
6077,163,DEPT_04,National,COMMODITY_059,SUB_059_4,
6078,78,DEPT_13,National,COMMODITY_011,SUB_011_5,
6079,485,DEPT_19,National,COMMODITY_089,SUB_089_6,
6080,197,DEPT_21,Private,COMMODITY_138,SUB_138_7,
6081,80,DEPT_02,National,COMMODITY_171,SUB_171_0,
6082,382,DEPT_00,Private,COMMODITY_057,SUB_057_1,
6083,440,DEPT_02,Private,COMMODITY_042,SUB_042_2,
6084,186,DEPT_03,Private,COMMODITY_090,SUB_090_3,
6085,488,DEPT_00,National,COMMODITY_167,SUB_167_4,
6086,58,DEPT_09,Private,COMMODITY_056,SUB_056_5,
6087,231,DEPT_21,Private,COMMODITY_200,SUB_200_6,
6088,270,DEPT_05,Private,COMMODITY_235,SUB_235_7,
6089,152,DEPT_21,National,COMMODITY_104,SUB_104_0,
6090,309,DEPT_09,Private,COMMODITY_084,SUB_084_1,
6091,102,DEPT_24,Private,COMMODITY_131,SUB_131_2,
6092,460,DEPT_19,National,COMMODITY_289,SUB_289_3,
6093,478,DEPT_01,Private,COMMODITY_128,SUB_128_4,
6094,84,DEPT_18,Private,COMMODITY_157,SUB_157_5,
6095,26,DEPT_13,National,COMMODITY_035,SUB_035_6,
6096,490,DEPT_02,National,COMMODITY_171,SUB_171_7,
6097,376,DEPT_09,Private,COMMODITY_056,SUB_056_0,
6098,36,DEPT_24,National,COMMODITY_236,SUB_236_1,
6099,30,DEPT_23,National,COMMODITY_094,SUB_094_2,
6100,282,DEPT_21,National,COMMODITY_204,SUB_204_3,
6101,329,DEPT_07,National,COMMODITY_136,SUB_136_4,
6102,304,DEPT_12,National,COMMODITY_258,SUB_258_5,
6103,1,DEPT_04,Private,COMMODITY_229,SUB_229_6,
6104,177,DEPT_15,National,COMMODITY_038,SUB_038_7,
6105,137,DEPT_00,Private,COMMODITY_076,SUB_076_0,
6106,359,DEPT_10,National,COMMODITY_148,SUB_148_1,
6107,303,DEPT_24,National,COMMODITY_214,SUB_214_2,
6108,126,DEPT_13,National,COMMODITY_164,SUB_164_3,
6109,282,DEPT_06,National,COMMODITY_197,SUB_197_4,
6110,486,DEPT_11,National,COMMODITY_032,SUB_032_5,
6111,192,DEPT_14,Private,COMMODITY_194,SUB_194_6,
6112,47,DEPT_06,National,COMMODITY_219,SUB_219_7,
6113,447,DEPT_06,National,COMMODITY_143,SUB_143_0,
6114,177,DEPT_07,National,COMMODITY_136,SUB_136_1,
6115,300,DEPT_02,National,COMMODITY_151,SUB_151_2,
6116,63,DEPT_15,National,COMMODITY_186,SUB_186_3,
6117,178,DEPT_08,National,COMMODITY_237,SUB_237_4,
6118,220,DEPT_17,National,COMMODITY_259,SUB_259_5,
6119,405,DEPT_00,Private,COMMODITY_047,SUB_047_6,
6120,472,DEPT_21,Private,COMMODITY_212,SUB_212_7,
6121,359,DEPT_04,National,COMMODITY_229,SUB_229_0,
6122,479,DEPT_11,National,COMMODITY_231,SUB_231_1,
6123,83,DEPT_15,National,COMMODITY_110,SUB_110_2,
6124,123,DEPT_24,National,COMMODITY_087,SUB_087_3,
6125,399,DEPT_18,National,COMMODITY_029,SUB_029_4,
6126,67,DEPT_01,Private,COMMODITY_134,SUB_134_5,
6127,87,DEPT_13,Private,COMMODITY_060,SUB_060_6,
6128,164,DEPT_11,National,COMMODITY_276,SUB_276_7,
6129,344,DEPT_06,National,COMMODITY_217,SUB_217_0,
6130,113,DEPT_09,National,COMMODITY_116,SUB_116_1,
6131,51,DEPT_19,National,COMMODITY_095,SUB_095_2,
6132,3,DEPT_14,Private,COMMODITY_141,SUB_141_3,
6133,486,DEPT_24,National,COMMODITY_129,SUB_129_4,
6134,109,DEPT_13,National,COMMODITY_039,SUB_039_5,
6135,488,DEPT_05,National,COMMODITY_137,SUB_137_6,
6136,150,DEPT_21,National,COMMODITY_200,SUB_200_7,
6137,305,DEPT_24,National,COMMODITY_107,SUB_107_0,
6138,475,DEPT_23,Private,COMMODITY_067,SUB_067_1,
6139,105,DEPT_14,Private,COMMODITY_141,SUB_141_2,
6140,263,DEPT_11,National,COMMODITY_049,SUB_049_3,
6141,498,DEPT_23,Private,COMMODITY_067,SUB_067_4,
6142,385,DEPT_06,National,COMMODITY_260,SUB_260_5,
6143,117,DEPT_01,National,COMMODITY_241,SUB_241_6,
6144,58,DEPT_08,National,COMMODITY_053,SUB_053_7,
6145,67,DEPT_05,National,COMMODITY_064,SUB_064_0,
6146,352,DEPT_02,National,COMMODITY_176,SUB_176_1,
6147,98,DEPT_11,Private,COMMODITY_231,SUB_231_2,
6148,14,DEPT_00,National,COMMODITY_079,SUB_079_3,
6149,366,DEPT_14,Private,COMMODITY_270,SUB_270_4,
6150,220,DEPT_20,Private,COMMODITY_145,SUB_145_5,
6151,448,DEPT_17,National,COMMODITY_019,SUB_019_6,
6152,209,DEPT_17,Private,COMMODITY_275,SUB_275_7,
6153,350,DEPT_05,Private,COMMODITY_297,SUB_297_0,
6154,467,DEPT_09,National,COMMODITY_232,SUB_232_1,
6155,342,DEPT_09,National,COMMODITY_246,SUB_246_2,
6156,435,DEPT_16,National,COMMODITY_230,SUB_230_3,
6157,340,DEPT_08,National,COMMODITY_093,SUB_093_4,
6158,236,DEPT_20,National,COMMODITY_027,SUB_027_5,
6159,465,DEPT_10,National,COMMODITY_208,SUB_208_6,
6160,281,DEPT_11,Private,COMMODITY_032,SUB_032_7,
6161,278,DEPT_02,National,COMMODITY_176,SUB_176_0,
6162,72,DEPT_11,National,COMMODITY_231,SUB_231_1,
6163,487,DEPT_23,National,COMMODITY_096,SUB_096_2,
6164,491,DEPT_06,National,COMMODITY_143,SUB_143_3,
6165,159,DEPT_15,Private,COMMODITY_139,SUB_139_4,
6166,135,DEPT_20,National,COMMODITY_253,SUB_253_5,
6167,237,DEPT_08,National,COMMODITY_101,SUB_101_6,
6168,230,DEPT_17,National,COMMODITY_112,SUB_112_7,
6169,1,DEPT_02,National,COMMODITY_176,SUB_176_0,
6170,340,DEPT_07,Private,COMMODITY_188,SUB_188_1,
6171,486,DEPT_21,National,COMMODITY_104,SUB_104_2,
6172,100,DEPT_04,National,COMMODITY_080,SUB_080_3,
6173,491,DEPT_07,National,COMMODITY_136,SUB_136_4,
6174,90,DEPT_19,National,COMMODITY_120,SUB_120_5,
6175,414,DEPT_08,National,COMMODITY_034,SUB_034_6,
6176,176,DEPT_23,National,COMMODITY_149,SUB_149_7,
6177,418,DEPT_18,National,COMMODITY_150,SUB_150_0,
6178,273,DEPT_00,National,COMMODITY_052,SUB_052_1,
6179,307,DEPT_23,National,COMMODITY_125,SUB_125_2,
6180,423,DEPT_20,National,COMMODITY_115,SUB_115_3,
6181,26,DEPT_22,National,COMMODITY_006,SUB_006_4,
6182,351,DEPT_06,National,COMMODITY_106,SUB_106_5,
6183,89,DEPT_18,National,COMMODITY_004,SUB_004_6,
6184,203,DEPT_21,National,COMMODITY_072,SUB_072_7,
6185,102,DEPT_00,Private,COMMODITY_076,SUB_076_0,
6186,134,DEPT_12,National,COMMODITY_227,SUB_227_1,
6187,224,DEPT_16,National,COMMODITY_092,SUB_092_2,
6188,297,DEPT_01,National,COMMODITY_181,SUB_181_3,
6189,368,DEPT_05,Private,COMMODITY_199,SUB_199_4,
6190,12,DEPT_24,Private,COMMODITY_129,SUB_129_5,
6191,488,DEPT_04,National,COMMODITY_244,SUB_244_6,
6192,224,DEPT_12,National,COMMODITY_172,SUB_172_7,
6193,42,DEPT_22,Private,COMMODITY_121,SUB_121_0,
6194,297,DEPT_01,Private,COMMODITY_134,SUB_134_1,
6195,174,DEPT_20,National,COMMODITY_027,SUB_027_2,
6196,124,DEPT_06,National,COMMODITY_099,SUB_099_3,
6197,2,DEPT_20,National,COMMODITY_088,SUB_088_4,
6198,9,DEPT_07,National,COMMODITY_066,SUB_066_5,
6199,456,DEPT_19,Private,COMMODITY_043,SUB_043_6,
6200,150,DEPT_14,Private,COMMODITY_209,SUB_209_7,
6201,320,DEPT_05,National,COMMODITY_297,SUB_297_0,
6202,12,DEPT_22,National,COMMODITY_003,SUB_003_1,
6203,31,DEPT_21,National,COMMODITY_007,SUB_007_2,
6204,365,DEPT_14,National,COMMODITY_030,SUB_030_3,
6205,424,DEPT_09,National,COMMODITY_246,SUB_246_4,
6206,435,DEPT_24,National,COMMODITY_170,SUB_170_5,
6207,293,DEPT_17,National,COMMODITY_019,SUB_019_6,
6208,296,DEPT_15,National,COMMODITY_086,SUB_086_7,
6209,284,DEPT_03,National,COMMODITY_001,SUB_001_0,
6210,67,DEPT_15,National,COMMODITY_086,SUB_086_1,
6211,154,DEPT_19,National,COMMODITY_187,SUB_187_2,
6212,340,DEPT_16,National,COMMODITY_230,SUB_230_3,
6213,52,DEPT_03,National,COMMODITY_296,SUB_296_4,
6214,177,DEPT_05,Private,COMMODITY_297,SUB_297_5,
6215,455,DEPT_09,National,COMMODITY_246,SUB_246_6,
6216,307,DEPT_03,National,COMMODITY_159,SUB_159_7,
6217,85,DEPT_15,National,COMMODITY_036,SUB_036_0,
6218,256,DEPT_00,Private,COMMODITY_000,SUB_000_1,
6219,196,DEPT_24,National,COMMODITY_168,SUB_168_2,
6220,142,DEPT_05,Private,COMMODITY_180,SUB_180_3,
6221,233,DEPT_07,National,COMMODITY_136,SUB_136_4,
6222,220,DEPT_19,Private,COMMODITY_226,SUB_226_5,
6223,442,DEPT_11,National,COMMODITY_276,SUB_276_6,
6224,224,DEPT_15,Private,COMMODITY_054,SUB_054_7,
6225,457,DEPT_22,National,COMMODITY_073,SUB_073_0,
6226,312,DEPT_21,Private,COMMODITY_072,SUB_072_1,
6227,485,DEPT_24,Private,COMMODITY_249,SUB_249_2,
6228,243,DEPT_00,Private,COMMODITY_062,SUB_062_3,
6229,478,DEPT_19,National,COMMODITY_160,SUB_160_4,
6230,343,DEPT_05,National,COMMODITY_235,SUB_235_5,
6231,419,DEPT_02,Private,COMMODITY_171,SUB_171_6,
6232,422,DEPT_07,National,COMMODITY_279,SUB_279_7,
6233,442,DEPT_00,National,COMMODITY_252,SUB_252_0,
6234,394,DEPT_13,National,COMMODITY_240,SUB_240_1,
6235,268,DEPT_06,National,COMMODITY_260,SUB_260_2,
6236,37,DEPT_20,National,COMMODITY_115,SUB_115_3,
6237,237,DEPT_00,National,COMMODITY_167,SUB_167_4,
6238,413,DEPT_11,National,COMMODITY_234,SUB_234_5,
6239,236,DEPT_13,National,COMMODITY_193,SUB_193_6,
6240,139,DEPT_08,Private,COMMODITY_163,SUB_163_7,
6241,312,DEPT_11,Private,COMMODITY_050,SUB_050_0,
6242,125,DEPT_13,National,COMMODITY_122,SUB_122_1,
6243,205,DEPT_09,National,COMMODITY_118,SUB_118_2,
6244,486,DEPT_07,Private,COMMODITY_136,SUB_136_3,
6245,475,DEPT_17,National,COMMODITY_178,SUB_178_4,
6246,439,DEPT_04,National,COMMODITY_040,SUB_040_5,
6247,7,DEPT_06,National,COMMODITY_293,SUB_293_6,
6248,333,DEPT_08,National,COMMODITY_291,SUB_291_7,
6249,405,DEPT_18,National,COMMODITY_119,SUB_119_0,
6250,495,DEPT_22,Private,COMMODITY_247,SUB_247_1,
6251,229,DEPT_09,Private,COMMODITY_271,SUB_271_2,
6252,378,DEPT_00,Private,COMMODITY_062,SUB_062_3,
6253,103,DEPT_00,Private,COMMODITY_076,SUB_076_4,
6254,494,DEPT_13,National,COMMODITY_193,SUB_193_5,
6255,163,DEPT_13,National,COMMODITY_011,SUB_011_6,
6256,10,DEPT_14,National,COMMODITY_031,SUB_031_7,
6257,44,DEPT_22,Private,COMMODITY_142,SUB_142_0,
6258,199,DEPT_13,Private,COMMODITY_028,SUB_028_1,
6259,131,DEPT_24,Private,COMMODITY_214,SUB_214_2,
6260,146,DEPT_19,National,COMMODITY_043,SUB_043_3,
6261,131,DEPT_16,National,COMMODITY_179,SUB_179_4,
6262,429,DEPT_02,National,COMMODITY_171,SUB_171_5,
6263,235,DEPT_13,Private,COMMODITY_285,SUB_285_6,
6264,478,DEPT_19,National,COMMODITY_095,SUB_095_7,
6265,401,DEPT_12,National,COMMODITY_295,SUB_295_0,
6266,168,DEPT_23,National,COMMODITY_250,SUB_250_1,
6267,495,DEPT_11,Private,COMMODITY_276,SUB_276_2,
6268,337,DEPT_20,National,COMMODITY_182,SUB_182_3,
6269,42,DEPT_19,National,COMMODITY_085,SUB_085_4,
6270,412,DEPT_21,Private,COMMODITY_256,SUB_256_5,
6271,485,DEPT_13,National,COMMODITY_028,SUB_028_6,
6272,156,DEPT_21,National,COMMODITY_288,SUB_288_7,
6273,49,DEPT_07,National,COMMODITY_066,SUB_066_0,
6274,130,DEPT_02,National,COMMODITY_033,SUB_033_1,
6275,353,DEPT_09,Private,COMMODITY_056,SUB_056_2,
6276,437,DEPT_13,National,COMMODITY_097,SUB_097_3,
6277,33,DEPT_09,National,COMMODITY_084,SUB_084_4,
6278,336,DEPT_19,Private,COMMODITY_120,SUB_120_5,
6279,204,DEPT_20,National,COMMODITY_253,SUB_253_6,
6280,28,DEPT_09,Private,COMMODITY_109,SUB_109_7,
6281,211,DEPT_17,Private,COMMODITY_216,SUB_216_0,
6282,24,DEPT_17,National,COMMODITY_071,SUB_071_1,
6283,205,DEPT_14,National,COMMODITY_141,SUB_141_2,
6284,82,DEPT_21,National,COMMODITY_212,SUB_212_3,
6285,107,DEPT_00,National,COMMODITY_052,SUB_052_4,
6286,418,DEPT_08,Private,COMMODITY_053,SUB_053_5,
6287,247,DEPT_21,National,COMMODITY_104,SUB_104_6,
6288,169,DEPT_19,Private,COMMODITY_211,SUB_211_7,
6289,56,DEPT_01,Private,COMMODITY_241,SUB_241_0,
6290,274,DEPT_09,National,COMMODITY_116,SUB_116_1,
6291,128,DEPT_08,Private,COMMODITY_291,SUB_291_2,
6292,366,DEPT_06,National,COMMODITY_158,SUB_158_3,
6293,249,DEPT_02,National,COMMODITY_176,SUB_176_4,
6294,234,DEPT_13,Private,COMMODITY_196,SUB_196_5,
6295,257,DEPT_04,National,COMMODITY_229,SUB_229_6,
6296,401,DEPT_14,National,COMMODITY_194,SUB_194_7,
6297,481,DEPT_23,National,COMMODITY_096,SUB_096_0,
6298,335,DEPT_21,Private,COMMODITY_072,SUB_072_1,
6299,77,DEPT_07,Private,COMMODITY_255,SUB_255_2,
6300,213,DEPT_15,National,COMMODITY_139,SUB_139_3,
6301,320,DEPT_08,Private,COMMODITY_100,SUB_100_4,
6302,116,DEPT_08,Private,COMMODITY_101,SUB_101_5,
6303,115,DEPT_07,National,COMMODITY_188,SUB_188_6,
6304,158,DEPT_06,National,COMMODITY_293,SUB_293_7,
6305,380,DEPT_19,National,COMMODITY_211,SUB_211_0,
6306,176,DEPT_07,National,COMMODITY_188,SUB_188_1,
6307,296,DEPT_22,Private,COMMODITY_247,SUB_247_2,
6308,238,DEPT_06,National,COMMODITY_099,SUB_099_3,
6309,263,DEPT_09,National,COMMODITY_232,SUB_232_4,
6310,125,DEPT_05,National,COMMODITY_074,SUB_074_5,
6311,305,DEPT_21,National,COMMODITY_138,SUB_138_6,
6312,51,DEPT_22,Private,COMMODITY_003,SUB_003_7,
6313,266,DEPT_13,Private,COMMODITY_225,SUB_225_0,
6314,387,DEPT_05,National,COMMODITY_023,SUB_023_1,
6315,172,DEPT_05,National,COMMODITY_058,SUB_058_2,
6316,115,DEPT_16,National,COMMODITY_243,SUB_243_3,
6317,52,DEPT_00,National,COMMODITY_076,SUB_076_4,
6318,425,DEPT_17,National,COMMODITY_071,SUB_071_5,
6319,83,DEPT_08,Private,COMMODITY_037,SUB_037_6,
6320,129,DEPT_21,Private,COMMODITY_192,SUB_192_7,
6321,180,DEPT_15,National,COMMODITY_186,SUB_186_0,
6322,209,DEPT_13,National,COMMODITY_285,SUB_285_1,
6323,21,DEPT_01,National,COMMODITY_128,SUB_128_2,
6324,152,DEPT_15,National,COMMODITY_036,SUB_036_3,
6325,438,DEPT_15,National,COMMODITY_139,SUB_139_4,
6326,346,DEPT_16,National,COMMODITY_280,SUB_280_5,
6327,220,DEPT_06,National,COMMODITY_099,SUB_099_6,
6328,394,DEPT_09,National,COMMODITY_056,SUB_056_7,
6329,167,DEPT_16,National,COMMODITY_230,SUB_230_0,
6330,86,DEPT_06,National,COMMODITY_265,SUB_265_1,
6331,330,DEPT_08,National,COMMODITY_034,SUB_034_2,
6332,288,DEPT_02,National,COMMODITY_218,SUB_218_3,
6333,78,DEPT_21,Private,COMMODITY_273,SUB_273_4,
6334,347,DEPT_09,Private,COMMODITY_246,SUB_246_5,
6335,316,DEPT_16,National,COMMODITY_230,SUB_230_6,
6336,109,DEPT_06,Private,COMMODITY_106,SUB_106_7,
6337,376,DEPT_23,National,COMMODITY_152,SUB_152_0,
6338,289,DEPT_15,National,COMMODITY_086,SUB_086_1,
6339,91,DEPT_03,National,COMMODITY_296,SUB_296_2,
6340,347,DEPT_05,National,COMMODITY_177,SUB_177_3,
6341,306,DEPT_23,Private,COMMODITY_149,SUB_149_4,
6342,489,DEPT_15,Private,COMMODITY_185,SUB_185_5,
6343,1,DEPT_21,National,COMMODITY_273,SUB_273_6,
6344,456,DEPT_12,Private,COMMODITY_257,SUB_257_7,
6345,226,DEPT_11,National,COMMODITY_049,SUB_049_0,
6346,336,DEPT_15,Private,COMMODITY_036,SUB_036_1,
6347,130,DEPT_14,National,COMMODITY_206,SUB_206_2,
6348,328,DEPT_22,National,COMMODITY_121,SUB_121_3,
6349,15,DEPT_11,National,COMMODITY_105,SUB_105_4,
6350,58,DEPT_23,National,COMMODITY_067,SUB_067_5,
6351,74,DEPT_04,Private,COMMODITY_244,SUB_244_6,
6352,127,DEPT_24,National,COMMODITY_107,SUB_107_7,
6353,277,DEPT_16,Private,COMMODITY_179,SUB_179_0,
6354,487,DEPT_00,National,COMMODITY_079,SUB_079_1,
6355,263,DEPT_15,Private,COMMODITY_186,SUB_186_2,
6356,345,DEPT_13,National,COMMODITY_035,SUB_035_3,
6357,203,DEPT_00,National,COMMODITY_167,SUB_167_4,
6358,470,DEPT_06,Private,COMMODITY_091,SUB_091_5,
6359,322,DEPT_22,Private,COMMODITY_127,SUB_127_6,
6360,309,DEPT_13,Private,COMMODITY_298,SUB_298_7,
6361,114,DEPT_20,Private,COMMODITY_242,SUB_242_0,
6362,462,DEPT_05,Private,COMMODITY_207,SUB_207_1,
6363,484,DEPT_20,National,COMMODITY_182,SUB_182_2,
6364,102,DEPT_05,Private,COMMODITY_177,SUB_177_3,
6365,113,DEPT_06,Private,COMMODITY_091,SUB_091_4,
6366,493,DEPT_13,Private,COMMODITY_240,SUB_240_5,
6367,326,DEPT_22,Private,COMMODITY_102,SUB_102_6,
6368,418,DEPT_13,Private,COMMODITY_193,SUB_193_7,
6369,149,DEPT_24,National,COMMODITY_201,SUB_201_0,
6370,321,DEPT_15,Private,COMMODITY_139,SUB_139_1,
6371,445,DEPT_23,National,COMMODITY_125,SUB_125_2,
6372,234,DEPT_14,National,COMMODITY_154,SUB_154_3,
6373,28,DEPT_24,National,COMMODITY_005,SUB_005_4,
6374,375,DEPT_23,Private,COMMODITY_014,SUB_014_5,
6375,191,DEPT_08,National,COMMODITY_046,SUB_046_6,
6376,162,DEPT_22,National,COMMODITY_223,SUB_223_7,
6377,176,DEPT_02,National,COMMODITY_171,SUB_171_0,
6378,31,DEPT_24,Private,COMMODITY_107,SUB_107_1,
6379,172,DEPT_00,National,COMMODITY_022,SUB_022_2,
6380,294,DEPT_24,National,COMMODITY_249,SUB_249_3,
6381,6,DEPT_15,National,COMMODITY_036,SUB_036_4,
6382,370,DEPT_08,Private,COMMODITY_123,SUB_123_5,
6383,285,DEPT_21,National,COMMODITY_238,SUB_238_6,
6384,237,DEPT_21,National,COMMODITY_204,SUB_204_7,
6385,425,DEPT_24,National,COMMODITY_168,SUB_168_0,
6386,498,DEPT_19,Private,COMMODITY_130,SUB_130_1,
6387,323,DEPT_00,National,COMMODITY_098,SUB_098_2,
6388,199,DEPT_08,National,COMMODITY_046,SUB_046_3,
6389,253,DEPT_13,Private,COMMODITY_011,SUB_011_4,
6390,382,DEPT_01,National,COMMODITY_155,SUB_155_5,
6391,184,DEPT_10,National,COMMODITY_148,SUB_148_6,
6392,3,DEPT_19,National,COMMODITY_289,SUB_289_7,
6393,394,DEPT_01,Private,COMMODITY_128,SUB_128_0,
6394,343,DEPT_22,National,COMMODITY_073,SUB_073_1,
6395,127,DEPT_01,National,COMMODITY_134,SUB_134_2,
6396,206,DEPT_00,National,COMMODITY_057,SUB_057_3,
6397,145,DEPT_17,National,COMMODITY_051,SUB_051_4,
6398,261,DEPT_00,Private,COMMODITY_252,SUB_252_5,
6399,321,DEPT_15,National,COMMODITY_185,SUB_185_6,
6400,333,DEPT_00,National,COMMODITY_114,SUB_114_7,
6401,69,DEPT_17,National,COMMODITY_019,SUB_019_0,
6402,292,DEPT_23,National,COMMODITY_153,SUB_153_1,
6403,290,DEPT_11,National,COMMODITY_105,SUB_105_2,
6404,110,DEPT_24,National,COMMODITY_168,SUB_168_3,
6405,461,DEPT_20,National,COMMODITY_182,SUB_182_4,
6406,156,DEPT_18,National,COMMODITY_174,SUB_174_5,
6407,259,DEPT_13,National,COMMODITY_028,SUB_028_6,
6408,445,DEPT_20,National,COMMODITY_242,SUB_242_7,
6409,284,DEPT_23,National,COMMODITY_013,SUB_013_0,
6410,132,DEPT_13,National,COMMODITY_122,SUB_122_1,
6411,405,DEPT_21,National,COMMODITY_045,SUB_045_2,
6412,497,DEPT_02,National,COMMODITY_151,SUB_151_3,
6413,244,DEPT_23,National,COMMODITY_173,SUB_173_4,
6414,466,DEPT_16,National,COMMODITY_024,SUB_024_5,
6415,72,DEPT_13,National,COMMODITY_298,SUB_298_6,
6416,156,DEPT_05,National,COMMODITY_262,SUB_262_7,
6417,45,DEPT_20,Private,COMMODITY_069,SUB_069_0,
6418,182,DEPT_24,Private,COMMODITY_201,SUB_201_1,
6419,442,DEPT_17,National,COMMODITY_020,SUB_020_2,
6420,398,DEPT_08,National,COMMODITY_100,SUB_100_3,
6421,230,DEPT_00,National,COMMODITY_068,SUB_068_4,
6422,44,DEPT_08,Private,COMMODITY_053,SUB_053_5,
6423,493,DEPT_03,Private,COMMODITY_296,SUB_296_6,
6424,287,DEPT_06,National,COMMODITY_158,SUB_158_7,
6425,373,DEPT_22,National,COMMODITY_142,SUB_142_0,
6426,114,DEPT_00,National,COMMODITY_052,SUB_052_1,
6427,334,DEPT_18,National,COMMODITY_174,SUB_174_2,
6428,227,DEPT_09,Private,COMMODITY_109,SUB_109_3,
6429,152,DEPT_00,Private,COMMODITY_076,SUB_076_4,
6430,266,DEPT_13,National,COMMODITY_164,SUB_164_5,
6431,104,DEPT_13,National,COMMODITY_011,SUB_011_6,
6432,370,DEPT_04,National,COMMODITY_146,SUB_146_7,
6433,374,DEPT_09,National,COMMODITY_084,SUB_084_0,
6434,392,DEPT_04,National,COMMODITY_166,SUB_166_1,
6435,241,DEPT_11,National,COMMODITY_050,SUB_050_2,
6436,438,DEPT_12,National,COMMODITY_299,SUB_299_3,
6437,158,DEPT_22,National,COMMODITY_044,SUB_044_4,
6438,123,DEPT_05,National,COMMODITY_064,SUB_064_5,
6439,91,DEPT_09,National,COMMODITY_232,SUB_232_6,
6440,268,DEPT_07,National,COMMODITY_133,SUB_133_7,
6441,127,DEPT_24,National,COMMODITY_214,SUB_214_0,
6442,374,DEPT_24,National,COMMODITY_016,SUB_016_1,
6443,271,DEPT_13,Private,COMMODITY_028,SUB_028_2,
6444,107,DEPT_20,National,COMMODITY_242,SUB_242_3,
6445,357,DEPT_17,National,COMMODITY_178,SUB_178_4,
6446,457,DEPT_23,National,COMMODITY_175,SUB_175_5,
6447,125,DEPT_13,Private,COMMODITY_266,SUB_266_6,
6448,148,DEPT_08,National,COMMODITY_277,SUB_277_7,
6449,213,DEPT_17,National,COMMODITY_275,SUB_275_0,
6450,57,DEPT_06,Private,COMMODITY_197,SUB_197_1,
6451,199,DEPT_05,National,COMMODITY_207,SUB_207_2,
6452,399,DEPT_22,National,COMMODITY_142,SUB_142_3,
6453,313,DEPT_08,National,COMMODITY_093,SUB_093_4,
6454,126,DEPT_06,Private,COMMODITY_158,SUB_158_5,
6455,298,DEPT_03,National,COMMODITY_159,SUB_159_6,
6456,126,DEPT_23,National,COMMODITY_135,SUB_135_7,
6457,282,DEPT_24,National,COMMODITY_168,SUB_168_0,
6458,430,DEPT_08,Private,COMMODITY_100,SUB_100_1,
6459,174,DEPT_10,National,COMMODITY_126,SUB_126_2,
6460,393,DEPT_01,National,COMMODITY_181,SUB_181_3,
6461,327,DEPT_12,National,COMMODITY_257,SUB_257_4,
6462,41,DEPT_23,Private,COMMODITY_125,SUB_125_5,
6463,142,DEPT_17,National,COMMODITY_077,SUB_077_6,
6464,102,DEPT_09,National,COMMODITY_246,SUB_246_7,
6465,126,DEPT_17,National,COMMODITY_015,SUB_015_0,
6466,199,DEPT_06,Private,COMMODITY_260,SUB_260_1,
6467,219,DEPT_14,National,COMMODITY_141,SUB_141_2,
6468,212,DEPT_08,National,COMMODITY_101,SUB_101_3,
6469,486,DEPT_18,National,COMMODITY_004,SUB_004_4,
6470,417,DEPT_05,National,COMMODITY_207,SUB_207_5,
6471,227,DEPT_17,National,COMMODITY_259,SUB_259_6,
6472,436,DEPT_24,National,COMMODITY_129,SUB_129_7,
6473,295,DEPT_10,National,COMMODITY_148,SUB_148_0,
6474,498,DEPT_22,Private,COMMODITY_073,SUB_073_1,
6475,8,DEPT_05,National,COMMODITY_064,SUB_064_2,
6476,88,DEPT_03,National,COMMODITY_296,SUB_296_3,
6477,483,DEPT_06,Private,COMMODITY_293,SUB_293_4,
6478,21,DEPT_17,National,COMMODITY_071,SUB_071_5,
6479,280,DEPT_24,National,COMMODITY_249,SUB_249_6,
6480,274,DEPT_14,Private,COMMODITY_198,SUB_198_7,
6481,187,DEPT_12,National,COMMODITY_257,SUB_257_0,
6482,89,DEPT_21,National,COMMODITY_228,SUB_228_1,
6483,206,DEPT_22,National,COMMODITY_017,SUB_017_2,
6484,254,DEPT_10,Private,COMMODITY_208,SUB_208_3,
6485,13,DEPT_17,National,COMMODITY_282,SUB_282_4,
6486,165,DEPT_11,National,COMMODITY_026,SUB_026_5,
6487,179,DEPT_08,National,COMMODITY_101,SUB_101_6,
6488,390,DEPT_19,National,COMMODITY_085,SUB_085_7,
6489,334,DEPT_06,National,COMMODITY_217,SUB_217_0,
6490,36,DEPT_04,National,COMMODITY_205,SUB_205_1,
6491,395,DEPT_22,National,COMMODITY_073,SUB_073_2,
6492,192,DEPT_00,National,COMMODITY_076,SUB_076_3,
6493,258,DEPT_07,National,COMMODITY_136,SUB_136_4,
6494,300,DEPT_14,Private,COMMODITY_290,SUB_290_5,
6495,499,DEPT_01,National,COMMODITY_241,SUB_241_6,
6496,344,DEPT_21,National,COMMODITY_132,SUB_132_7,
6497,62,DEPT_01,National,COMMODITY_134,SUB_134_0,
6498,203,DEPT_02,Private,COMMODITY_165,SUB_165_1,
6499,187,DEPT_16,National,COMMODITY_083,SUB_083_2,
6500,461,DEPT_02,National,COMMODITY_151,SUB_151_3,
6501,10,DEPT_00,Private,COMMODITY_098,SUB_098_4,
6502,429,DEPT_24,National,COMMODITY_129,SUB_129_5,
6503,36,DEPT_08,National,COMMODITY_291,SUB_291_6,
6504,483,DEPT_15,National,COMMODITY_139,SUB_139_7,
6505,311,DEPT_00,Private,COMMODITY_068,SUB_068_0,
6506,100,DEPT_17,National,COMMODITY_275,SUB_275_1,
6507,340,DEPT_23,Private,COMMODITY_213,SUB_213_2,
6508,18,DEPT_21,National,COMMODITY_007,SUB_007_3,
6509,69,DEPT_04,National,COMMODITY_040,SUB_040_4,
6510,245,DEPT_14,Private,COMMODITY_290,SUB_290_5,
6511,360,DEPT_00,National,COMMODITY_079,SUB_079_6,
6512,171,DEPT_08,National,COMMODITY_034,SUB_034_7,
6513,74,DEPT_12,Private,COMMODITY_286,SUB_286_0,
6514,353,DEPT_24,National,COMMODITY_129,SUB_129_1,
6515,28,DEPT_05,National,COMMODITY_180,SUB_180_2,
6516,168,DEPT_05,National,COMMODITY_207,SUB_207_3,
6517,215,DEPT_05,Private,COMMODITY_177,SUB_177_4,
6518,78,DEPT_13,National,COMMODITY_240,SUB_240_5,
6519,282,DEPT_15,National,COMMODITY_086,SUB_086_6,
6520,373,DEPT_06,National,COMMODITY_197,SUB_197_7,
6521,444,DEPT_15,Private,COMMODITY_086,SUB_086_0,
6522,300,DEPT_01,Private,COMMODITY_147,SUB_147_1,
6523,385,DEPT_00,Private,COMMODITY_052,SUB_052_2,
6524,270,DEPT_00,Private,COMMODITY_267,SUB_267_3,
6525,499,DEPT_21,National,COMMODITY_192,SUB_192_4,
6526,297,DEPT_19,National,COMMODITY_130,SUB_130_5,
6527,469,DEPT_04,National,COMMODITY_040,SUB_040_6,
6528,67,DEPT_05,National,COMMODITY_074,SUB_074_7,
6529,367,DEPT_07,National,COMMODITY_133,SUB_133_0,
6530,490,DEPT_11,National,COMMODITY_234,SUB_234_1,
6531,92,DEPT_01,National,COMMODITY_147,SUB_147_2,
6532,266,DEPT_02,National,COMMODITY_169,SUB_169_3,
6533,367,DEPT_24,Private,COMMODITY_087,SUB_087_4,
6534,326,DEPT_04,National,COMMODITY_040,SUB_040_5,
6535,17,DEPT_20,Private,COMMODITY_088,SUB_088_6,
6536,125,DEPT_00,National,COMMODITY_098,SUB_098_7,
6537,440,DEPT_11,National,COMMODITY_032,SUB_032_0,
6538,244,DEPT_11,National,COMMODITY_026,SUB_026_1,
6539,464,DEPT_22,Private,COMMODITY_006,SUB_006_2,
6540,359,DEPT_23,National,COMMODITY_162,SUB_162_3,
6541,352,DEPT_23,National,COMMODITY_125,SUB_125_4,
6542,389,DEPT_22,National,COMMODITY_044,SUB_044_5,
6543,315,DEPT_19,Private,COMMODITY_226,SUB_226_6,
6544,225,DEPT_24,National,COMMODITY_214,SUB_214_7,
6545,147,DEPT_11,National,COMMODITY_272,SUB_272_0,
6546,270,DEPT_04,National,COMMODITY_166,SUB_166_1,
6547,37,DEPT_01,National,COMMODITY_268,SUB_268_2,
6548,358,DEPT_08,Private,COMMODITY_291,SUB_291_3,
6549,354,DEPT_01,National,COMMODITY_128,SUB_128_4,
6550,179,DEPT_22,National,COMMODITY_003,SUB_003_5,
6551,190,DEPT_08,Private,COMMODITY_123,SUB_123_6,
6552,289,DEPT_24,National,COMMODITY_214,SUB_214_7,
6553,343,DEPT_08,National,COMMODITY_100,SUB_100_0,
6554,498,DEPT_13,National,COMMODITY_061,SUB_061_1,
6555,101,DEPT_23,National,COMMODITY_067,SUB_067_2,
6556,212,DEPT_23,National,COMMODITY_010,SUB_010_3,
6557,387,DEPT_21,Private,COMMODITY_200,SUB_200_4,
6558,174,DEPT_07,Private,COMMODITY_188,SUB_188_5,
6559,360,DEPT_11,Private,COMMODITY_210,SUB_210_6,
6560,451,DEPT_08,National,COMMODITY_163,SUB_163_7,
6561,33,DEPT_16,National,COMMODITY_083,SUB_083_0,
6562,140,DEPT_03,Private,COMMODITY_090,SUB_090_1,
6563,249,DEPT_21,Private,COMMODITY_256,SUB_256_2,
6564,324,DEPT_23,National,COMMODITY_152,SUB_152_3,
6565,189,DEPT_11,National,COMMODITY_183,SUB_183_4,
6566,246,DEPT_24,National,COMMODITY_016,SUB_016_5,
6567,326,DEPT_00,National,COMMODITY_021,SUB_021_6,
6568,294,DEPT_01,National,COMMODITY_128,SUB_128_7,
6569,240,DEPT_14,National,COMMODITY_290,SUB_290_0,
6570,161,DEPT_23,Private,COMMODITY_173,SUB_173_1,
6571,268,DEPT_13,National,COMMODITY_294,SUB_294_2,
6572,324,DEPT_05,National,COMMODITY_262,SUB_262_3,
6573,16,DEPT_24,Private,COMMODITY_236,SUB_236_4,
6574,390,DEPT_04,National,COMMODITY_254,SUB_254_5,
6575,430,DEPT_13,Private,COMMODITY_298,SUB_298_6,
6576,39,DEPT_08,Private,COMMODITY_239,SUB_239_7,
6577,326,DEPT_24,Private,COMMODITY_107,SUB_107_0,
6578,483,DEPT_11,National,COMMODITY_276,SUB_276_1,
6579,474,DEPT_13,National,COMMODITY_039,SUB_039_2,
6580,182,DEPT_23,National,COMMODITY_125,SUB_125_3,
6581,85,DEPT_00,Private,COMMODITY_267,SUB_267_4,
6582,174,DEPT_01,National,COMMODITY_134,SUB_134_5,
6583,195,DEPT_11,Private,COMMODITY_032,SUB_032_6,
6584,129,DEPT_23,Private,COMMODITY_002,SUB_002_7,
6585,191,DEPT_22,National,COMMODITY_006,SUB_006_0,
6586,481,DEPT_05,National,COMMODITY_137,SUB_137_1,
6587,242,DEPT_08,Private,COMMODITY_046,SUB_046_2,
6588,31,DEPT_23,Private,COMMODITY_152,SUB_152_3,
6589,195,DEPT_00,National,COMMODITY_167,SUB_167_4,
6590,22,DEPT_04,National,COMMODITY_166,SUB_166_5,
6591,84,DEPT_12,National,COMMODITY_299,SUB_299_6,
6592,261,DEPT_12,National,COMMODITY_286,SUB_286_7,
6593,207,DEPT_15,Private,COMMODITY_009,SUB_009_0,
6594,67,DEPT_16,National,COMMODITY_024,SUB_024_1,
6595,458,DEPT_19,National,COMMODITY_160,SUB_160_2,
6596,467,DEPT_08,National,COMMODITY_093,SUB_093_3,
6597,153,DEPT_22,Private,COMMODITY_006,SUB_006_4,
6598,495,DEPT_22,Private,COMMODITY_127,SUB_127_5,
6599,101,DEPT_23,Private,COMMODITY_125,SUB_125_6,
6600,349,DEPT_05,National,COMMODITY_248,SUB_248_7,
6601,292,DEPT_15,National,COMMODITY_009,SUB_009_0,
6602,56,DEPT_20,Private,COMMODITY_195,SUB_195_1,
6603,359,DEPT_24,Private,COMMODITY_249,SUB_249_2,
6604,142,DEPT_01,National,COMMODITY_241,SUB_241_3,
6605,425,DEPT_19,National,COMMODITY_043,SUB_043_4,
6606,229,DEPT_14,National,COMMODITY_030,SUB_030_5,
6607,300,DEPT_05,National,COMMODITY_058,SUB_058_6,
6608,496,DEPT_06,National,COMMODITY_099,SUB_099_7,
6609,272,DEPT_13,National,COMMODITY_028,SUB_028_0,
6610,6,DEPT_24,National,COMMODITY_005,SUB_005_1,
6611,221,DEPT_19,Private,COMMODITY_187,SUB_187_2,
6612,8,DEPT_08,National,COMMODITY_277,SUB_277_3,
6613,177,DEPT_24,National,COMMODITY_221,SUB_221_4,
6614,499,DEPT_13,National,COMMODITY_215,SUB_215_5,
6615,412,DEPT_05,National,COMMODITY_064,SUB_064_6,
6616,169,DEPT_19,National,COMMODITY_108,SUB_108_7,
6617,402,DEPT_21,National,COMMODITY_204,SUB_204_0,
6618,227,DEPT_02,National,COMMODITY_151,SUB_151_1,
6619,73,DEPT_02,National,COMMODITY_165,SUB_165_2,
6620,424,DEPT_23,National,COMMODITY_002,SUB_002_3,
6621,245,DEPT_02,National,COMMODITY_042,SUB_042_4,
6622,62,DEPT_05,National,COMMODITY_235,SUB_235_5,
6623,67,DEPT_00,Private,COMMODITY_220,SUB_220_6,
6624,433,DEPT_17,Private,COMMODITY_275,SUB_275_7,
6625,301,DEPT_10,National,COMMODITY_126,SUB_126_0,
6626,352,DEPT_17,National,COMMODITY_077,SUB_077_1,
6627,459,DEPT_23,National,COMMODITY_082,SUB_082_2,
6628,443,DEPT_11,Private,COMMODITY_210,SUB_210_3,
6629,285,DEPT_22,Private,COMMODITY_189,SUB_189_4,
6630,412,DEPT_23,Private,COMMODITY_153,SUB_153_5,
6631,202,DEPT_15,National,COMMODITY_139,SUB_139_6,
6632,64,DEPT_21,National,COMMODITY_200,SUB_200_7,
6633,162,DEPT_24,Private,COMMODITY_016,SUB_016_0,
6634,144,DEPT_02,Private,COMMODITY_171,SUB_171_1,
6635,295,DEPT_05,National,COMMODITY_177,SUB_177_2,
6636,358,DEPT_18,Private,COMMODITY_157,SUB_157_3,
6637,486,DEPT_18,National,COMMODITY_004,SUB_004_4,
6638,321,DEPT_05,Private,COMMODITY_177,SUB_177_5,
6639,336,DEPT_00,Private,COMMODITY_000,SUB_000_6,
6640,291,DEPT_11,Private,COMMODITY_032,SUB_032_7,
6641,204,DEPT_21,Private,COMMODITY_228,SUB_228_0,
6642,41,DEPT_11,National,COMMODITY_026,SUB_026_1,
6643,308,DEPT_06,National,COMMODITY_106,SUB_106_2,
6644,326,DEPT_08,National,COMMODITY_093,SUB_093_3,
6645,30,DEPT_23,National,COMMODITY_010,SUB_010_4,
6646,207,DEPT_11,Private,COMMODITY_026,SUB_026_5,
6647,51,DEPT_21,National,COMMODITY_204,SUB_204_6,
6648,89,DEPT_09,National,COMMODITY_113,SUB_113_7,
6649,435,DEPT_16,National,COMMODITY_179,SUB_179_0,
6650,422,DEPT_16,National,COMMODITY_024,SUB_024_1,
6651,249,DEPT_21,Private,COMMODITY_204,SUB_204_2,
6652,80,DEPT_11,National,COMMODITY_049,SUB_049_3,
6653,294,DEPT_23,National,COMMODITY_125,SUB_125_4,
6654,482,DEPT_19,National,COMMODITY_211,SUB_211_5,
6655,191,DEPT_08,Private,COMMODITY_100,SUB_100_6,
6656,401,DEPT_21,National,COMMODITY_007,SUB_007_7,
6657,158,DEPT_05,National,COMMODITY_180,SUB_180_0,
6658,345,DEPT_02,National,COMMODITY_176,SUB_176_1,
6659,419,DEPT_12,National,COMMODITY_048,SUB_048_2,
6660,423,DEPT_21,Private,COMMODITY_104,SUB_104_3,
6661,390,DEPT_22,National,COMMODITY_073,SUB_073_4,
6662,216,DEPT_13,National,COMMODITY_225,SUB_225_5,
6663,103,DEPT_01,National,COMMODITY_155,SUB_155_6,
6664,343,DEPT_13,National,COMMODITY_240,SUB_240_7,
6665,2,DEPT_00,National,COMMODITY_057,SUB_057_0,
6666,374,DEPT_08,National,COMMODITY_034,SUB_034_1,
6667,427,DEPT_17,National,COMMODITY_112,SUB_112_2,
6668,224,DEPT_18,National,COMMODITY_119,SUB_119_3,
6669,293,DEPT_19,National,COMMODITY_095,SUB_095_4,
6670,330,DEPT_06,National,COMMODITY_106,SUB_106_5,
6671,192,DEPT_05,National,COMMODITY_064,SUB_064_6,
6672,314,DEPT_02,National,COMMODITY_191,SUB_191_7,
6673,259,DEPT_11,National,COMMODITY_210,SUB_210_0,
6674,242,DEPT_13,National,COMMODITY_097,SUB_097_1,
6675,430,DEPT_22,National,COMMODITY_003,SUB_003_2,
6676,30,DEPT_14,National,COMMODITY_194,SUB_194_3,
6677,223,DEPT_01,Private,COMMODITY_155,SUB_155_4,
6678,360,DEPT_24,National,COMMODITY_249,SUB_249_5,
6679,240,DEPT_06,National,COMMODITY_106,SUB_106_6,
6680,82,DEPT_08,National,COMMODITY_100,SUB_100_7,
6681,264,DEPT_23,Private,COMMODITY_152,SUB_152_0,
6682,243,DEPT_02,National,COMMODITY_176,SUB_176_1,
6683,327,DEPT_06,National,COMMODITY_158,SUB_158_2,
6684,247,DEPT_04,National,COMMODITY_244,SUB_244_3,
6685,417,DEPT_23,Private,COMMODITY_014,SUB_014_4,
6686,138,DEPT_12,National,COMMODITY_295,SUB_295_5,
6687,428,DEPT_21,National,COMMODITY_192,SUB_192_6,
6688,41,DEPT_06,Private,COMMODITY_260,SUB_260_7,
6689,427,DEPT_23,National,COMMODITY_094,SUB_094_0,
6690,476,DEPT_07,National,COMMODITY_292,SUB_292_1,
6691,20,DEPT_16,National,COMMODITY_278,SUB_278_2,
6692,337,DEPT_03,Private,COMMODITY_296,SUB_296_3,
6693,205,DEPT_16,Private,COMMODITY_065,SUB_065_4,
6694,381,DEPT_17,National,COMMODITY_019,SUB_019_5,
6695,102,DEPT_23,Private,COMMODITY_125,SUB_125_6,
6696,138,DEPT_16,National,COMMODITY_179,SUB_179_7,
6697,403,DEPT_15,National,COMMODITY_086,SUB_086_0,
6698,89,DEPT_22,National,COMMODITY_003,SUB_003_1,
6699,298,DEPT_17,Private,COMMODITY_112,SUB_112_2,
6700,317,DEPT_13,National,COMMODITY_028,SUB_028_3,
6701,287,DEPT_13,National,COMMODITY_041,SUB_041_4,
6702,329,DEPT_22,National,COMMODITY_044,SUB_044_5,
6703,342,DEPT_01,Private,COMMODITY_181,SUB_181_6,
6704,357,DEPT_13,Private,COMMODITY_294,SUB_294_7,
6705,169,DEPT_15,National,COMMODITY_036,SUB_036_0,
6706,354,DEPT_21,National,COMMODITY_200,SUB_200_1,
6707,238,DEPT_03,National,COMMODITY_161,SUB_161_2,
6708,140,DEPT_21,National,COMMODITY_192,SUB_192_3,
6709,50,DEPT_13,National,COMMODITY_266,SUB_266_4,
6710,473,DEPT_23,National,COMMODITY_014,SUB_014_5,
6711,161,DEPT_06,National,COMMODITY_197,SUB_197_6,
6712,244,DEPT_19,National,COMMODITY_130,SUB_130_7,
6713,203,DEPT_07,National,COMMODITY_279,SUB_279_0,
6714,355,DEPT_08,National,COMMODITY_239,SUB_239_1,
6715,150,DEPT_11,Private,COMMODITY_156,SUB_156_2,
6716,350,DEPT_23,National,COMMODITY_135,SUB_135_3,
6717,351,DEPT_17,Private,COMMODITY_275,SUB_275_4,
6718,450,DEPT_15,Private,COMMODITY_009,SUB_009_5,
6719,101,DEPT_17,National,COMMODITY_216,SUB_216_6,
6720,312,DEPT_09,National,COMMODITY_109,SUB_109_7,
6721,359,DEPT_24,Private,COMMODITY_131,SUB_131_0,
6722,342,DEPT_06,National,COMMODITY_008,SUB_008_1,
6723,210,DEPT_14,Private,COMMODITY_202,SUB_202_2,
6724,92,DEPT_00,National,COMMODITY_079,SUB_079_3,
6725,87,DEPT_06,Private,COMMODITY_158,SUB_158_4,
6726,217,DEPT_12,National,COMMODITY_258,SUB_258_5,
6727,272,DEPT_23,National,COMMODITY_002,SUB_002_6,
6728,359,DEPT_19,Private,COMMODITY_211,SUB_211_7,
6729,346,DEPT_24,National,COMMODITY_168,SUB_168_0,
6730,140,DEPT_00,Private,COMMODITY_079,SUB_079_1,
6731,3,DEPT_21,National,COMMODITY_204,SUB_204_2,
6732,116,DEPT_02,Private,COMMODITY_165,SUB_165_3,
6733,319,DEPT_16,Private,COMMODITY_179,SUB_179_4,
6734,344,DEPT_19,Private,COMMODITY_120,SUB_120_5,
6735,51,DEPT_17,National,COMMODITY_275,SUB_275_6,
6736,29,DEPT_11,National,COMMODITY_210,SUB_210_7,
6737,59,DEPT_20,National,COMMODITY_269,SUB_269_0,
6738,405,DEPT_07,National,COMMODITY_133,SUB_133_1,
6739,23,DEPT_20,Private,COMMODITY_253,SUB_253_2,
6740,36,DEPT_17,Private,COMMODITY_261,SUB_261_3,
6741,109,DEPT_22,National,COMMODITY_003,SUB_003_4,
6742,11,DEPT_16,National,COMMODITY_278,SUB_278_5,
6743,126,DEPT_05,National,COMMODITY_074,SUB_074_6,
6744,289,DEPT_21,National,COMMODITY_256,SUB_256_7,
6745,152,DEPT_16,Private,COMMODITY_280,SUB_280_0,
6746,389,DEPT_15,National,COMMODITY_038,SUB_038_1,
6747,259,DEPT_20,Private,COMMODITY_145,SUB_145_2,
6748,53,DEPT_09,Private,COMMODITY_084,SUB_084_3,
6749,94,DEPT_11,National,COMMODITY_105,SUB_105_4,
6750,64,DEPT_09,National,COMMODITY_271,SUB_271_5,
6751,37,DEPT_03,National,COMMODITY_001,SUB_001_6,
6752,435,DEPT_10,Private,COMMODITY_281,SUB_281_7,
6753,50,DEPT_01,National,COMMODITY_134,SUB_134_0,
6754,130,DEPT_13,National,COMMODITY_285,SUB_285_1,
6755,53,DEPT_22,National,COMMODITY_127,SUB_127_2,
6756,494,DEPT_22,National,COMMODITY_003,SUB_003_3,
6757,367,DEPT_12,National,COMMODITY_048,SUB_048_4,
6758,242,DEPT_08,Private,COMMODITY_103,SUB_103_5,
6759,234,DEPT_15,Private,COMMODITY_036,SUB_036_6,
6760,222,DEPT_24,Private,COMMODITY_131,SUB_131_7,
6761,463,DEPT_19,National,COMMODITY_211,SUB_211_0,
6762,220,DEPT_19,National,COMMODITY_120,SUB_120_1,
6763,56,DEPT_02,Private,COMMODITY_169,SUB_169_2,
6764,128,DEPT_06,Private,COMMODITY_008,SUB_008_3,
6765,388,DEPT_11,National,COMMODITY_272,SUB_272_4,
6766,99,DEPT_22,Private,COMMODITY_073,SUB_073_5,
6767,207,DEPT_23,National,COMMODITY_250,SUB_250_6,
6768,464,DEPT_15,Private,COMMODITY_283,SUB_283_7,
6769,482,DEPT_00,Private,COMMODITY_047,SUB_047_0,
6770,210,DEPT_11,National,COMMODITY_272,SUB_272_1,
6771,2,DEPT_13,National,COMMODITY_061,SUB_061_2,
6772,278,DEPT_13,Private,COMMODITY_039,SUB_039_3,
6773,260,DEPT_12,National,COMMODITY_295,SUB_295_4,
6774,97,DEPT_23,National,COMMODITY_014,SUB_014_5,
6775,177,DEPT_19,Private,COMMODITY_289,SUB_289_6,
6776,410,DEPT_23,National,COMMODITY_213,SUB_213_7,
6777,64,DEPT_08,National,COMMODITY_291,SUB_291_0,
6778,298,DEPT_00,National,COMMODITY_052,SUB_052_1,
6779,322,DEPT_11,National,COMMODITY_210,SUB_210_2,
6780,71,DEPT_19,Private,COMMODITY_089,SUB_089_3,
6781,192,DEPT_16,Private,COMMODITY_092,SUB_092_4,
6782,329,DEPT_12,Private,COMMODITY_299,SUB_299_5,
6783,370,DEPT_13,National,COMMODITY_035,SUB_035_6,
6784,414,DEPT_20,Private,COMMODITY_264,SUB_264_7,
6785,224,DEPT_20,National,COMMODITY_269,SUB_269_0,
6786,389,DEPT_08,National,COMMODITY_046,SUB_046_1,
6787,217,DEPT_12,Private,COMMODITY_257,SUB_257_2,
6788,61,DEPT_06,National,COMMODITY_111,SUB_111_3,
6789,178,DEPT_07,National,COMMODITY_136,SUB_136_4,
6790,416,DEPT_13,Private,COMMODITY_122,SUB_122_5,
6791,129,DEPT_04,National,COMMODITY_229,SUB_229_6,
6792,238,DEPT_22,National,COMMODITY_017,SUB_017_7,
6793,91,DEPT_17,National,COMMODITY_178,SUB_178_0,
6794,332,DEPT_04,National,COMMODITY_146,SUB_146_1,
6795,334,DEPT_24,National,COMMODITY_129,SUB_129_2,
6796,38,DEPT_00,National,COMMODITY_057,SUB_057_3,
6797,238,DEPT_17,Private,COMMODITY_233,SUB_233_4,
6798,269,DEPT_05,Private,COMMODITY_245,SUB_245_5,
6799,468,DEPT_13,National,COMMODITY_164,SUB_164_6,
6800,121,DEPT_13,National,COMMODITY_266,SUB_266_7,
6801,87,DEPT_24,Private,COMMODITY_249,SUB_249_0,
6802,195,DEPT_15,National,COMMODITY_186,SUB_186_1,
6803,38,DEPT_17,National,COMMODITY_051,SUB_051_2,
6804,185,DEPT_07,Private,COMMODITY_066,SUB_066_3,
6805,419,DEPT_14,National,COMMODITY_198,SUB_198_4,
6806,47,DEPT_11,Private,COMMODITY_156,SUB_156_5,
6807,395,DEPT_09,National,COMMODITY_118,SUB_118_6,
6808,97,DEPT_10,National,COMMODITY_126,SUB_126_7,
6809,14,DEPT_17,National,COMMODITY_012,SUB_012_0,
6810,298,DEPT_08,National,COMMODITY_277,SUB_277_1,
6811,96,DEPT_17,Private,COMMODITY_020,SUB_020_2,
6812,298,DEPT_16,National,COMMODITY_280,SUB_280_3,
6813,108,DEPT_00,Private,COMMODITY_057,SUB_057_4,
6814,278,DEPT_23,National,COMMODITY_162,SUB_162_5,
6815,477,DEPT_22,National,COMMODITY_044,SUB_044_6,
6816,43,DEPT_17,National,COMMODITY_077,SUB_077_7,
6817,467,DEPT_15,National,COMMODITY_009,SUB_009_0,
6818,454,DEPT_05,National,COMMODITY_074,SUB_074_1,
6819,17,DEPT_20,National,COMMODITY_027,SUB_027_2,
6820,381,DEPT_05,Private,COMMODITY_058,SUB_058_3,
6821,385,DEPT_13,National,COMMODITY_041,SUB_041_4,
6822,359,DEPT_07,National,COMMODITY_133,SUB_133_5,
6823,234,DEPT_01,Private,COMMODITY_128,SUB_128_6,
6824,92,DEPT_17,National,COMMODITY_216,SUB_216_7,
6825,329,DEPT_04,National,COMMODITY_081,SUB_081_0,
6826,224,DEPT_23,Private,COMMODITY_010,SUB_010_1,
6827,180,DEPT_22,National,COMMODITY_017,SUB_017_2,
6828,417,DEPT_24,Private,COMMODITY_214,SUB_214_3,
6829,267,DEPT_01,National,COMMODITY_063,SUB_063_4,
6830,198,DEPT_23,National,COMMODITY_094,SUB_094_5,
6831,99,DEPT_12,Private,COMMODITY_227,SUB_227_6,
6832,158,DEPT_19,Private,COMMODITY_108,SUB_108_7,
6833,377,DEPT_08,Private,COMMODITY_093,SUB_093_0,
6834,181,DEPT_12,National,COMMODITY_299,SUB_299_1,
6835,81,DEPT_24,National,COMMODITY_170,SUB_170_2,
6836,21,DEPT_19,Private,COMMODITY_055,SUB_055_3,
6837,24,DEPT_21,National,COMMODITY_138,SUB_138_4,
6838,129,DEPT_13,National,COMMODITY_225,SUB_225_5,
6839,382,DEPT_23,National,COMMODITY_175,SUB_175_6,
6840,364,DEPT_01,National,COMMODITY_117,SUB_117_7,
6841,216,DEPT_20,Private,COMMODITY_195,SUB_195_0,
6842,26,DEPT_06,National,COMMODITY_260,SUB_260_1,
6843,66,DEPT_22,National,COMMODITY_073,SUB_073_2,
6844,325,DEPT_13,National,COMMODITY_240,SUB_240_3,
6845,107,DEPT_23,National,COMMODITY_162,SUB_162_4,
6846,49,DEPT_04,National,COMMODITY_059,SUB_059_5,
6847,154,DEPT_00,Private,COMMODITY_114,SUB_114_6,
6848,219,DEPT_22,National,COMMODITY_003,SUB_003_7,
6849,461,DEPT_14,National,COMMODITY_209,SUB_209_0,
6850,114,DEPT_03,National,COMMODITY_296,SUB_296_1,
6851,143,DEPT_00,National,COMMODITY_052,SUB_052_2,
6852,71,DEPT_05,National,COMMODITY_297,SUB_297_3,
6853,345,DEPT_17,National,COMMODITY_178,SUB_178_4,
6854,162,DEPT_22,Private,COMMODITY_073,SUB_073_5,
6855,246,DEPT_24,Private,COMMODITY_201,SUB_201_6,
6856,67,DEPT_05,Private,COMMODITY_074,SUB_074_7,
6857,428,DEPT_02,National,COMMODITY_151,SUB_151_0,
6858,195,DEPT_11,National,COMMODITY_231,SUB_231_1,
6859,479,DEPT_22,National,COMMODITY_017,SUB_017_2,
6860,236,DEPT_01,National,COMMODITY_241,SUB_241_3,
6861,394,DEPT_22,Private,COMMODITY_017,SUB_017_4,
6862,321,DEPT_24,National,COMMODITY_131,SUB_131_5,
6863,477,DEPT_20,National,COMMODITY_069,SUB_069_6,
6864,443,DEPT_06,National,COMMODITY_219,SUB_219_7,
6865,21,DEPT_22,National,COMMODITY_127,SUB_127_0,
6866,37,DEPT_12,National,COMMODITY_286,SUB_286_1,
6867,280,DEPT_14,National,COMMODITY_202,SUB_202_2,
6868,196,DEPT_01,Private,COMMODITY_241,SUB_241_3,
6869,334,DEPT_20,National,COMMODITY_182,SUB_182_4,
6870,399,DEPT_01,National,COMMODITY_134,SUB_134_5,
6871,213,DEPT_01,National,COMMODITY_063,SUB_063_6,
6872,393,DEPT_17,National,COMMODITY_259,SUB_259_7,
6873,131,DEPT_20,National,COMMODITY_253,SUB_253_0,
6874,230,DEPT_23,Private,COMMODITY_096,SUB_096_1,
6875,84,DEPT_13,National,COMMODITY_298,SUB_298_2,
6876,360,DEPT_11,National,COMMODITY_018,SUB_018_3,
6877,214,DEPT_15,National,COMMODITY_186,SUB_186_4,
6878,282,DEPT_23,Private,COMMODITY_002,SUB_002_5,
6879,409,DEPT_13,National,COMMODITY_097,SUB_097_6,
6880,494,DEPT_21,National,COMMODITY_238,SUB_238_7,
6881,444,DEPT_16,National,COMMODITY_278,SUB_278_0,
6882,298,DEPT_18,Private,COMMODITY_075,SUB_075_1,
6883,74,DEPT_21,National,COMMODITY_007,SUB_007_2,
6884,420,DEPT_22,Private,COMMODITY_121,SUB_121_3,
6885,491,DEPT_09,Private,COMMODITY_232,SUB_232_4,
6886,82,DEPT_14,National,COMMODITY_209,SUB_209_5,
6887,460,DEPT_18,National,COMMODITY_004,SUB_004_6,
6888,322,DEPT_22,Private,COMMODITY_006,SUB_006_7,
6889,129,DEPT_09,Private,COMMODITY_056,SUB_056_0,
6890,262,DEPT_14,National,COMMODITY_154,SUB_154_1,
6891,455,DEPT_13,National,COMMODITY_215,SUB_215_2,
6892,380,DEPT_15,National,COMMODITY_036,SUB_036_3,
6893,39,DEPT_06,National,COMMODITY_143,SUB_143_4,
6894,124,DEPT_08,National,COMMODITY_037,SUB_037_5,
6895,478,DEPT_00,Private,COMMODITY_021,SUB_021_6,
6896,167,DEPT_02,National,COMMODITY_171,SUB_171_7,
6897,210,DEPT_23,Private,COMMODITY_250,SUB_250_0,
6898,225,DEPT_06,National,COMMODITY_219,SUB_219_1,
6899,241,DEPT_13,Private,COMMODITY_035,SUB_035_2,
6900,231,DEPT_19,National,COMMODITY_108,SUB_108_3,
6901,362,DEPT_15,National,COMMODITY_038,SUB_038_4,
6902,148,DEPT_05,Private,COMMODITY_064,SUB_064_5,
6903,222,DEPT_13,National,COMMODITY_061,SUB_061_6,
6904,286,DEPT_14,National,COMMODITY_140,SUB_140_7,
6905,234,DEPT_20,Private,COMMODITY_115,SUB_115_0,
6906,151,DEPT_13,National,COMMODITY_122,SUB_122_1,
6907,202,DEPT_17,National,COMMODITY_274,SUB_274_2,
6908,253,DEPT_10,National,COMMODITY_148,SUB_148_3,
6909,44,DEPT_16,National,COMMODITY_243,SUB_243_4,
6910,37,DEPT_16,National,COMMODITY_280,SUB_280_5,
6911,499,DEPT_21,National,COMMODITY_204,SUB_204_6,
6912,135,DEPT_02,Private,COMMODITY_191,SUB_191_7,
6913,359,DEPT_13,Private,COMMODITY_294,SUB_294_0,
6914,447,DEPT_13,National,COMMODITY_028,SUB_028_1,
6915,341,DEPT_21,National,COMMODITY_138,SUB_138_2,
6916,107,DEPT_15,Private,COMMODITY_036,SUB_036_3,
6917,432,DEPT_23,Private,COMMODITY_250,SUB_250_4,
6918,68,DEPT_15,National,COMMODITY_009,SUB_009_5,
6919,224,DEPT_00,Private,COMMODITY_114,SUB_114_6,
6920,185,DEPT_01,Private,COMMODITY_181,SUB_181_7,
6921,18,DEPT_06,Private,COMMODITY_265,SUB_265_0,
6922,77,DEPT_11,National,COMMODITY_231,SUB_231_1,
6923,209,DEPT_06,National,COMMODITY_008,SUB_008_2,
6924,330,DEPT_04,National,COMMODITY_146,SUB_146_3,
6925,378,DEPT_07,National,COMMODITY_292,SUB_292_4,
6926,75,DEPT_13,National,COMMODITY_122,SUB_122_5,
6927,262,DEPT_13,National,COMMODITY_011,SUB_011_6,
6928,222,DEPT_00,National,COMMODITY_267,SUB_267_7,
6929,370,DEPT_05,Private,COMMODITY_137,SUB_137_0,
6930,242,DEPT_06,National,COMMODITY_008,SUB_008_1,
6931,236,DEPT_23,National,COMMODITY_173,SUB_173_2,
6932,107,DEPT_14,National,COMMODITY_290,SUB_290_3,
6933,379,DEPT_00,National,COMMODITY_021,SUB_021_4,
6934,340,DEPT_21,National,COMMODITY_192,SUB_192_5,
6935,326,DEPT_07,National,COMMODITY_188,SUB_188_6,
6936,473,DEPT_22,Private,COMMODITY_247,SUB_247_7,
6937,174,DEPT_03,National,COMMODITY_161,SUB_161_0,
6938,56,DEPT_16,National,COMMODITY_230,SUB_230_1,
6939,100,DEPT_01,National,COMMODITY_268,SUB_268_2,
6940,339,DEPT_06,Private,COMMODITY_265,SUB_265_3,
6941,42,DEPT_18,Private,COMMODITY_075,SUB_075_4,
6942,243,DEPT_14,Private,COMMODITY_031,SUB_031_5,
6943,327,DEPT_03,National,COMMODITY_161,SUB_161_6,
6944,457,DEPT_23,Private,COMMODITY_096,SUB_096_7,
6945,95,DEPT_12,Private,COMMODITY_286,SUB_286_0,
6946,278,DEPT_16,Private,COMMODITY_179,SUB_179_1,
6947,209,DEPT_14,National,COMMODITY_154,SUB_154_2,
6948,235,DEPT_24,National,COMMODITY_087,SUB_087_3,
6949,155,DEPT_19,Private,COMMODITY_043,SUB_043_4,
6950,430,DEPT_05,National,COMMODITY_177,SUB_177_5,
6951,179,DEPT_03,National,COMMODITY_296,SUB_296_6,
6952,194,DEPT_14,National,COMMODITY_270,SUB_270_7,
6953,162,DEPT_17,National,COMMODITY_077,SUB_077_0,
6954,126,DEPT_24,Private,COMMODITY_201,SUB_201_1,
6955,300,DEPT_09,National,COMMODITY_116,SUB_116_2,
6956,163,DEPT_11,National,COMMODITY_018,SUB_018_3,
6957,210,DEPT_04,National,COMMODITY_254,SUB_254_4,
6958,42,DEPT_15,National,COMMODITY_036,SUB_036_5,
6959,96,DEPT_20,Private,COMMODITY_145,SUB_145_6,
6960,400,DEPT_07,Private,COMMODITY_292,SUB_292_7,
6961,205,DEPT_24,National,COMMODITY_107,SUB_107_0,
6962,42,DEPT_00,National,COMMODITY_021,SUB_021_1,
6963,27,DEPT_13,National,COMMODITY_285,SUB_285_2,
6964,269,DEPT_00,Private,COMMODITY_252,SUB_252_3,
6965,445,DEPT_10,National,COMMODITY_208,SUB_208_4,
6966,135,DEPT_12,National,COMMODITY_295,SUB_295_5,
6967,418,DEPT_08,National,COMMODITY_046,SUB_046_6,
6968,162,DEPT_12,National,COMMODITY_048,SUB_048_7,
6969,408,DEPT_06,Private,COMMODITY_106,SUB_106_0,
6970,184,DEPT_19,Private,COMMODITY_211,SUB_211_1,
6971,321,DEPT_05,National,COMMODITY_262,SUB_262_2,
6972,99,DEPT_20,National,COMMODITY_242,SUB_242_3,
6973,147,DEPT_04,National,COMMODITY_081,SUB_081_4,
6974,212,DEPT_13,National,COMMODITY_285,SUB_285_5,
6975,493,DEPT_18,Private,COMMODITY_174,SUB_174_6,
6976,142,DEPT_00,Private,COMMODITY_252,SUB_252_7,
6977,366,DEPT_19,National,COMMODITY_130,SUB_130_0,
6978,498,DEPT_05,National,COMMODITY_224,SUB_224_1,
6979,355,DEPT_09,National,COMMODITY_109,SUB_109_2,
6980,272,DEPT_11,Private,COMMODITY_231,SUB_231_3,
6981,152,DEPT_08,National,COMMODITY_163,SUB_163_4,
6982,301,DEPT_17,National,COMMODITY_233,SUB_233_5,
6983,333,DEPT_05,Private,COMMODITY_222,SUB_222_6,
6984,7,DEPT_20,National,COMMODITY_027,SUB_027_7,
6985,109,DEPT_16,National,COMMODITY_024,SUB_024_0,
6986,108,DEPT_08,National,COMMODITY_101,SUB_101_1,
6987,201,DEPT_22,National,COMMODITY_127,SUB_127_2,
6988,98,DEPT_21,National,COMMODITY_256,SUB_256_3,
6989,218,DEPT_07,National,COMMODITY_284,SUB_284_4,
6990,381,DEPT_24,National,COMMODITY_221,SUB_221_5,
6991,384,DEPT_00,National,COMMODITY_062,SUB_062_6,
6992,462,DEPT_13,Private,COMMODITY_285,SUB_285_7,
6993,174,DEPT_17,National,COMMODITY_259,SUB_259_0,
6994,121,DEPT_00,Private,COMMODITY_252,SUB_252_1,
6995,283,DEPT_23,National,COMMODITY_002,SUB_002_2,
6996,395,DEPT_20,National,COMMODITY_195,SUB_195_3,
6997,248,DEPT_02,National,COMMODITY_124,SUB_124_4,
6998,36,DEPT_19,Private,COMMODITY_160,SUB_160_5,
6999,173,DEPT_22,National,COMMODITY_247,SUB_247_6,
7000,226,DEPT_11,National,COMMODITY_032,SUB_032_7,
7001,113,DEPT_13,Private,COMMODITY_035,SUB_035_0,
7002,312,DEPT_19,National,COMMODITY_130,SUB_130_1,
7003,379,DEPT_16,National,COMMODITY_280,SUB_280_2,
7004,401,DEPT_21,National,COMMODITY_288,SUB_288_3,
7005,241,DEPT_11,National,COMMODITY_234,SUB_234_4,
7006,388,DEPT_23,Private,COMMODITY_013,SUB_013_5,
7007,202,DEPT_15,National,COMMODITY_283,SUB_283_6,
7008,20,DEPT_19,National,COMMODITY_289,SUB_289_7,
7009,68,DEPT_05,National,COMMODITY_023,SUB_023_0,
7010,437,DEPT_13,Private,COMMODITY_028,SUB_028_1,
7011,315,DEPT_22,National,COMMODITY_006,SUB_006_2,
7012,277,DEPT_04,Private,COMMODITY_229,SUB_229_3,
7013,375,DEPT_19,National,COMMODITY_089,SUB_089_4,
7014,362,DEPT_15,National,COMMODITY_038,SUB_038_5,
7015,238,DEPT_17,National,COMMODITY_019,SUB_019_6,
7016,409,DEPT_23,National,COMMODITY_094,SUB_094_7,
7017,116,DEPT_04,National,COMMODITY_244,SUB_244_0,
7018,321,DEPT_06,National,COMMODITY_091,SUB_091_1,
7019,185,DEPT_11,National,COMMODITY_183,SUB_183_2,
7020,488,DEPT_06,National,COMMODITY_106,SUB_106_3,
7021,97,DEPT_13,National,COMMODITY_039,SUB_039_4,
7022,485,DEPT_12,National,COMMODITY_257,SUB_257_5,
7023,305,DEPT_13,National,COMMODITY_061,SUB_061_6,
7024,5,DEPT_15,National,COMMODITY_054,SUB_054_7,
7025,77,DEPT_01,National,COMMODITY_241,SUB_241_0,
7026,127,DEPT_17,Private,COMMODITY_261,SUB_261_1,
7027,61,DEPT_24,National,COMMODITY_129,SUB_129_2,
7028,47,DEPT_17,National,COMMODITY_112,SUB_112_3,
7029,54,DEPT_20,Private,COMMODITY_115,SUB_115_4,
7030,223,DEPT_00,National,COMMODITY_021,SUB_021_5,
7031,156,DEPT_05,National,COMMODITY_199,SUB_199_6,
7032,424,DEPT_16,National,COMMODITY_263,SUB_263_7,
7033,454,DEPT_23,National,COMMODITY_149,SUB_149_0,
7034,478,DEPT_16,National,COMMODITY_230,SUB_230_1,
7035,456,DEPT_14,National,COMMODITY_154,SUB_154_2,
7036,59,DEPT_01,National,COMMODITY_134,SUB_134_3,
7037,163,DEPT_06,National,COMMODITY_265,SUB_265_4,
7038,97,DEPT_13,National,COMMODITY_196,SUB_196_5,
7039,105,DEPT_11,National,COMMODITY_049,SUB_049_6,
7040,139,DEPT_17,National,COMMODITY_203,SUB_203_7,
7041,166,DEPT_18,National,COMMODITY_075,SUB_075_0,
7042,85,DEPT_18,National,COMMODITY_119,SUB_119_1,
7043,431,DEPT_05,National,COMMODITY_248,SUB_248_2,
7044,348,DEPT_13,National,COMMODITY_164,SUB_164_3,
7045,362,DEPT_22,Private,COMMODITY_073,SUB_073_4,
7046,189,DEPT_22,National,COMMODITY_121,SUB_121_5,
7047,99,DEPT_11,National,COMMODITY_078,SUB_078_6,
7048,371,DEPT_06,National,COMMODITY_143,SUB_143_7,
7049,398,DEPT_20,National,COMMODITY_253,SUB_253_0,
7050,246,DEPT_11,National,COMMODITY_210,SUB_210_1,
7051,153,DEPT_07,National,COMMODITY_188,SUB_188_2,
7052,449,DEPT_02,Private,COMMODITY_124,SUB_124_3,
7053,373,DEPT_18,National,COMMODITY_004,SUB_004_4,
7054,136,DEPT_22,National,COMMODITY_121,SUB_121_5,
7055,82,DEPT_04,National,COMMODITY_205,SUB_205_6,
7056,413,DEPT_11,National,COMMODITY_231,SUB_231_7,
7057,28,DEPT_15,National,COMMODITY_025,SUB_025_0,
7058,495,DEPT_24,National,COMMODITY_087,SUB_087_1,
7059,302,DEPT_02,National,COMMODITY_042,SUB_042_2,
7060,15,DEPT_08,National,COMMODITY_103,SUB_103_3,
7061,229,DEPT_07,National,COMMODITY_136,SUB_136_4,
7062,464,DEPT_01,National,COMMODITY_128,SUB_128_5,
7063,75,DEPT_23,National,COMMODITY_067,SUB_067_6,
7064,20,DEPT_00,Private,COMMODITY_068,SUB_068_7,
7065,309,DEPT_17,National,COMMODITY_020,SUB_020_0,
7066,51,DEPT_17,National,COMMODITY_261,SUB_261_1,
7067,311,DEPT_11,Private,COMMODITY_050,SUB_050_2,
7068,168,DEPT_19,Private,COMMODITY_120,SUB_120_3,
7069,425,DEPT_19,Private,COMMODITY_160,SUB_160_4,
7070,127,DEPT_00,Private,COMMODITY_098,SUB_098_5,
7071,348,DEPT_17,National,COMMODITY_051,SUB_051_6,
7072,366,DEPT_11,National,COMMODITY_018,SUB_018_7,
7073,308,DEPT_02,Private,COMMODITY_176,SUB_176_0,
7074,81,DEPT_23,National,COMMODITY_067,SUB_067_1,
7075,436,DEPT_14,National,COMMODITY_270,SUB_270_2,
7076,190,DEPT_01,National,COMMODITY_181,SUB_181_3,
7077,262,DEPT_00,Private,COMMODITY_000,SUB_000_4,
7078,66,DEPT_23,National,COMMODITY_014,SUB_014_5,
7079,376,DEPT_07,National,COMMODITY_133,SUB_133_6,
7080,279,DEPT_08,National,COMMODITY_291,SUB_291_7,
7081,45,DEPT_12,Private,COMMODITY_257,SUB_257_0,
7082,377,DEPT_13,National,COMMODITY_298,SUB_298_1,
7083,335,DEPT_09,National,COMMODITY_113,SUB_113_2,
7084,282,DEPT_02,National,COMMODITY_042,SUB_042_3,
7085,438,DEPT_11,National,COMMODITY_231,SUB_231_4,
7086,181,DEPT_17,Private,COMMODITY_015,SUB_015_5,
7087,121,DEPT_07,National,COMMODITY_255,SUB_255_6,
7088,360,DEPT_23,Private,COMMODITY_125,SUB_125_7,
7089,186,DEPT_06,National,COMMODITY_008,SUB_008_0,
7090,210,DEPT_00,National,COMMODITY_079,SUB_079_1,
7091,137,DEPT_08,Private,COMMODITY_093,SUB_093_2,
7092,190,DEPT_11,National,COMMODITY_049,SUB_049_3,
7093,129,DEPT_02,National,COMMODITY_165,SUB_165_4,
7094,269,DEPT_14,National,COMMODITY_030,SUB_030_5,
7095,298,DEPT_14,Private,COMMODITY_206,SUB_206_6,
7096,411,DEPT_04,Private,COMMODITY_146,SUB_146_7,
7097,465,DEPT_24,National,COMMODITY_087,SUB_087_0,
7098,390,DEPT_16,National,COMMODITY_263,SUB_263_1,
7099,331,DEPT_21,National,COMMODITY_204,SUB_204_2,
7100,392,DEPT_12,National,COMMODITY_295,SUB_295_3,
7101,229,DEPT_00,Private,COMMODITY_076,SUB_076_4,
7102,412,DEPT_08,Private,COMMODITY_101,SUB_101_5,
7103,414,DEPT_19,Private,COMMODITY_289,SUB_289_6,
7104,453,DEPT_18,Private,COMMODITY_119,SUB_119_7,
7105,2,DEPT_11,National,COMMODITY_032,SUB_032_0,
7106,346,DEPT_20,Private,COMMODITY_195,SUB_195_1,
7107,421,DEPT_20,National,COMMODITY_195,SUB_195_2,
7108,277,DEPT_20,Private,COMMODITY_115,SUB_115_3,
7109,71,DEPT_21,National,COMMODITY_238,SUB_238_4,
7110,48,DEPT_09,National,COMMODITY_271,SUB_271_5,
7111,60,DEPT_13,Private,COMMODITY_061,SUB_061_6,
7112,310,DEPT_08,National,COMMODITY_237,SUB_237_7,
7113,208,DEPT_21,Private,COMMODITY_200,SUB_200_0,
7114,402,DEPT_05,National,COMMODITY_177,SUB_177_1,
7115,69,DEPT_07,National,COMMODITY_292,SUB_292_2,
7116,239,DEPT_06,National,COMMODITY_197,SUB_197_3,
7117,61,DEPT_23,National,COMMODITY_014,SUB_014_4,
7118,264,DEPT_23,National,COMMODITY_213,SUB_213_5,
7119,372,DEPT_01,Private,COMMODITY_181,SUB_181_6,
7120,203,DEPT_14,National,COMMODITY_198,SUB_198_7,
7121,429,DEPT_14,National,COMMODITY_198,SUB_198_0,
7122,30,DEPT_11,Private,COMMODITY_105,SUB_105_1,
7123,425,DEPT_17,Private,COMMODITY_071,SUB_071_2,
7124,303,DEPT_23,National,COMMODITY_162,SUB_162_3,
7125,31,DEPT_18,Private,COMMODITY_157,SUB_157_4,
7126,286,DEPT_20,National,COMMODITY_088,SUB_088_5,
7127,30,DEPT_13,Private,COMMODITY_196,SUB_196_6,
7128,305,DEPT_19,National,COMMODITY_085,SUB_085_7,
7129,493,DEPT_22,National,COMMODITY_142,SUB_142_0,
7130,320,DEPT_14,National,COMMODITY_202,SUB_202_1,
7131,461,DEPT_16,National,COMMODITY_230,SUB_230_2,
7132,349,DEPT_01,National,COMMODITY_128,SUB_128_3,
7133,418,DEPT_15,National,COMMODITY_110,SUB_110_4,
7134,495,DEPT_00,Private,COMMODITY_252,SUB_252_5,
7135,335,DEPT_13,National,COMMODITY_164,SUB_164_6,
7136,29,DEPT_07,National,COMMODITY_066,SUB_066_7,
7137,350,DEPT_14,National,COMMODITY_206,SUB_206_0,
7138,418,DEPT_11,National,COMMODITY_078,SUB_078_1,
7139,276,DEPT_15,National,COMMODITY_025,SUB_025_2,
7140,373,DEPT_17,National,COMMODITY_259,SUB_259_3,
7141,462,DEPT_16,Private,COMMODITY_280,SUB_280_4,
7142,78,DEPT_24,National,COMMODITY_107,SUB_107_5,
7143,93,DEPT_21,Private,COMMODITY_132,SUB_132_6,
7144,20,DEPT_08,National,COMMODITY_291,SUB_291_7,
7145,93,DEPT_11,National,COMMODITY_018,SUB_018_0,
7146,26,DEPT_13,National,COMMODITY_039,SUB_039_1,
7147,344,DEPT_11,National,COMMODITY_210,SUB_210_2,
7148,202,DEPT_12,National,COMMODITY_257,SUB_257_3,
7149,260,DEPT_22,National,COMMODITY_127,SUB_127_4,
7150,203,DEPT_02,National,COMMODITY_165,SUB_165_5,
7151,340,DEPT_11,Private,COMMODITY_276,SUB_276_6,
7152,8,DEPT_03,Private,COMMODITY_161,SUB_161_7,
7153,83,DEPT_00,National,COMMODITY_052,SUB_052_0,
7154,382,DEPT_19,Private,COMMODITY_160,SUB_160_1,
7155,77,DEPT_19,National,COMMODITY_108,SUB_108_2,
7156,330,DEPT_15,National,COMMODITY_054,SUB_054_3,
7157,167,DEPT_01,National,COMMODITY_251,SUB_251_4,
7158,186,DEPT_09,National,COMMODITY_232,SUB_232_5,
7159,420,DEPT_23,Private,COMMODITY_014,SUB_014_6,
7160,478,DEPT_22,Private,COMMODITY_121,SUB_121_7,
7161,417,DEPT_21,National,COMMODITY_138,SUB_138_0,
7162,250,DEPT_19,Private,COMMODITY_187,SUB_187_1,
7163,281,DEPT_21,National,COMMODITY_132,SUB_132_2,
7164,81,DEPT_21,National,COMMODITY_192,SUB_192_3,
7165,396,DEPT_06,National,COMMODITY_158,SUB_158_4,
7166,326,DEPT_06,Private,COMMODITY_260,SUB_260_5,
7167,37,DEPT_23,National,COMMODITY_002,SUB_002_6,
7168,219,DEPT_16,National,COMMODITY_278,SUB_278_7,
7169,413,DEPT_16,Private,COMMODITY_065,SUB_065_0,
7170,221,DEPT_03,National,COMMODITY_161,SUB_161_1,
7171,430,DEPT_21,National,COMMODITY_200,SUB_200_2,
7172,244,DEPT_13,National,COMMODITY_061,SUB_061_3,
7173,43,DEPT_00,National,COMMODITY_220,SUB_220_4,
7174,350,DEPT_18,National,COMMODITY_157,SUB_157_5,
7175,252,DEPT_24,National,COMMODITY_201,SUB_201_6,
7176,129,DEPT_12,National,COMMODITY_299,SUB_299_7,
7177,248,DEPT_16,National,COMMODITY_280,SUB_280_0,
7178,164,DEPT_24,Private,COMMODITY_087,SUB_087_1,
7179,177,DEPT_13,Private,COMMODITY_164,SUB_164_2,
7180,287,DEPT_08,National,COMMODITY_070,SUB_070_3,
7181,451,DEPT_07,National,COMMODITY_136,SUB_136_4,
7182,320,DEPT_05,National,COMMODITY_222,SUB_222_5,
7183,261,DEPT_24,National,COMMODITY_201,SUB_201_6,
7184,116,DEPT_00,Private,COMMODITY_267,SUB_267_7,
7185,172,DEPT_12,National,COMMODITY_172,SUB_172_0,
7186,180,DEPT_05,National,COMMODITY_058,SUB_058_1,
7187,200,DEPT_15,National,COMMODITY_283,SUB_283_2,
7188,361,DEPT_23,National,COMMODITY_213,SUB_213_3,
7189,87,DEPT_23,National,COMMODITY_250,SUB_250_4,
7190,261,DEPT_12,Private,COMMODITY_286,SUB_286_5,
7191,146,DEPT_10,Private,COMMODITY_208,SUB_208_6,
7192,368,DEPT_02,National,COMMODITY_169,SUB_169_7,
7193,78,DEPT_06,National,COMMODITY_106,SUB_106_0,
7194,96,DEPT_06,Private,COMMODITY_265,SUB_265_1,
7195,473,DEPT_10,Private,COMMODITY_126,SUB_126_2,
7196,193,DEPT_04,National,COMMODITY_205,SUB_205_3,
7197,497,DEPT_12,Private,COMMODITY_286,SUB_286_4,
7198,280,DEPT_21,National,COMMODITY_200,SUB_200_5,
7199,122,DEPT_17,National,COMMODITY_203,SUB_203_6,
7200,237,DEPT_04,National,COMMODITY_040,SUB_040_7,
7201,112,DEPT_10,National,COMMODITY_281,SUB_281_0,
7202,266,DEPT_23,Private,COMMODITY_067,SUB_067_1,
7203,477,DEPT_03,Private,COMMODITY_001,SUB_001_2,
7204,445,DEPT_17,National,COMMODITY_071,SUB_071_3,
7205,444,DEPT_22,National,COMMODITY_121,SUB_121_4,
7206,496,DEPT_06,National,COMMODITY_111,SUB_111_5,
7207,151,DEPT_05,National,COMMODITY_235,SUB_235_6,
7208,252,DEPT_15,Private,COMMODITY_038,SUB_038_7,
7209,319,DEPT_02,National,COMMODITY_191,SUB_191_0,
7210,208,DEPT_05,National,COMMODITY_058,SUB_058_1,
7211,391,DEPT_24,National,COMMODITY_005,SUB_005_2,
7212,211,DEPT_05,National,COMMODITY_245,SUB_245_3,
7213,187,DEPT_12,Private,COMMODITY_286,SUB_286_4,
7214,352,DEPT_11,Private,COMMODITY_078,SUB_078_5,
7215,154,DEPT_08,National,COMMODITY_277,SUB_277_6,
7216,357,DEPT_22,National,COMMODITY_017,SUB_017_7,
7217,290,DEPT_19,National,COMMODITY_226,SUB_226_0,
7218,485,DEPT_11,National,COMMODITY_050,SUB_050_1,
7219,428,DEPT_19,National,COMMODITY_108,SUB_108_2,
7220,471,DEPT_05,National,COMMODITY_074,SUB_074_3,
7221,485,DEPT_00,National,COMMODITY_000,SUB_000_4,
7222,11,DEPT_08,National,COMMODITY_046,SUB_046_5,
7223,85,DEPT_13,National,COMMODITY_041,SUB_041_6,
7224,395,DEPT_06,Private,COMMODITY_099,SUB_099_7,
7225,281,DEPT_24,National,COMMODITY_005,SUB_005_0,
7226,454,DEPT_20,National,COMMODITY_088,SUB_088_1,
7227,92,DEPT_05,National,COMMODITY_023,SUB_023_2,
7228,34,DEPT_11,National,COMMODITY_234,SUB_234_3,
7229,311,DEPT_21,National,COMMODITY_273,SUB_273_4,
7230,487,DEPT_08,Private,COMMODITY_123,SUB_123_5,
7231,49,DEPT_14,National,COMMODITY_140,SUB_140_6,
7232,121,DEPT_12,National,COMMODITY_227,SUB_227_7,
7233,403,DEPT_04,National,COMMODITY_146,SUB_146_0,
7234,162,DEPT_24,National,COMMODITY_214,SUB_214_1,
7235,59,DEPT_12,Private,COMMODITY_258,SUB_258_2,
7236,19,DEPT_08,National,COMMODITY_100,SUB_100_3,
7237,265,DEPT_24,National,COMMODITY_131,SUB_131_4,
7238,462,DEPT_05,National,COMMODITY_074,SUB_074_5,
7239,337,DEPT_08,National,COMMODITY_100,SUB_100_6,
7240,20,DEPT_19,National,COMMODITY_289,SUB_289_7,
7241,160,DEPT_16,National,COMMODITY_263,SUB_263_0,
7242,165,DEPT_06,Private,COMMODITY_197,SUB_197_1,
7243,290,DEPT_02,Private,COMMODITY_151,SUB_151_2,
7244,355,DEPT_14,Private,COMMODITY_031,SUB_031_3,
7245,181,DEPT_12,Private,COMMODITY_299,SUB_299_4,
7246,487,DEPT_16,Private,COMMODITY_230,SUB_230_5,
7247,88,DEPT_18,Private,COMMODITY_174,SUB_174_6,
7248,443,DEPT_06,Private,COMMODITY_008,SUB_008_7,
7249,12,DEPT_08,National,COMMODITY_239,SUB_239_0,
7250,450,DEPT_15,National,COMMODITY_185,SUB_185_1,
7251,347,DEPT_07,National,COMMODITY_188,SUB_188_2,
7252,93,DEPT_17,Private,COMMODITY_261,SUB_261_3,
7253,469,DEPT_17,National,COMMODITY_019,SUB_019_4,
7254,303,DEPT_17,National,COMMODITY_015,SUB_015_5,
7255,6,DEPT_00,National,COMMODITY_220,SUB_220_6,
7256,67,DEPT_00,National,COMMODITY_167,SUB_167_7,
7257,97,DEPT_16,National,COMMODITY_243,SUB_243_0,
7258,159,DEPT_11,National,COMMODITY_018,SUB_018_1,
7259,156,DEPT_06,National,COMMODITY_219,SUB_219_2,
7260,109,DEPT_22,National,COMMODITY_247,SUB_247_3,
7261,284,DEPT_23,National,COMMODITY_173,SUB_173_4,
7262,425,DEPT_09,Private,COMMODITY_232,SUB_232_5,
7263,167,DEPT_08,National,COMMODITY_103,SUB_103_6,
7264,224,DEPT_22,Private,COMMODITY_044,SUB_044_7,
7265,460,DEPT_14,National,COMMODITY_290,SUB_290_0,
7266,367,DEPT_00,National,COMMODITY_098,SUB_098_1,
7267,15,DEPT_16,National,COMMODITY_280,SUB_280_2,
7268,263,DEPT_04,National,COMMODITY_081,SUB_081_3,
7269,108,DEPT_01,Private,COMMODITY_134,SUB_134_4,
7270,132,DEPT_01,National,COMMODITY_147,SUB_147_5,
7271,438,DEPT_05,Private,COMMODITY_222,SUB_222_6,
7272,306,DEPT_03,Private,COMMODITY_159,SUB_159_7,
7273,378,DEPT_17,National,COMMODITY_259,SUB_259_0,
7274,46,DEPT_16,National,COMMODITY_083,SUB_083_1,
7275,127,DEPT_09,National,COMMODITY_271,SUB_271_2,
7276,438,DEPT_23,National,COMMODITY_213,SUB_213_3,
7277,421,DEPT_00,National,COMMODITY_098,SUB_098_4,
7278,60,DEPT_05,Private,COMMODITY_058,SUB_058_5,
7279,304,DEPT_19,Private,COMMODITY_095,SUB_095_6,
7280,481,DEPT_17,Private,COMMODITY_015,SUB_015_7,
7281,358,DEPT_10,Private,COMMODITY_281,SUB_281_0,
7282,225,DEPT_20,National,COMMODITY_242,SUB_242_1,
7283,90,DEPT_19,National,COMMODITY_055,SUB_055_2,
7284,482,DEPT_12,National,COMMODITY_048,SUB_048_3,
7285,245,DEPT_08,Private,COMMODITY_239,SUB_239_4,
7286,149,DEPT_12,Private,COMMODITY_286,SUB_286_5,
7287,449,DEPT_24,National,COMMODITY_221,SUB_221_6,
7288,82,DEPT_17,Private,COMMODITY_203,SUB_203_7,
7289,124,DEPT_14,National,COMMODITY_140,SUB_140_0,
7290,87,DEPT_11,National,COMMODITY_105,SUB_105_1,
7291,497,DEPT_06,National,COMMODITY_091,SUB_091_2,
7292,335,DEPT_18,Private,COMMODITY_075,SUB_075_3,
7293,397,DEPT_11,Private,COMMODITY_272,SUB_272_4,
7294,188,DEPT_24,Private,COMMODITY_129,SUB_129_5,
7295,102,DEPT_12,Private,COMMODITY_257,SUB_257_6,
7296,252,DEPT_00,Private,COMMODITY_057,SUB_057_7,
7297,304,DEPT_16,National,COMMODITY_083,SUB_083_0,
7298,201,DEPT_23,Private,COMMODITY_094,SUB_094_1,
7299,100,DEPT_22,National,COMMODITY_017,SUB_017_2,
7300,365,DEPT_00,Private,COMMODITY_057,SUB_057_3,
7301,106,DEPT_05,Private,COMMODITY_248,SUB_248_4,
7302,126,DEPT_24,National,COMMODITY_005,SUB_005_5,
7303,82,DEPT_00,National,COMMODITY_021,SUB_021_6,
7304,361,DEPT_06,Private,COMMODITY_143,SUB_143_7,
7305,270,DEPT_13,National,COMMODITY_011,SUB_011_0,
7306,245,DEPT_22,Private,COMMODITY_223,SUB_223_1,
7307,292,DEPT_08,National,COMMODITY_237,SUB_237_2,
7308,379,DEPT_16,National,COMMODITY_243,SUB_243_3,
7309,119,DEPT_00,Private,COMMODITY_068,SUB_068_4,
7310,383,DEPT_19,National,COMMODITY_085,SUB_085_5,
7311,177,DEPT_20,Private,COMMODITY_069,SUB_069_6,
7312,109,DEPT_24,Private,COMMODITY_249,SUB_249_7,
7313,192,DEPT_03,Private,COMMODITY_296,SUB_296_0,
7314,289,DEPT_06,National,COMMODITY_217,SUB_217_1,
7315,29,DEPT_19,Private,COMMODITY_043,SUB_043_2,
7316,24,DEPT_19,National,COMMODITY_211,SUB_211_3,
7317,478,DEPT_23,National,COMMODITY_135,SUB_135_4,
7318,485,DEPT_15,National,COMMODITY_139,SUB_139_5,
7319,368,DEPT_05,Private,COMMODITY_222,SUB_222_6,
7320,290,DEPT_06,Private,COMMODITY_158,SUB_158_7,
7321,37,DEPT_08,Private,COMMODITY_100,SUB_100_0,
7322,150,DEPT_15,National,COMMODITY_038,SUB_038_1,
7323,348,DEPT_05,Private,COMMODITY_224,SUB_224_2,
7324,440,DEPT_12,Private,COMMODITY_257,SUB_257_3,
7325,312,DEPT_13,National,COMMODITY_028,SUB_028_4,
7326,329,DEPT_13,Private,COMMODITY_196,SUB_196_5,
7327,229,DEPT_19,National,COMMODITY_108,SUB_108_6,
7328,27,DEPT_15,National,COMMODITY_110,SUB_110_7,
7329,479,DEPT_09,National,COMMODITY_084,SUB_084_0,
7330,458,DEPT_18,National,COMMODITY_119,SUB_119_1,
7331,17,DEPT_23,Private,COMMODITY_250,SUB_250_2,
7332,92,DEPT_22,National,COMMODITY_127,SUB_127_3,
7333,153,DEPT_05,National,COMMODITY_180,SUB_180_4,
7334,300,DEPT_23,Private,COMMODITY_125,SUB_125_5,
7335,122,DEPT_24,National,COMMODITY_129,SUB_129_6,
7336,225,DEPT_17,Private,COMMODITY_051,SUB_051_7,
7337,396,DEPT_09,National,COMMODITY_232,SUB_232_0,
7338,89,DEPT_00,National,COMMODITY_068,SUB_068_1,
7339,201,DEPT_04,Private,COMMODITY_244,SUB_244_2,
7340,83,DEPT_11,National,COMMODITY_049,SUB_049_3,
7341,360,DEPT_05,Private,COMMODITY_222,SUB_222_4,
7342,33,DEPT_17,Private,COMMODITY_216,SUB_216_5,
7343,259,DEPT_20,National,COMMODITY_182,SUB_182_6,
7344,97,DEPT_23,National,COMMODITY_013,SUB_013_7,
7345,87,DEPT_04,National,COMMODITY_166,SUB_166_0,
7346,426,DEPT_24,Private,COMMODITY_129,SUB_129_1,
7347,437,DEPT_06,National,COMMODITY_265,SUB_265_2,
7348,322,DEPT_17,Private,COMMODITY_012,SUB_012_3,
7349,366,DEPT_06,Private,COMMODITY_219,SUB_219_4,
7350,398,DEPT_19,Private,COMMODITY_043,SUB_043_5,
7351,192,DEPT_11,Private,COMMODITY_183,SUB_183_6,
7352,366,DEPT_22,Private,COMMODITY_121,SUB_121_7,
7353,264,DEPT_13,Private,COMMODITY_215,SUB_215_0,
7354,488,DEPT_17,National,COMMODITY_071,SUB_071_1,
7355,216,DEPT_19,National,COMMODITY_289,SUB_289_2,
7356,321,DEPT_09,Private,COMMODITY_056,SUB_056_3,
7357,447,DEPT_05,Private,COMMODITY_207,SUB_207_4,
7358,448,DEPT_07,National,COMMODITY_136,SUB_136_5,
7359,450,DEPT_06,National,COMMODITY_111,SUB_111_6,
7360,198,DEPT_24,Private,COMMODITY_107,SUB_107_7,
7361,79,DEPT_21,National,COMMODITY_228,SUB_228_0,
7362,475,DEPT_05,Private,COMMODITY_058,SUB_058_1,
7363,291,DEPT_13,National,COMMODITY_298,SUB_298_2,
7364,401,DEPT_16,National,COMMODITY_083,SUB_083_3,
7365,231,DEPT_05,National,COMMODITY_180,SUB_180_4,
7366,241,DEPT_02,National,COMMODITY_042,SUB_042_5,
7367,24,DEPT_17,Private,COMMODITY_020,SUB_020_6,
7368,287,DEPT_17,Private,COMMODITY_178,SUB_178_7,
7369,61,DEPT_22,Private,COMMODITY_142,SUB_142_0,
7370,188,DEPT_24,Private,COMMODITY_131,SUB_131_1,
7371,200,DEPT_00,National,COMMODITY_076,SUB_076_2,
7372,452,DEPT_03,National,COMMODITY_161,SUB_161_3,
7373,14,DEPT_05,National,COMMODITY_222,SUB_222_4,
7374,44,DEPT_02,Private,COMMODITY_171,SUB_171_5,
7375,467,DEPT_21,National,COMMODITY_200,SUB_200_6,
7376,139,DEPT_06,Private,COMMODITY_260,SUB_260_7,
7377,379,DEPT_11,National,COMMODITY_026,SUB_026_0,
7378,481,DEPT_21,National,COMMODITY_104,SUB_104_1,
7379,288,DEPT_01,National,COMMODITY_251,SUB_251_2,
7380,476,DEPT_00,National,COMMODITY_167,SUB_167_3,
7381,121,DEPT_21,Private,COMMODITY_212,SUB_212_4,
7382,302,DEPT_19,National,COMMODITY_089,SUB_089_5,
7383,326,DEPT_05,National,COMMODITY_207,SUB_207_6,
7384,378,DEPT_24,Private,COMMODITY_087,SUB_087_7,
7385,434,DEPT_11,National,COMMODITY_032,SUB_032_0,
7386,125,DEPT_19,Private,COMMODITY_120,SUB_120_1,
7387,23,DEPT_07,National,COMMODITY_284,SUB_284_2,
7388,263,DEPT_11,Private,COMMODITY_105,SUB_105_3,
7389,41,DEPT_15,National,COMMODITY_038,SUB_038_4,
7390,206,DEPT_14,Private,COMMODITY_206,SUB_206_5,
7391,457,DEPT_02,National,COMMODITY_124,SUB_124_6,
7392,387,DEPT_10,Private,COMMODITY_126,SUB_126_7,
7393,306,DEPT_24,Private,COMMODITY_236,SUB_236_0,
7394,114,DEPT_17,Private,COMMODITY_015,SUB_015_1,
7395,307,DEPT_20,National,COMMODITY_264,SUB_264_2,
7396,283,DEPT_00,National,COMMODITY_000,SUB_000_3,
7397,2,DEPT_19,National,COMMODITY_226,SUB_226_4,
7398,292,DEPT_22,Private,COMMODITY_127,SUB_127_5,
7399,323,DEPT_02,National,COMMODITY_171,SUB_171_6,
7400,315,DEPT_13,National,COMMODITY_122,SUB_122_7,
7401,41,DEPT_15,National,COMMODITY_185,SUB_185_0,
7402,492,DEPT_17,National,COMMODITY_178,SUB_178_1,
7403,31,DEPT_17,National,COMMODITY_020,SUB_020_2,
7404,413,DEPT_22,National,COMMODITY_102,SUB_102_3,
7405,107,DEPT_08,Private,COMMODITY_237,SUB_237_4,
7406,450,DEPT_17,National,COMMODITY_261,SUB_261_5,
7407,254,DEPT_19,Private,COMMODITY_289,SUB_289_6,
7408,141,DEPT_11,National,COMMODITY_183,SUB_183_7,
7409,383,DEPT_20,National,COMMODITY_264,SUB_264_0,
7410,84,DEPT_02,Private,COMMODITY_218,SUB_218_1,
7411,417,DEPT_12,National,COMMODITY_286,SUB_286_2,
7412,342,DEPT_21,National,COMMODITY_045,SUB_045_3,
7413,133,DEPT_23,National,COMMODITY_175,SUB_175_4,
7414,436,DEPT_17,Private,COMMODITY_071,SUB_071_5,
7415,470,DEPT_24,National,COMMODITY_236,SUB_236_6,
7416,27,DEPT_22,National,COMMODITY_121,SUB_121_7,
7417,125,DEPT_23,National,COMMODITY_125,SUB_125_0,
7418,413,DEPT_11,National,COMMODITY_183,SUB_183_1,
7419,127,DEPT_04,National,COMMODITY_081,SUB_081_2,
7420,194,DEPT_08,National,COMMODITY_053,SUB_053_3,
7421,159,DEPT_03,Private,COMMODITY_001,SUB_001_4,
7422,15,DEPT_11,National,COMMODITY_234,SUB_234_5,
7423,277,DEPT_21,Private,COMMODITY_212,SUB_212_6,
7424,64,DEPT_13,Private,COMMODITY_097,SUB_097_7,
7425,436,DEPT_08,National,COMMODITY_101,SUB_101_0,
7426,236,DEPT_13,National,COMMODITY_225,SUB_225_1,
7427,254,DEPT_05,Private,COMMODITY_235,SUB_235_2,
7428,223,DEPT_05,National,COMMODITY_199,SUB_199_3,
7429,6,DEPT_16,Private,COMMODITY_263,SUB_263_4,
7430,202,DEPT_11,National,COMMODITY_026,SUB_026_5,
7431,255,DEPT_20,National,COMMODITY_027,SUB_027_6,
7432,79,DEPT_14,National,COMMODITY_202,SUB_202_7,
7433,222,DEPT_00,Private,COMMODITY_062,SUB_062_0,
7434,49,DEPT_08,Private,COMMODITY_239,SUB_239_1,
7435,101,DEPT_00,National,COMMODITY_000,SUB_000_2,
7436,301,DEPT_12,National,COMMODITY_299,SUB_299_3,
7437,374,DEPT_17,Private,COMMODITY_077,SUB_077_4,
7438,246,DEPT_08,National,COMMODITY_101,SUB_101_5,
7439,75,DEPT_00,National,COMMODITY_114,SUB_114_6,
7440,22,DEPT_23,National,COMMODITY_010,SUB_010_7,
7441,389,DEPT_02,National,COMMODITY_171,SUB_171_0,
7442,373,DEPT_24,National,COMMODITY_107,SUB_107_1,
7443,4,DEPT_20,National,COMMODITY_242,SUB_242_2,
7444,114,DEPT_23,National,COMMODITY_175,SUB_175_3,
7445,195,DEPT_21,National,COMMODITY_204,SUB_204_4,
7446,106,DEPT_23,Private,COMMODITY_162,SUB_162_5,
7447,338,DEPT_23,Private,COMMODITY_094,SUB_094_6,
7448,333,DEPT_15,National,COMMODITY_009,SUB_009_7,
7449,58,DEPT_03,National,COMMODITY_296,SUB_296_0,
7450,96,DEPT_15,National,COMMODITY_009,SUB_009_1,
7451,471,DEPT_06,National,COMMODITY_008,SUB_008_2,
7452,359,DEPT_24,National,COMMODITY_131,SUB_131_3,
7453,419,DEPT_08,National,COMMODITY_037,SUB_037_4,
7454,379,DEPT_16,National,COMMODITY_263,SUB_263_5,
7455,126,DEPT_13,National,COMMODITY_011,SUB_011_6,
7456,166,DEPT_00,National,COMMODITY_021,SUB_021_7,
7457,335,DEPT_00,Private,COMMODITY_220,SUB_220_0,
7458,150,DEPT_05,National,COMMODITY_248,SUB_248_1,
7459,289,DEPT_23,Private,COMMODITY_125,SUB_125_2,
7460,126,DEPT_19,Private,COMMODITY_160,SUB_160_3,
7461,446,DEPT_21,National,COMMODITY_132,SUB_132_4,
7462,398,DEPT_20,Private,COMMODITY_264,SUB_264_5,
7463,119,DEPT_05,National,COMMODITY_245,SUB_245_6,
7464,88,DEPT_06,National,COMMODITY_106,SUB_106_7,
7465,456,DEPT_14,Private,COMMODITY_202,SUB_202_0,
7466,436,DEPT_04,Private,COMMODITY_244,SUB_244_1,
7467,128,DEPT_17,National,COMMODITY_178,SUB_178_2,
7468,184,DEPT_00,National,COMMODITY_167,SUB_167_3,
7469,148,DEPT_23,National,COMMODITY_173,SUB_173_4,
7470,34,DEPT_08,Private,COMMODITY_046,SUB_046_5,
7471,38,DEPT_19,National,COMMODITY_095,SUB_095_6,
7472,490,DEPT_13,National,COMMODITY_060,SUB_060_7,
7473,338,DEPT_21,National,COMMODITY_212,SUB_212_0,
7474,224,DEPT_08,National,COMMODITY_291,SUB_291_1,
7475,291,DEPT_08,National,COMMODITY_101,SUB_101_2,
7476,68,DEPT_06,National,COMMODITY_091,SUB_091_3,
7477,103,DEPT_06,National,COMMODITY_099,SUB_099_4,
7478,441,DEPT_23,National,COMMODITY_013,SUB_013_5,
7479,365,DEPT_18,National,COMMODITY_004,SUB_004_6,
7480,390,DEPT_21,Private,COMMODITY_132,SUB_132_7,
7481,283,DEPT_01,National,COMMODITY_147,SUB_147_0,
7482,266,DEPT_18,National,COMMODITY_174,SUB_174_1,
7483,438,DEPT_16,Private,COMMODITY_263,SUB_263_2,
7484,358,DEPT_05,National,COMMODITY_207,SUB_207_3,
7485,139,DEPT_22,National,COMMODITY_223,SUB_223_4,
7486,69,DEPT_00,National,COMMODITY_000,SUB_000_5,
7487,267,DEPT_00,National,COMMODITY_267,SUB_267_6,
7488,286,DEPT_09,National,COMMODITY_056,SUB_056_7,
7489,157,DEPT_19,National,COMMODITY_287,SUB_287_0,
7490,45,DEPT_03,National,COMMODITY_001,SUB_001_1,
7491,213,DEPT_19,National,COMMODITY_190,SUB_190_2,
7492,164,DEPT_00,National,COMMODITY_062,SUB_062_3,
7493,36,DEPT_17,National,COMMODITY_203,SUB_203_4,
7494,181,DEPT_02,National,COMMODITY_191,SUB_191_5,
7495,72,DEPT_13,Private,COMMODITY_225,SUB_225_6,
7496,245,DEPT_06,National,COMMODITY_091,SUB_091_7,
7497,352,DEPT_17,National,COMMODITY_216,SUB_216_0,
7498,161,DEPT_05,National,COMMODITY_058,SUB_058_1,
7499,228,DEPT_24,Private,COMMODITY_129,SUB_129_2,
7500,216,DEPT_21,National,COMMODITY_228,SUB_228_3,
7501,118,DEPT_01,National,COMMODITY_134,SUB_134_4,
7502,177,DEPT_19,National,COMMODITY_160,SUB_160_5,
7503,55,DEPT_01,National,COMMODITY_181,SUB_181_6,
7504,15,DEPT_02,National,COMMODITY_191,SUB_191_7,
7505,435,DEPT_22,National,COMMODITY_003,SUB_003_0,
7506,437,DEPT_01,Private,COMMODITY_241,SUB_241_1,
7507,421,DEPT_12,Private,COMMODITY_257,SUB_257_2,
7508,199,DEPT_17,Private,COMMODITY_071,SUB_071_3,
7509,13,DEPT_05,National,COMMODITY_222,SUB_222_4,
7510,23,DEPT_22,National,COMMODITY_017,SUB_017_5,
7511,126,DEPT_08,Private,COMMODITY_103,SUB_103_6,
7512,498,DEPT_05,National,COMMODITY_199,SUB_199_7,
7513,460,DEPT_23,National,COMMODITY_152,SUB_152_0,
7514,61,DEPT_21,National,COMMODITY_238,SUB_238_1,
7515,200,DEPT_11,Private,COMMODITY_105,SUB_105_2,
7516,378,DEPT_01,National,COMMODITY_155,SUB_155_3,
7517,382,DEPT_05,National,COMMODITY_207,SUB_207_4,
7518,440,DEPT_20,National,COMMODITY_242,SUB_242_5,
7519,369,DEPT_09,National,COMMODITY_232,SUB_232_6,
7520,181,DEPT_19,National,COMMODITY_108,SUB_108_7,
7521,153,DEPT_23,National,COMMODITY_067,SUB_067_0,
7522,409,DEPT_24,Private,COMMODITY_214,SUB_214_1,
7523,496,DEPT_15,National,COMMODITY_025,SUB_025_2,
7524,473,DEPT_06,National,COMMODITY_158,SUB_158_3,
7525,54,DEPT_01,National,COMMODITY_117,SUB_117_4,
7526,79,DEPT_00,Private,COMMODITY_098,SUB_098_5,
7527,13,DEPT_16,National,COMMODITY_065,SUB_065_6,
7528,364,DEPT_24,Private,COMMODITY_201,SUB_201_7,
7529,111,DEPT_02,National,COMMODITY_124,SUB_124_0,
7530,276,DEPT_15,Private,COMMODITY_036,SUB_036_1,
7531,419,DEPT_05,National,COMMODITY_180,SUB_180_2,
7532,332,DEPT_23,National,COMMODITY_149,SUB_149_3,
7533,189,DEPT_11,National,COMMODITY_049,SUB_049_4,
7534,253,DEPT_10,National,COMMODITY_208,SUB_208_5,
7535,478,DEPT_18,Private,COMMODITY_075,SUB_075_6,
7536,109,DEPT_24,National,COMMODITY_214,SUB_214_7,
7537,179,DEPT_00,National,COMMODITY_052,SUB_052_0,
7538,10,DEPT_15,National,COMMODITY_036,SUB_036_1,
7539,172,DEPT_24,National,COMMODITY_016,SUB_016_2,
7540,372,DEPT_22,National,COMMODITY_223,SUB_223_3,
7541,274,DEPT_13,National,COMMODITY_041,SUB_041_4,
7542,410,DEPT_11,National,COMMODITY_032,SUB_032_5,
7543,155,DEPT_17,National,COMMODITY_178,SUB_178_6,
7544,410,DEPT_08,National,COMMODITY_239,SUB_239_7,
7545,445,DEPT_01,National,COMMODITY_147,SUB_147_0,
7546,451,DEPT_14,National,COMMODITY_198,SUB_198_1,
7547,318,DEPT_23,Private,COMMODITY_149,SUB_149_2,
7548,464,DEPT_17,National,COMMODITY_071,SUB_071_3,
7549,494,DEPT_20,National,COMMODITY_269,SUB_269_4,
7550,177,DEPT_24,National,COMMODITY_170,SUB_170_5,
7551,377,DEPT_17,Private,COMMODITY_012,SUB_012_6,
7552,414,DEPT_17,National,COMMODITY_275,SUB_275_7,
7553,241,DEPT_04,National,COMMODITY_080,SUB_080_0,
7554,469,DEPT_23,Private,COMMODITY_014,SUB_014_1,
7555,416,DEPT_06,National,COMMODITY_091,SUB_091_2,
7556,75,DEPT_23,Private,COMMODITY_213,SUB_213_3,
7557,439,DEPT_13,National,COMMODITY_122,SUB_122_4,
7558,236,DEPT_17,National,COMMODITY_203,SUB_203_5,
7559,205,DEPT_13,National,COMMODITY_035,SUB_035_6,
7560,227,DEPT_19,Private,COMMODITY_187,SUB_187_7,
7561,21,DEPT_11,National,COMMODITY_272,SUB_272_0,
7562,434,DEPT_07,National,COMMODITY_188,SUB_188_1,
7563,243,DEPT_17,National,COMMODITY_051,SUB_051_2,
7564,179,DEPT_23,National,COMMODITY_094,SUB_094_3,
7565,342,DEPT_23,Private,COMMODITY_250,SUB_250_4,
7566,89,DEPT_22,National,COMMODITY_006,SUB_006_5,
7567,202,DEPT_15,National,COMMODITY_086,SUB_086_6,
7568,78,DEPT_20,National,COMMODITY_115,SUB_115_7,
7569,336,DEPT_22,National,COMMODITY_003,SUB_003_0,
7570,467,DEPT_12,National,COMMODITY_258,SUB_258_1,
7571,140,DEPT_08,Private,COMMODITY_093,SUB_093_2,
7572,290,DEPT_11,National,COMMODITY_156,SUB_156_3,
7573,302,DEPT_11,National,COMMODITY_049,SUB_049_4,
7574,7,DEPT_04,National,COMMODITY_081,SUB_081_5,
7575,126,DEPT_23,Private,COMMODITY_173,SUB_173_6,
7576,264,DEPT_20,National,COMMODITY_069,SUB_069_7,
7577,426,DEPT_17,Private,COMMODITY_282,SUB_282_0,
7578,392,DEPT_11,National,COMMODITY_156,SUB_156_1,
7579,151,DEPT_19,National,COMMODITY_160,SUB_160_2,
7580,336,DEPT_04,National,COMMODITY_244,SUB_244_3,
7581,108,DEPT_15,Private,COMMODITY_139,SUB_139_4,
7582,232,DEPT_17,National,COMMODITY_012,SUB_012_5,
7583,490,DEPT_14,National,COMMODITY_209,SUB_209_6,
7584,313,DEPT_15,Private,COMMODITY_025,SUB_025_7,
7585,36,DEPT_17,National,COMMODITY_071,SUB_071_0,
7586,291,DEPT_02,Private,COMMODITY_144,SUB_144_1,
7587,154,DEPT_17,National,COMMODITY_051,SUB_051_2,
7588,50,DEPT_09,National,COMMODITY_232,SUB_232_3,
7589,317,DEPT_18,Private,COMMODITY_174,SUB_174_4,
7590,470,DEPT_24,Private,COMMODITY_201,SUB_201_5,
7591,433,DEPT_24,Private,COMMODITY_129,SUB_129_6,
7592,65,DEPT_21,National,COMMODITY_192,SUB_192_7,
7593,378,DEPT_00,Private,COMMODITY_000,SUB_000_0,
7594,142,DEPT_08,National,COMMODITY_239,SUB_239_1,
7595,393,DEPT_08,National,COMMODITY_070,SUB_070_2,
7596,68,DEPT_01,National,COMMODITY_063,SUB_063_3,
7597,483,DEPT_21,Private,COMMODITY_104,SUB_104_4,
7598,260,DEPT_02,Private,COMMODITY_165,SUB_165_5,
7599,360,DEPT_13,National,COMMODITY_298,SUB_298_6,
7600,356,DEPT_23,National,COMMODITY_125,SUB_125_7,
7601,4,DEPT_17,National,COMMODITY_077,SUB_077_0,
7602,117,DEPT_16,National,COMMODITY_243,SUB_243_1,
7603,210,DEPT_11,National,COMMODITY_272,SUB_272_2,
7604,45,DEPT_14,National,COMMODITY_290,SUB_290_3,
7605,449,DEPT_19,National,COMMODITY_055,SUB_055_4,
7606,333,DEPT_22,Private,COMMODITY_247,SUB_247_5,
7607,151,DEPT_09,National,COMMODITY_232,SUB_232_6,
7608,148,DEPT_02,National,COMMODITY_169,SUB_169_7,
7609,406,DEPT_14,National,COMMODITY_140,SUB_140_0,
7610,100,DEPT_17,National,COMMODITY_275,SUB_275_1,
7611,498,DEPT_21,National,COMMODITY_104,SUB_104_2,
7612,130,DEPT_02,National,COMMODITY_033,SUB_033_3,
7613,123,DEPT_00,National,COMMODITY_068,SUB_068_4,
7614,261,DEPT_23,Private,COMMODITY_173,SUB_173_5,
7615,452,DEPT_03,Private,COMMODITY_001,SUB_001_6,
7616,326,DEPT_00,National,COMMODITY_267,SUB_267_7,
7617,317,DEPT_17,National,COMMODITY_274,SUB_274_0,
7618,117,DEPT_14,National,COMMODITY_194,SUB_194_1,
7619,272,DEPT_05,National,COMMODITY_064,SUB_064_2,
7620,273,DEPT_16,National,COMMODITY_179,SUB_179_3,
7621,305,DEPT_08,Private,COMMODITY_053,SUB_053_4,
7622,205,DEPT_23,Private,COMMODITY_152,SUB_152_5,
7623,388,DEPT_08,National,COMMODITY_046,SUB_046_6,
7624,1,DEPT_11,Private,COMMODITY_026,SUB_026_7,
7625,147,DEPT_00,National,COMMODITY_267,SUB_267_0,
7626,433,DEPT_15,National,COMMODITY_038,SUB_038_1,
7627,226,DEPT_08,National,COMMODITY_123,SUB_123_2,
7628,243,DEPT_13,National,COMMODITY_225,SUB_225_3,
7629,137,DEPT_08,National,COMMODITY_093,SUB_093_4,
7630,310,DEPT_21,Private,COMMODITY_072,SUB_072_5,
7631,354,DEPT_13,National,COMMODITY_240,SUB_240_6,
7632,256,DEPT_08,Private,COMMODITY_239,SUB_239_7,
7633,100,DEPT_23,National,COMMODITY_002,SUB_002_0,
7634,370,DEPT_13,National,COMMODITY_028,SUB_028_1,
7635,136,DEPT_19,Private,COMMODITY_187,SUB_187_2,
7636,354,DEPT_11,National,COMMODITY_231,SUB_231_3,
7637,304,DEPT_20,Private,COMMODITY_195,SUB_195_4,
7638,12,DEPT_07,National,COMMODITY_133,SUB_133_5,
7639,32,DEPT_08,National,COMMODITY_123,SUB_123_6,
7640,390,DEPT_01,National,COMMODITY_241,SUB_241_7,
7641,428,DEPT_11,Private,COMMODITY_032,SUB_032_0,
7642,73,DEPT_18,Private,COMMODITY_004,SUB_004_1,
7643,313,DEPT_13,National,COMMODITY_240,SUB_240_2,
7644,256,DEPT_13,Private,COMMODITY_225,SUB_225_3,
7645,239,DEPT_15,National,COMMODITY_110,SUB_110_4,
7646,386,DEPT_08,Private,COMMODITY_123,SUB_123_5,
7647,462,DEPT_12,National,COMMODITY_295,SUB_295_6,
7648,359,DEPT_14,Private,COMMODITY_290,SUB_290_7,
7649,237,DEPT_02,Private,COMMODITY_165,SUB_165_0,
7650,76,DEPT_18,Private,COMMODITY_075,SUB_075_1,
7651,232,DEPT_19,National,COMMODITY_190,SUB_190_2,
7652,154,DEPT_22,National,COMMODITY_121,SUB_121_3,
7653,335,DEPT_15,National,COMMODITY_283,SUB_283_4,
7654,236,DEPT_05,Private,COMMODITY_199,SUB_199_5,
7655,494,DEPT_06,Private,COMMODITY_091,SUB_091_6,
7656,364,DEPT_19,Private,COMMODITY_211,SUB_211_7,
7657,489,DEPT_20,National,COMMODITY_242,SUB_242_0,
7658,63,DEPT_14,National,COMMODITY_206,SUB_206_1,
7659,357,DEPT_20,National,COMMODITY_088,SUB_088_2,
7660,204,DEPT_24,National,COMMODITY_249,SUB_249_3,
7661,263,DEPT_11,National,COMMODITY_049,SUB_049_4,
7662,230,DEPT_10,National,COMMODITY_281,SUB_281_5,
7663,222,DEPT_23,National,COMMODITY_175,SUB_175_6,
7664,80,DEPT_17,National,COMMODITY_216,SUB_216_7,
7665,118,DEPT_23,Private,COMMODITY_135,SUB_135_0,
7666,326,DEPT_14,National,COMMODITY_154,SUB_154_1,
7667,221,DEPT_17,National,COMMODITY_275,SUB_275_2,
7668,154,DEPT_22,National,COMMODITY_223,SUB_223_3,
7669,132,DEPT_24,National,COMMODITY_168,SUB_168_4,
7670,446,DEPT_13,Private,COMMODITY_294,SUB_294_5,
7671,41,DEPT_21,National,COMMODITY_212,SUB_212_6,
7672,410,DEPT_03,National,COMMODITY_001,SUB_001_7,
7673,219,DEPT_22,Private,COMMODITY_006,SUB_006_0,
7674,163,DEPT_04,National,COMMODITY_229,SUB_229_1,
7675,12,DEPT_13,Private,COMMODITY_061,SUB_061_2,
7676,22,DEPT_24,National,COMMODITY_129,SUB_129_3,
7677,238,DEPT_11,Private,COMMODITY_018,SUB_018_4,
7678,51,DEPT_04,Private,COMMODITY_205,SUB_205_5,
7679,419,DEPT_07,Private,COMMODITY_136,SUB_136_6,
7680,430,DEPT_05,National,COMMODITY_064,SUB_064_7,
7681,450,DEPT_21,National,COMMODITY_072,SUB_072_0,
7682,335,DEPT_00,Private,COMMODITY_068,SUB_068_1,
7683,152,DEPT_01,Private,COMMODITY_181,SUB_181_2,
7684,357,DEPT_11,National,COMMODITY_231,SUB_231_3,
7685,103,DEPT_11,Private,COMMODITY_018,SUB_018_4,
7686,71,DEPT_21,Private,COMMODITY_228,SUB_228_5,
7687,377,DEPT_04,National,COMMODITY_166,SUB_166_6,
7688,481,DEPT_05,National,COMMODITY_199,SUB_199_7,
7689,453,DEPT_17,National,COMMODITY_020,SUB_020_0,
7690,171,DEPT_23,National,COMMODITY_013,SUB_013_1,
7691,420,DEPT_23,National,COMMODITY_125,SUB_125_2,
7692,279,DEPT_24,National,COMMODITY_131,SUB_131_3,
7693,356,DEPT_17,Private,COMMODITY_012,SUB_012_4,
7694,352,DEPT_11,National,COMMODITY_078,SUB_078_5,
7695,419,DEPT_07,Private,COMMODITY_255,SUB_255_6,
7696,333,DEPT_11,National,COMMODITY_018,SUB_018_7,
7697,116,DEPT_19,Private,COMMODITY_211,SUB_211_0,
7698,54,DEPT_13,Private,COMMODITY_060,SUB_060_1,
7699,344,DEPT_07,National,COMMODITY_188,SUB_188_2,
7700,205,DEPT_19,National,COMMODITY_190,SUB_190_3,
7701,336,DEPT_20,National,COMMODITY_195,SUB_195_4,
7702,281,DEPT_23,National,COMMODITY_094,SUB_094_5,
7703,216,DEPT_13,Private,COMMODITY_193,SUB_193_6,
7704,38,DEPT_21,National,COMMODITY_256,SUB_256_7,
7705,229,DEPT_03,Private,COMMODITY_090,SUB_090_0,
7706,301,DEPT_24,National,COMMODITY_214,SUB_214_1,
7707,214,DEPT_13,Private,COMMODITY_196,SUB_196_2,
7708,123,DEPT_20,National,COMMODITY_069,SUB_069_3,
7709,212,DEPT_07,National,COMMODITY_066,SUB_066_4,
7710,229,DEPT_17,National,COMMODITY_261,SUB_261_5,
7711,130,DEPT_06,Private,COMMODITY_219,SUB_219_6,
7712,300,DEPT_22,Private,COMMODITY_017,SUB_017_7,
7713,492,DEPT_23,Private,COMMODITY_094,SUB_094_0,
7714,415,DEPT_09,National,COMMODITY_109,SUB_109_1,
7715,154,DEPT_13,Private,COMMODITY_164,SUB_164_2,
7716,131,DEPT_02,National,COMMODITY_169,SUB_169_3,
7717,187,DEPT_06,National,COMMODITY_008,SUB_008_4,
7718,2,DEPT_12,National,COMMODITY_172,SUB_172_5,
7719,158,DEPT_05,Private,COMMODITY_207,SUB_207_6,
7720,363,DEPT_20,National,COMMODITY_027,SUB_027_7,
7721,230,DEPT_22,National,COMMODITY_121,SUB_121_0,
7722,153,DEPT_17,National,COMMODITY_216,SUB_216_1,
7723,64,DEPT_13,Private,COMMODITY_196,SUB_196_2,
7724,274,DEPT_07,National,COMMODITY_284,SUB_284_3,
7725,328,DEPT_02,National,COMMODITY_169,SUB_169_4,
7726,270,DEPT_17,National,COMMODITY_216,SUB_216_5,
7727,442,DEPT_24,Private,COMMODITY_214,SUB_214_6,
7728,308,DEPT_16,National,COMMODITY_179,SUB_179_7,
7729,245,DEPT_11,National,COMMODITY_231,SUB_231_0,
7730,264,DEPT_16,National,COMMODITY_083,SUB_083_1,
7731,245,DEPT_21,National,COMMODITY_200,SUB_200_2,
7732,497,DEPT_06,National,COMMODITY_106,SUB_106_3,
7733,224,DEPT_00,National,COMMODITY_047,SUB_047_4,
7734,441,DEPT_06,National,COMMODITY_008,SUB_008_5,
7735,488,DEPT_07,National,COMMODITY_133,SUB_133_6,
7736,478,DEPT_04,Private,COMMODITY_081,SUB_081_7,
7737,440,DEPT_19,National,COMMODITY_187,SUB_187_0,
7738,91,DEPT_02,National,COMMODITY_176,SUB_176_1,
7739,297,DEPT_22,National,COMMODITY_121,SUB_121_2,
7740,180,DEPT_01,National,COMMODITY_155,SUB_155_3,
7741,66,DEPT_19,National,COMMODITY_089,SUB_089_4,
7742,436,DEPT_15,National,COMMODITY_036,SUB_036_5,
7743,413,DEPT_00,National,COMMODITY_057,SUB_057_6,
7744,410,DEPT_08,National,COMMODITY_103,SUB_103_7,
7745,414,DEPT_23,National,COMMODITY_213,SUB_213_0,
7746,19,DEPT_02,National,COMMODITY_165,SUB_165_1,
7747,415,DEPT_11,National,COMMODITY_183,SUB_183_2,
7748,291,DEPT_18,National,COMMODITY_157,SUB_157_3,
7749,345,DEPT_08,Private,COMMODITY_101,SUB_101_4,
7750,486,DEPT_13,National,COMMODITY_041,SUB_041_5,
7751,453,DEPT_11,Private,COMMODITY_049,SUB_049_6,
7752,283,DEPT_24,National,COMMODITY_249,SUB_249_7,
7753,424,DEPT_08,National,COMMODITY_053,SUB_053_0,
7754,94,DEPT_12,Private,COMMODITY_257,SUB_257_1,
7755,282,DEPT_21,National,COMMODITY_045,SUB_045_2,
7756,374,DEPT_12,National,COMMODITY_257,SUB_257_3,
7757,198,DEPT_08,National,COMMODITY_046,SUB_046_4,
7758,156,DEPT_02,National,COMMODITY_191,SUB_191_5,
7759,237,DEPT_05,National,COMMODITY_074,SUB_074_6,
7760,293,DEPT_21,National,COMMODITY_228,SUB_228_7,
7761,10,DEPT_07,National,COMMODITY_279,SUB_279_0,
7762,338,DEPT_08,National,COMMODITY_237,SUB_237_1,
7763,140,DEPT_08,National,COMMODITY_101,SUB_101_2,
7764,357,DEPT_23,Private,COMMODITY_149,SUB_149_3,
7765,276,DEPT_08,Private,COMMODITY_239,SUB_239_4,
7766,52,DEPT_11,National,COMMODITY_049,SUB_049_5,
7767,227,DEPT_23,National,COMMODITY_094,SUB_094_6,
7768,195,DEPT_01,National,COMMODITY_117,SUB_117_7,
7769,198,DEPT_20,National,COMMODITY_264,SUB_264_0,
7770,96,DEPT_21,National,COMMODITY_204,SUB_204_1,
7771,30,DEPT_10,National,COMMODITY_126,SUB_126_2,
7772,61,DEPT_05,National,COMMODITY_222,SUB_222_3,
7773,43,DEPT_21,National,COMMODITY_132,SUB_132_4,
7774,183,DEPT_02,National,COMMODITY_033,SUB_033_5,
7775,76,DEPT_21,Private,COMMODITY_104,SUB_104_6,
7776,411,DEPT_08,National,COMMODITY_034,SUB_034_7,
7777,64,DEPT_11,National,COMMODITY_234,SUB_234_0,
7778,58,DEPT_08,National,COMMODITY_100,SUB_100_1,
7779,167,DEPT_09,National,COMMODITY_246,SUB_246_2,
7780,240,DEPT_13,National,COMMODITY_294,SUB_294_3,
7781,76,DEPT_00,National,COMMODITY_114,SUB_114_4,
7782,88,DEPT_02,National,COMMODITY_042,SUB_042_5,
7783,103,DEPT_05,National,COMMODITY_222,SUB_222_6,
7784,149,DEPT_23,National,COMMODITY_013,SUB_013_7,
7785,486,DEPT_24,National,COMMODITY_087,SUB_087_0,
7786,180,DEPT_13,National,COMMODITY_060,SUB_060_1,
7787,155,DEPT_24,National,COMMODITY_129,SUB_129_2,
7788,191,DEPT_22,National,COMMODITY_223,SUB_223_3,
7789,245,DEPT_21,National,COMMODITY_132,SUB_132_4,
7790,148,DEPT_17,National,COMMODITY_282,SUB_282_5,
7791,372,DEPT_15,National,COMMODITY_283,SUB_283_6,
7792,54,DEPT_23,National,COMMODITY_010,SUB_010_7,
7793,182,DEPT_19,National,COMMODITY_287,SUB_287_0,
7794,212,DEPT_00,National,COMMODITY_022,SUB_022_1,
7795,293,DEPT_02,National,COMMODITY_042,SUB_042_2,
7796,333,DEPT_19,Private,COMMODITY_226,SUB_226_3,
7797,57,DEPT_08,National,COMMODITY_103,SUB_103_4,
7798,477,DEPT_19,National,COMMODITY_130,SUB_130_5,
7799,102,DEPT_03,National,COMMODITY_161,SUB_161_6,
7800,222,DEPT_22,National,COMMODITY_044,SUB_044_7,
7801,338,DEPT_13,National,COMMODITY_193,SUB_193_0,
7802,49,DEPT_05,National,COMMODITY_245,SUB_245_1,
7803,247,DEPT_20,National,COMMODITY_027,SUB_027_2,
7804,369,DEPT_13,National,COMMODITY_035,SUB_035_3,
7805,306,DEPT_02,Private,COMMODITY_151,SUB_151_4,
7806,188,DEPT_05,National,COMMODITY_137,SUB_137_5,
7807,303,DEPT_02,Private,COMMODITY_124,SUB_124_6,
7808,85,DEPT_00,National,COMMODITY_068,SUB_068_7,
7809,445,DEPT_13,National,COMMODITY_240,SUB_240_0,
7810,244,DEPT_21,National,COMMODITY_256,SUB_256_1,
7811,351,DEPT_12,National,COMMODITY_295,SUB_295_2,
7812,278,DEPT_07,National,COMMODITY_133,SUB_133_3,
7813,80,DEPT_24,National,COMMODITY_201,SUB_201_4,
7814,399,DEPT_17,Private,COMMODITY_282,SUB_282_5,
7815,278,DEPT_00,Private,COMMODITY_267,SUB_267_6,
7816,254,DEPT_14,Private,COMMODITY_202,SUB_202_7,
7817,404,DEPT_00,National,COMMODITY_267,SUB_267_0,
7818,455,DEPT_04,National,COMMODITY_040,SUB_040_1,
7819,150,DEPT_19,Private,COMMODITY_085,SUB_085_2,
7820,194,DEPT_02,National,COMMODITY_144,SUB_144_3,
7821,405,DEPT_21,National,COMMODITY_192,SUB_192_4,
7822,118,DEPT_23,National,COMMODITY_250,SUB_250_5,
7823,174,DEPT_04,Private,COMMODITY_080,SUB_080_6,
7824,451,DEPT_13,National,COMMODITY_041,SUB_041_7,
7825,172,DEPT_01,National,COMMODITY_147,SUB_147_0,
7826,394,DEPT_11,National,COMMODITY_234,SUB_234_1,
7827,62,DEPT_08,National,COMMODITY_291,SUB_291_2,
7828,168,DEPT_12,Private,COMMODITY_299,SUB_299_3,
7829,403,DEPT_02,Private,COMMODITY_171,SUB_171_4,
7830,343,DEPT_04,National,COMMODITY_080,SUB_080_5,
7831,390,DEPT_22,National,COMMODITY_247,SUB_247_6,
7832,236,DEPT_15,National,COMMODITY_054,SUB_054_7,
7833,217,DEPT_18,National,COMMODITY_075,SUB_075_0,
7834,411,DEPT_14,National,COMMODITY_194,SUB_194_1,
7835,429,DEPT_16,National,COMMODITY_280,SUB_280_2,
7836,300,DEPT_14,National,COMMODITY_031,SUB_031_3,
7837,270,DEPT_05,National,COMMODITY_248,SUB_248_4,
7838,156,DEPT_08,National,COMMODITY_237,SUB_237_5,
7839,403,DEPT_21,National,COMMODITY_045,SUB_045_6,
7840,195,DEPT_08,National,COMMODITY_053,SUB_053_7,
7841,1,DEPT_16,Private,COMMODITY_083,SUB_083_0,
7842,119,DEPT_02,Private,COMMODITY_171,SUB_171_1,
7843,322,DEPT_04,Private,COMMODITY_254,SUB_254_2,
7844,433,DEPT_06,Private,COMMODITY_008,SUB_008_3,
7845,277,DEPT_12,National,COMMODITY_258,SUB_258_4,
7846,302,DEPT_00,National,COMMODITY_057,SUB_057_5,
7847,140,DEPT_08,National,COMMODITY_237,SUB_237_6,
7848,24,DEPT_10,National,COMMODITY_208,SUB_208_7,
7849,334,DEPT_13,National,COMMODITY_028,SUB_028_0,
7850,125,DEPT_20,National,COMMODITY_182,SUB_182_1,
7851,483,DEPT_14,National,COMMODITY_198,SUB_198_2,
7852,350,DEPT_02,National,COMMODITY_042,SUB_042_3,
7853,410,DEPT_14,National,COMMODITY_270,SUB_270_4,
7854,358,DEPT_00,Private,COMMODITY_057,SUB_057_5,
7855,465,DEPT_05,Private,COMMODITY_262,SUB_262_6,
7856,32,DEPT_00,National,COMMODITY_220,SUB_220_7,
7857,267,DEPT_09,National,COMMODITY_116,SUB_116_0,
7858,276,DEPT_12,Private,COMMODITY_299,SUB_299_1,
7859,474,DEPT_02,National,COMMODITY_171,SUB_171_2,
7860,100,DEPT_00,Private,COMMODITY_079,SUB_079_3,
7861,371,DEPT_12,Private,COMMODITY_299,SUB_299_4,
7862,46,DEPT_08,National,COMMODITY_237,SUB_237_5,
7863,246,DEPT_21,National,COMMODITY_212,SUB_212_6,
7864,371,DEPT_24,National,COMMODITY_016,SUB_016_7,
7865,287,DEPT_16,National,COMMODITY_024,SUB_024_0,
7866,434,DEPT_14,National,COMMODITY_141,SUB_141_1,
7867,440,DEPT_01,National,COMMODITY_251,SUB_251_2,
7868,390,DEPT_08,Private,COMMODITY_277,SUB_277_3,
7869,13,DEPT_13,Private,COMMODITY_060,SUB_060_4,
7870,224,DEPT_16,National,COMMODITY_179,SUB_179_5,
7871,206,DEPT_04,National,COMMODITY_244,SUB_244_6,
7872,471,DEPT_21,National,COMMODITY_104,SUB_104_7,
7873,458,DEPT_17,National,COMMODITY_051,SUB_051_0,
7874,148,DEPT_13,Private,COMMODITY_215,SUB_215_1,
7875,210,DEPT_21,National,COMMODITY_273,SUB_273_2,
7876,63,DEPT_24,National,COMMODITY_170,SUB_170_3,
7877,321,DEPT_02,National,COMMODITY_176,SUB_176_4,
7878,289,DEPT_02,National,COMMODITY_151,SUB_151_5,
7879,350,DEPT_08,National,COMMODITY_046,SUB_046_6,
7880,388,DEPT_16,National,COMMODITY_243,SUB_243_7,
7881,52,DEPT_12,National,COMMODITY_286,SUB_286_0,
7882,108,DEPT_17,National,COMMODITY_233,SUB_233_1,
7883,191,DEPT_13,Private,COMMODITY_193,SUB_193_2,
7884,309,DEPT_21,National,COMMODITY_132,SUB_132_3,
7885,300,DEPT_07,Private,COMMODITY_279,SUB_279_4,
7886,209,DEPT_21,National,COMMODITY_200,SUB_200_5,
7887,272,DEPT_15,National,COMMODITY_186,SUB_186_6,
7888,58,DEPT_02,National,COMMODITY_176,SUB_176_7,
7889,489,DEPT_16,National,COMMODITY_024,SUB_024_0,
7890,161,DEPT_08,National,COMMODITY_101,SUB_101_1,
7891,285,DEPT_04,National,COMMODITY_059,SUB_059_2,
7892,425,DEPT_15,National,COMMODITY_054,SUB_054_3,
7893,494,DEPT_18,Private,COMMODITY_174,SUB_174_4,
7894,86,DEPT_04,Private,COMMODITY_166,SUB_166_5,
7895,2,DEPT_17,Private,COMMODITY_203,SUB_203_6,
7896,357,DEPT_13,National,COMMODITY_097,SUB_097_7,
7897,325,DEPT_19,National,COMMODITY_043,SUB_043_0,
7898,110,DEPT_04,Private,COMMODITY_229,SUB_229_1,
7899,274,DEPT_21,National,COMMODITY_192,SUB_192_2,
7900,310,DEPT_20,National,COMMODITY_253,SUB_253_3,
7901,338,DEPT_13,National,COMMODITY_193,SUB_193_4,
7902,317,DEPT_06,National,COMMODITY_197,SUB_197_5,
7903,443,DEPT_17,Private,COMMODITY_216,SUB_216_6,
7904,112,DEPT_11,Private,COMMODITY_078,SUB_078_7,
7905,192,DEPT_05,National,COMMODITY_074,SUB_074_0,
7906,16,DEPT_04,Private,COMMODITY_146,SUB_146_1,
7907,341,DEPT_04,Private,COMMODITY_080,SUB_080_2,
7908,408,DEPT_16,National,COMMODITY_280,SUB_280_3,
7909,310,DEPT_22,National,COMMODITY_044,SUB_044_4,
7910,423,DEPT_24,National,COMMODITY_129,SUB_129_5,
7911,66,DEPT_23,National,COMMODITY_173,SUB_173_6,
7912,448,DEPT_15,National,COMMODITY_086,SUB_086_7,
7913,321,DEPT_23,National,COMMODITY_094,SUB_094_0,
7914,189,DEPT_08,National,COMMODITY_237,SUB_237_1,
7915,373,DEPT_01,National,COMMODITY_181,SUB_181_2,
7916,408,DEPT_19,National,COMMODITY_287,SUB_287_3,
7917,331,DEPT_24,National,COMMODITY_214,SUB_214_4,
7918,77,DEPT_23,Private,COMMODITY_173,SUB_173_5,
7919,495,DEPT_06,National,COMMODITY_197,SUB_197_6,
7920,23,DEPT_11,Private,COMMODITY_183,SUB_183_7,
7921,217,DEPT_23,National,COMMODITY_175,SUB_175_0,
7922,475,DEPT_18,National,COMMODITY_174,SUB_174_1,
7923,363,DEPT_08,National,COMMODITY_101,SUB_101_2,
7924,336,DEPT_20,National,COMMODITY_182,SUB_182_3,
7925,59,DEPT_02,National,COMMODITY_218,SUB_218_4,
7926,364,DEPT_09,Private,COMMODITY_232,SUB_232_5,
7927,64,DEPT_17,National,COMMODITY_112,SUB_112_6,
7928,202,DEPT_22,National,COMMODITY_127,SUB_127_7,
7929,116,DEPT_01,National,COMMODITY_147,SUB_147_0,
7930,268,DEPT_23,National,COMMODITY_153,SUB_153_1,
7931,334,DEPT_02,Private,COMMODITY_218,SUB_218_2,
7932,114,DEPT_15,National,COMMODITY_036,SUB_036_3,
7933,206,DEPT_05,National,COMMODITY_207,SUB_207_4,
7934,459,DEPT_23,National,COMMODITY_153,SUB_153_5,
7935,474,DEPT_09,National,COMMODITY_271,SUB_271_6,
7936,439,DEPT_21,National,COMMODITY_256,SUB_256_7,
7937,379,DEPT_08,National,COMMODITY_123,SUB_123_0,
7938,203,DEPT_15,National,COMMODITY_025,SUB_025_1,
7939,456,DEPT_11,Private,COMMODITY_210,SUB_210_2,
7940,477,DEPT_11,National,COMMODITY_272,SUB_272_3,
7941,493,DEPT_23,National,COMMODITY_010,SUB_010_4,
7942,434,DEPT_13,National,COMMODITY_041,SUB_041_5,
7943,316,DEPT_13,Private,COMMODITY_196,SUB_196_6,
7944,13,DEPT_07,National,COMMODITY_136,SUB_136_7,
7945,172,DEPT_02,National,COMMODITY_151,SUB_151_0,
7946,384,DEPT_23,National,COMMODITY_173,SUB_173_1,
7947,265,DEPT_05,National,COMMODITY_137,SUB_137_2,
7948,207,DEPT_06,Private,COMMODITY_293,SUB_293_3,
7949,267,DEPT_19,Private,COMMODITY_085,SUB_085_4,
7950,301,DEPT_21,National,COMMODITY_204,SUB_204_5,
7951,204,DEPT_12,National,COMMODITY_048,SUB_048_6,
7952,402,DEPT_17,National,COMMODITY_178,SUB_178_7,
7953,231,DEPT_14,Private,COMMODITY_154,SUB_154_0,
7954,313,DEPT_02,National,COMMODITY_191,SUB_191_1,
7955,102,DEPT_24,National,COMMODITY_221,SUB_221_2,
7956,16,DEPT_19,Private,COMMODITY_108,SUB_108_3,
7957,47,DEPT_17,National,COMMODITY_261,SUB_261_4,
7958,244,DEPT_14,National,COMMODITY_290,SUB_290_5,
7959,46,DEPT_23,National,COMMODITY_002,SUB_002_6,
7960,34,DEPT_15,National,COMMODITY_283,SUB_283_7,
7961,415,DEPT_11,Private,COMMODITY_078,SUB_078_0,
7962,416,DEPT_16,Private,COMMODITY_083,SUB_083_1,
7963,294,DEPT_08,National,COMMODITY_100,SUB_100_2,
7964,108,DEPT_24,National,COMMODITY_016,SUB_016_3,
7965,470,DEPT_14,Private,COMMODITY_194,SUB_194_4,
7966,307,DEPT_16,Private,COMMODITY_065,SUB_065_5,
7967,108,DEPT_22,National,COMMODITY_189,SUB_189_6,
7968,477,DEPT_17,National,COMMODITY_015,SUB_015_7,
7969,212,DEPT_01,Private,COMMODITY_268,SUB_268_0,
7970,333,DEPT_12,Private,COMMODITY_258,SUB_258_1,
7971,181,DEPT_23,National,COMMODITY_213,SUB_213_2,
7972,398,DEPT_06,Private,COMMODITY_106,SUB_106_3,
7973,38,DEPT_21,National,COMMODITY_072,SUB_072_4,
7974,461,DEPT_01,National,COMMODITY_268,SUB_268_5,
7975,87,DEPT_21,National,COMMODITY_204,SUB_204_6,
7976,427,DEPT_18,National,COMMODITY_150,SUB_150_7,
7977,68,DEPT_20,Private,COMMODITY_069,SUB_069_0,
7978,349,DEPT_11,National,COMMODITY_018,SUB_018_1,
7979,303,DEPT_24,Private,COMMODITY_201,SUB_201_2,
7980,103,DEPT_05,National,COMMODITY_262,SUB_262_3,
7981,127,DEPT_11,National,COMMODITY_231,SUB_231_4,
7982,476,DEPT_07,National,COMMODITY_066,SUB_066_5,
7983,139,DEPT_23,Private,COMMODITY_153,SUB_153_6,
7984,125,DEPT_17,National,COMMODITY_216,SUB_216_7,
7985,411,DEPT_18,Private,COMMODITY_075,SUB_075_0,
7986,427,DEPT_23,National,COMMODITY_010,SUB_010_1,
7987,15,DEPT_05,National,COMMODITY_180,SUB_180_2,
7988,471,DEPT_22,National,COMMODITY_006,SUB_006_3,
7989,379,DEPT_21,National,COMMODITY_273,SUB_273_4,
7990,254,DEPT_22,Private,COMMODITY_102,SUB_102_5,
7991,42,DEPT_24,National,COMMODITY_214,SUB_214_6,
7992,350,DEPT_08,National,COMMODITY_163,SUB_163_7,
7993,18,DEPT_10,Private,COMMODITY_208,SUB_208_0,
7994,207,DEPT_09,National,COMMODITY_246,SUB_246_1,
7995,371,DEPT_14,Private,COMMODITY_270,SUB_270_2,
7996,26,DEPT_12,National,COMMODITY_286,SUB_286_3,
7997,93,DEPT_20,Private,COMMODITY_115,SUB_115_4,
7998,483,DEPT_17,National,COMMODITY_015,SUB_015_5,
7999,75,DEPT_11,National,COMMODITY_078,SUB_078_6,
8000,156,DEPT_00,National,COMMODITY_057,SUB_057_7,
8001,75,DEPT_02,Private,COMMODITY_169,SUB_169_0,
8002,46,DEPT_01,National,COMMODITY_181,SUB_181_1,
8003,464,DEPT_23,National,COMMODITY_175,SUB_175_2,
8004,388,DEPT_23,National,COMMODITY_153,SUB_153_3,
8005,91,DEPT_06,National,COMMODITY_260,SUB_260_4,
8006,432,DEPT_05,National,COMMODITY_137,SUB_137_5,
8007,427,DEPT_07,Private,COMMODITY_255,SUB_255_6,
8008,155,DEPT_06,National,COMMODITY_260,SUB_260_7,
8009,89,DEPT_23,National,COMMODITY_152,SUB_152_0,
8010,299,DEPT_13,National,COMMODITY_240,SUB_240_1,
8011,209,DEPT_00,National,COMMODITY_076,SUB_076_2,
8012,182,DEPT_23,National,COMMODITY_135,SUB_135_3,
8013,138,DEPT_24,National,COMMODITY_201,SUB_201_4,
8014,415,DEPT_16,National,COMMODITY_065,SUB_065_5,
8015,483,DEPT_15,Private,COMMODITY_139,SUB_139_6,
8016,96,DEPT_06,Private,COMMODITY_008,SUB_008_7,
8017,402,DEPT_21,Private,COMMODITY_212,SUB_212_0,
8018,164,DEPT_21,National,COMMODITY_104,SUB_104_1,
8019,494,DEPT_00,National,COMMODITY_052,SUB_052_2,
8020,448,DEPT_17,Private,COMMODITY_233,SUB_233_3,
8021,184,DEPT_00,Private,COMMODITY_167,SUB_167_4,
8022,404,DEPT_16,Private,COMMODITY_024,SUB_024_5,
8023,414,DEPT_15,National,COMMODITY_025,SUB_025_6,
8024,45,DEPT_05,Private,COMMODITY_235,SUB_235_7,
8025,167,DEPT_24,National,COMMODITY_249,SUB_249_0,
8026,287,DEPT_09,National,COMMODITY_056,SUB_056_1,
8027,408,DEPT_05,National,COMMODITY_248,SUB_248_2,
8028,319,DEPT_09,Private,COMMODITY_271,SUB_271_3,
8029,460,DEPT_15,National,COMMODITY_054,SUB_054_4,
8030,16,DEPT_15,National,COMMODITY_036,SUB_036_5,
8031,267,DEPT_00,National,COMMODITY_057,SUB_057_6,
8032,499,DEPT_23,National,COMMODITY_096,SUB_096_7,
8033,344,DEPT_13,National,COMMODITY_061,SUB_061_0,
8034,306,DEPT_19,National,COMMODITY_095,SUB_095_1,
8035,379,DEPT_13,Private,COMMODITY_240,SUB_240_2,
8036,376,DEPT_12,National,COMMODITY_299,SUB_299_3,
8037,461,DEPT_08,Private,COMMODITY_237,SUB_237_4,
8038,74,DEPT_24,National,COMMODITY_107,SUB_107_5,
8039,295,DEPT_21,National,COMMODITY_045,SUB_045_6,
8040,106,DEPT_22,National,COMMODITY_223,SUB_223_7,
8041,371,DEPT_21,National,COMMODITY_072,SUB_072_0,
8042,452,DEPT_08,Private,COMMODITY_103,SUB_103_1,
8043,277,DEPT_17,National,COMMODITY_275,SUB_275_2,
8044,143,DEPT_05,National,COMMODITY_137,SUB_137_3,
8045,213,DEPT_19,Private,COMMODITY_055,SUB_055_4,
8046,48,DEPT_21,National,COMMODITY_192,SUB_192_5,
8047,27,DEPT_00,National,COMMODITY_098,SUB_098_6,
8048,420,DEPT_23,National,COMMODITY_153,SUB_153_7,
8049,311,DEPT_20,National,COMMODITY_195,SUB_195_0,
8050,124,DEPT_23,Private,COMMODITY_067,SUB_067_1,
8051,5,DEPT_11,National,COMMODITY_183,SUB_183_2,
8052,32,DEPT_11,Private,COMMODITY_050,SUB_050_3,
8053,399,DEPT_05,National,COMMODITY_064,SUB_064_4,
8054,178,DEPT_15,Private,COMMODITY_283,SUB_283_5,
8055,220,DEPT_16,Private,COMMODITY_230,SUB_230_6,
8056,178,DEPT_05,National,COMMODITY_180,SUB_180_7,
8057,163,DEPT_08,National,COMMODITY_239,SUB_239_0,
8058,304,DEPT_23,National,COMMODITY_135,SUB_135_1,
8059,105,DEPT_21,Private,COMMODITY_204,SUB_204_2,
8060,372,DEPT_01,National,COMMODITY_128,SUB_128_3,
8061,406,DEPT_17,National,COMMODITY_282,SUB_282_4,
8062,447,DEPT_21,National,COMMODITY_273,SUB_273_5,
8063,119,DEPT_18,National,COMMODITY_150,SUB_150_6,
8064,461,DEPT_08,Private,COMMODITY_070,SUB_070_7,
8065,190,DEPT_14,National,COMMODITY_198,SUB_198_0,
8066,77,DEPT_07,Private,COMMODITY_066,SUB_066_1,
8067,266,DEPT_22,National,COMMODITY_017,SUB_017_2,
8068,98,DEPT_23,National,COMMODITY_213,SUB_213_3,
8069,165,DEPT_15,Private,COMMODITY_009,SUB_009_4,
8070,496,DEPT_06,National,COMMODITY_106,SUB_106_5,
8071,371,DEPT_14,National,COMMODITY_031,SUB_031_6,
8072,481,DEPT_12,National,COMMODITY_172,SUB_172_7,
8073,135,DEPT_09,National,COMMODITY_116,SUB_116_0,
8074,102,DEPT_00,National,COMMODITY_068,SUB_068_1,
8075,313,DEPT_22,Private,COMMODITY_223,SUB_223_2,
8076,445,DEPT_16,National,COMMODITY_278,SUB_278_3,
8077,130,DEPT_07,National,COMMODITY_279,SUB_279_4,
8078,382,DEPT_22,National,COMMODITY_247,SUB_247_5,
8079,366,DEPT_06,National,COMMODITY_219,SUB_219_6,
8080,153,DEPT_09,National,COMMODITY_246,SUB_246_7,
8081,20,DEPT_08,National,COMMODITY_101,SUB_101_0,
8082,312,DEPT_17,National,COMMODITY_012,SUB_012_1,
8083,252,DEPT_12,Private,COMMODITY_295,SUB_295_2,
8084,267,DEPT_22,National,COMMODITY_006,SUB_006_3,
8085,86,DEPT_19,Private,COMMODITY_130,SUB_130_4,
8086,109,DEPT_00,National,COMMODITY_021,SUB_021_5,
8087,476,DEPT_04,National,COMMODITY_244,SUB_244_6,
8088,164,DEPT_08,National,COMMODITY_103,SUB_103_7,
8089,449,DEPT_24,National,COMMODITY_016,SUB_016_0,
8090,226,DEPT_13,National,COMMODITY_097,SUB_097_1,
8091,329,DEPT_00,Private,COMMODITY_000,SUB_000_2,
8092,216,DEPT_07,National,COMMODITY_255,SUB_255_3,
8093,240,DEPT_09,National,COMMODITY_118,SUB_118_4,
8094,310,DEPT_00,National,COMMODITY_252,SUB_252_5,
8095,434,DEPT_19,National,COMMODITY_287,SUB_287_6,
8096,206,DEPT_23,National,COMMODITY_250,SUB_250_7,
8097,255,DEPT_00,National,COMMODITY_079,SUB_079_0,
8098,431,DEPT_02,National,COMMODITY_144,SUB_144_1,
8099,422,DEPT_19,Private,COMMODITY_085,SUB_085_2,
8100,74,DEPT_00,National,COMMODITY_167,SUB_167_3,
8101,388,DEPT_17,National,COMMODITY_178,SUB_178_4,
8102,151,DEPT_19,Private,COMMODITY_130,SUB_130_5,
8103,243,DEPT_13,National,COMMODITY_164,SUB_164_6,
8104,220,DEPT_15,Private,COMMODITY_110,SUB_110_7,
8105,493,DEPT_06,National,COMMODITY_106,SUB_106_0,
8106,122,DEPT_15,National,COMMODITY_025,SUB_025_1,
8107,321,DEPT_07,Private,COMMODITY_255,SUB_255_2,
8108,180,DEPT_13,National,COMMODITY_240,SUB_240_3,
8109,202,DEPT_06,Private,COMMODITY_219,SUB_219_4,
8110,9,DEPT_18,Private,COMMODITY_174,SUB_174_5,
8111,239,DEPT_13,Private,COMMODITY_294,SUB_294_6,
8112,472,DEPT_08,National,COMMODITY_163,SUB_163_7,
8113,305,DEPT_22,National,COMMODITY_006,SUB_006_0,
8114,141,DEPT_06,Private,COMMODITY_158,SUB_158_1,
8115,118,DEPT_08,National,COMMODITY_291,SUB_291_2,
8116,275,DEPT_12,Private,COMMODITY_048,SUB_048_3,
8117,84,DEPT_08,Private,COMMODITY_093,SUB_093_4,
8118,387,DEPT_05,National,COMMODITY_248,SUB_248_5,
8119,253,DEPT_17,Private,COMMODITY_020,SUB_020_6,
8120,454,DEPT_14,National,COMMODITY_202,SUB_202_7,
8121,468,DEPT_20,National,COMMODITY_115,SUB_115_0,
8122,355,DEPT_07,National,COMMODITY_133,SUB_133_1,
8123,118,DEPT_20,Private,COMMODITY_088,SUB_088_2,
8124,415,DEPT_06,National,COMMODITY_106,SUB_106_3,
8125,278,DEPT_19,National,COMMODITY_089,SUB_089_4,
8126,236,DEPT_00,National,COMMODITY_021,SUB_021_5,
8127,499,DEPT_02,National,COMMODITY_151,SUB_151_6,
8128,214,DEPT_12,Private,COMMODITY_258,SUB_258_7,
8129,334,DEPT_09,National,COMMODITY_116,SUB_116_0,
8130,272,DEPT_19,National,COMMODITY_187,SUB_187_1,
8131,152,DEPT_19,National,COMMODITY_289,SUB_289_2,
8132,221,DEPT_04,Private,COMMODITY_229,SUB_229_3,
8133,318,DEPT_02,Private,COMMODITY_042,SUB_042_4,
8134,204,DEPT_12,National,COMMODITY_258,SUB_258_5,
8135,173,DEPT_04,Private,COMMODITY_040,SUB_040_6,
8136,408,DEPT_11,National,COMMODITY_105,SUB_105_7,
8137,332,DEPT_22,Private,COMMODITY_247,SUB_247_0,
8138,351,DEPT_22,National,COMMODITY_121,SUB_121_1,
8139,344,DEPT_17,National,COMMODITY_282,SUB_282_2,
8140,431,DEPT_17,Private,COMMODITY_274,SUB_274_3,
8141,135,DEPT_04,National,COMMODITY_081,SUB_081_4,
8142,333,DEPT_11,National,COMMODITY_032,SUB_032_5,
8143,201,DEPT_23,National,COMMODITY_149,SUB_149_6,
8144,236,DEPT_01,National,COMMODITY_134,SUB_134_7,
8145,137,DEPT_08,National,COMMODITY_046,SUB_046_0,
8146,157,DEPT_13,Private,COMMODITY_193,SUB_193_1,
8147,42,DEPT_08,Private,COMMODITY_100,SUB_100_2,
8148,393,DEPT_13,Private,COMMODITY_041,SUB_041_3,
8149,224,DEPT_02,National,COMMODITY_151,SUB_151_4,
8150,58,DEPT_08,National,COMMODITY_100,SUB_100_5,
8151,25,DEPT_13,Private,COMMODITY_196,SUB_196_6,
8152,146,DEPT_00,National,COMMODITY_079,SUB_079_7,
8153,357,DEPT_09,National,COMMODITY_271,SUB_271_0,
8154,326,DEPT_07,National,COMMODITY_284,SUB_284_1,
8155,55,DEPT_13,National,COMMODITY_193,SUB_193_2,
8156,168,DEPT_00,National,COMMODITY_000,SUB_000_3,
8157,119,DEPT_00,National,COMMODITY_267,SUB_267_4,
8158,87,DEPT_13,National,COMMODITY_060,SUB_060_5,
8159,249,DEPT_09,Private,COMMODITY_113,SUB_113_6,
8160,18,DEPT_12,National,COMMODITY_295,SUB_295_7,
8161,382,DEPT_17,Private,COMMODITY_261,SUB_261_0,
8162,498,DEPT_24,National,COMMODITY_087,SUB_087_1,
8163,102,DEPT_20,National,COMMODITY_242,SUB_242_2,
8164,341,DEPT_13,National,COMMODITY_061,SUB_061_3,
8165,44,DEPT_12,National,COMMODITY_172,SUB_172_4,
8166,16,DEPT_05,National,COMMODITY_245,SUB_245_5,
8167,255,DEPT_07,Private,COMMODITY_292,SUB_292_6,
8168,13,DEPT_09,National,COMMODITY_232,SUB_232_7,
8169,487,DEPT_13,National,COMMODITY_122,SUB_122_0,
8170,24,DEPT_01,Private,COMMODITY_117,SUB_117_1,
8171,249,DEPT_00,Private,COMMODITY_098,SUB_098_2,
8172,411,DEPT_24,Private,COMMODITY_131,SUB_131_3,
8173,20,DEPT_02,National,COMMODITY_165,SUB_165_4,
8174,263,DEPT_13,National,COMMODITY_097,SUB_097_5,
8175,394,DEPT_24,National,COMMODITY_168,SUB_168_6,
8176,497,DEPT_24,Private,COMMODITY_249,SUB_249_7,
8177,32,DEPT_05,National,COMMODITY_199,SUB_199_0,
8178,11,DEPT_12,National,COMMODITY_048,SUB_048_1,
8179,144,DEPT_24,National,COMMODITY_221,SUB_221_2,
8180,456,DEPT_14,Private,COMMODITY_154,SUB_154_3,
8181,213,DEPT_08,National,COMMODITY_101,SUB_101_4,
8182,397,DEPT_08,National,COMMODITY_101,SUB_101_5,
8183,38,DEPT_18,Private,COMMODITY_150,SUB_150_6,
8184,207,DEPT_17,National,COMMODITY_012,SUB_012_7,
8185,243,DEPT_19,National,COMMODITY_211,SUB_211_0,
8186,273,DEPT_00,Private,COMMODITY_267,SUB_267_1,
8187,9,DEPT_22,Private,COMMODITY_073,SUB_073_2,
8188,284,DEPT_19,National,COMMODITY_108,SUB_108_3,
8189,481,DEPT_09,National,COMMODITY_246,SUB_246_4,
8190,48,DEPT_18,Private,COMMODITY_157,SUB_157_5,
8191,342,DEPT_12,National,COMMODITY_172,SUB_172_6,
8192,300,DEPT_06,Private,COMMODITY_099,SUB_099_7,
8193,379,DEPT_09,National,COMMODITY_246,SUB_246_0,
8194,316,DEPT_08,National,COMMODITY_053,SUB_053_1,
8195,259,DEPT_08,National,COMMODITY_101,SUB_101_2,
8196,93,DEPT_14,National,COMMODITY_154,SUB_154_3,
8197,245,DEPT_08,National,COMMODITY_100,SUB_100_4,
8198,39,DEPT_15,National,COMMODITY_139,SUB_139_5,
8199,468,DEPT_23,Private,COMMODITY_162,SUB_162_6,
8200,16,DEPT_05,National,COMMODITY_222,SUB_222_7,
8201,276,DEPT_17,National,COMMODITY_051,SUB_051_0,
8202,489,DEPT_21,National,COMMODITY_238,SUB_238_1,
8203,478,DEPT_06,National,COMMODITY_217,SUB_217_2,
8204,273,DEPT_13,National,COMMODITY_193,SUB_193_3,
8205,79,DEPT_17,Private,COMMODITY_020,SUB_020_4,
8206,240,DEPT_05,Private,COMMODITY_023,SUB_023_5,
8207,413,DEPT_17,National,COMMODITY_051,SUB_051_6,
8208,89,DEPT_05,National,COMMODITY_074,SUB_074_7,
8209,47,DEPT_14,National,COMMODITY_270,SUB_270_0,
8210,333,DEPT_08,National,COMMODITY_053,SUB_053_1,
8211,207,DEPT_00,National,COMMODITY_057,SUB_057_2,
8212,113,DEPT_17,National,COMMODITY_015,SUB_015_3,
8213,147,DEPT_01,National,COMMODITY_117,SUB_117_4,
8214,238,DEPT_17,National,COMMODITY_216,SUB_216_5,
8215,126,DEPT_23,National,COMMODITY_149,SUB_149_6,
8216,394,DEPT_06,National,COMMODITY_099,SUB_099_7,
8217,412,DEPT_12,National,COMMODITY_257,SUB_257_0,
8218,327,DEPT_01,National,COMMODITY_155,SUB_155_1,
8219,372,DEPT_11,Private,COMMODITY_231,SUB_231_2,
8220,194,DEPT_01,National,COMMODITY_147,SUB_147_3,
8221,315,DEPT_13,National,COMMODITY_215,SUB_215_4,
8222,11,DEPT_19,National,COMMODITY_130,SUB_130_5,
8223,252,DEPT_21,National,COMMODITY_200,SUB_200_6,
8224,156,DEPT_16,National,COMMODITY_278,SUB_278_7,
8225,466,DEPT_17,Private,COMMODITY_051,SUB_051_0,
8226,30,DEPT_03,National,COMMODITY_161,SUB_161_1,
8227,23,DEPT_20,National,COMMODITY_069,SUB_069_2,
8228,384,DEPT_13,National,COMMODITY_041,SUB_041_3,
8229,234,DEPT_06,National,COMMODITY_158,SUB_158_4,
8230,380,DEPT_20,National,COMMODITY_027,SUB_027_5,
8231,454,DEPT_04,National,COMMODITY_166,SUB_166_6,
8232,222,DEPT_02,Private,COMMODITY_144,SUB_144_7,
8233,213,DEPT_08,National,COMMODITY_239,SUB_239_0,
8234,15,DEPT_02,National,COMMODITY_033,SUB_033_1,
8235,63,DEPT_12,Private,COMMODITY_172,SUB_172_2,
8236,47,DEPT_05,Private,COMMODITY_180,SUB_180_3,
8237,262,DEPT_20,National,COMMODITY_264,SUB_264_4,
8238,70,DEPT_02,Private,COMMODITY_151,SUB_151_5,
8239,466,DEPT_17,Private,COMMODITY_275,SUB_275_6,
8240,141,DEPT_20,Private,COMMODITY_253,SUB_253_7,
8241,78,DEPT_01,National,COMMODITY_184,SUB_184_0,
8242,23,DEPT_14,National,COMMODITY_194,SUB_194_1,
8243,212,DEPT_08,National,COMMODITY_100,SUB_100_2,
8244,122,DEPT_11,National,COMMODITY_272,SUB_272_3,
8245,499,DEPT_00,National,COMMODITY_022,SUB_022_4,
8246,131,DEPT_06,National,COMMODITY_197,SUB_197_5,
8247,246,DEPT_16,National,COMMODITY_263,SUB_263_6,
8248,201,DEPT_05,National,COMMODITY_245,SUB_245_7,
8249,245,DEPT_15,Private,COMMODITY_025,SUB_025_0,
8250,299,DEPT_24,Private,COMMODITY_168,SUB_168_1,
8251,111,DEPT_00,Private,COMMODITY_022,SUB_022_2,
8252,326,DEPT_06,National,COMMODITY_143,SUB_143_3,
8253,261,DEPT_13,Private,COMMODITY_061,SUB_061_4,
8254,285,DEPT_01,Private,COMMODITY_241,SUB_241_5,
8255,489,DEPT_10,National,COMMODITY_148,SUB_148_6,
8256,223,DEPT_12,National,COMMODITY_258,SUB_258_7,
8257,414,DEPT_21,National,COMMODITY_138,SUB_138_0,
8258,482,DEPT_08,Private,COMMODITY_163,SUB_163_1,
8259,188,DEPT_07,National,COMMODITY_188,SUB_188_2,
8260,219,DEPT_01,National,COMMODITY_268,SUB_268_3,
8261,26,DEPT_06,National,COMMODITY_158,SUB_158_4,
8262,341,DEPT_06,National,COMMODITY_158,SUB_158_5,
8263,61,DEPT_13,National,COMMODITY_122,SUB_122_6,
8264,490,DEPT_23,Private,COMMODITY_213,SUB_213_7,
8265,469,DEPT_01,National,COMMODITY_155,SUB_155_0,
8266,272,DEPT_19,National,COMMODITY_089,SUB_089_1,
8267,221,DEPT_00,Private,COMMODITY_052,SUB_052_2,
8268,3,DEPT_05,National,COMMODITY_245,SUB_245_3,
8269,115,DEPT_16,National,COMMODITY_179,SUB_179_4,
8270,151,DEPT_11,Private,COMMODITY_018,SUB_018_5,
8271,449,DEPT_23,National,COMMODITY_213,SUB_213_6,
8272,62,DEPT_20,National,COMMODITY_195,SUB_195_7,
8273,423,DEPT_13,Private,COMMODITY_097,SUB_097_0,
8274,135,DEPT_04,National,COMMODITY_254,SUB_254_1,
8275,318,DEPT_19,National,COMMODITY_043,SUB_043_2,
8276,227,DEPT_11,Private,COMMODITY_050,SUB_050_3,
8277,235,DEPT_05,National,COMMODITY_297,SUB_297_4,
8278,409,DEPT_00,National,COMMODITY_047,SUB_047_5,
8279,90,DEPT_06,National,COMMODITY_008,SUB_008_6,
8280,118,DEPT_00,National,COMMODITY_000,SUB_000_7,
8281,434,DEPT_05,National,COMMODITY_224,SUB_224_0,
8282,180,DEPT_20,Private,COMMODITY_115,SUB_115_1,
8283,486,DEPT_02,Private,COMMODITY_176,SUB_176_2,
8284,12,DEPT_06,Private,COMMODITY_099,SUB_099_3,
8285,85,DEPT_14,National,COMMODITY_140,SUB_140_4,
8286,248,DEPT_14,National,COMMODITY_270,SUB_270_5,
8287,412,DEPT_01,National,COMMODITY_268,SUB_268_6,
8288,255,DEPT_09,National,COMMODITY_271,SUB_271_7,
8289,333,DEPT_23,Private,COMMODITY_125,SUB_125_0,
8290,25,DEPT_14,National,COMMODITY_198,SUB_198_1,
8291,55,DEPT_17,National,COMMODITY_020,SUB_020_2,
8292,375,DEPT_07,National,COMMODITY_188,SUB_188_3,
8293,419,DEPT_24,National,COMMODITY_236,SUB_236_4,
8294,310,DEPT_16,Private,COMMODITY_263,SUB_263_5,
8295,246,DEPT_07,National,COMMODITY_188,SUB_188_6,
8296,235,DEPT_06,National,COMMODITY_197,SUB_197_7,
8297,499,DEPT_05,National,COMMODITY_064,SUB_064_0,
8298,371,DEPT_19,Private,COMMODITY_043,SUB_043_1,
8299,157,DEPT_23,National,COMMODITY_125,SUB_125_2,
8300,77,DEPT_00,National,COMMODITY_057,SUB_057_3,
8301,17,DEPT_05,National,COMMODITY_074,SUB_074_4,
8302,165,DEPT_13,National,COMMODITY_097,SUB_097_5,
8303,242,DEPT_12,Private,COMMODITY_048,SUB_048_6,
8304,80,DEPT_24,National,COMMODITY_249,SUB_249_7,
8305,448,DEPT_19,National,COMMODITY_130,SUB_130_0,
8306,388,DEPT_13,National,COMMODITY_266,SUB_266_1,
8307,100,DEPT_16,Private,COMMODITY_083,SUB_083_2,
8308,33,DEPT_24,National,COMMODITY_221,SUB_221_3,
8309,155,DEPT_14,Private,COMMODITY_031,SUB_031_4,
8310,19,DEPT_11,Private,COMMODITY_234,SUB_234_5,
8311,316,DEPT_04,Private,COMMODITY_229,SUB_229_6,
8312,460,DEPT_13,National,COMMODITY_028,SUB_028_7,
8313,212,DEPT_07,Private,COMMODITY_255,SUB_255_0,
8314,42,DEPT_20,Private,COMMODITY_182,SUB_182_1,
8315,173,DEPT_03,National,COMMODITY_296,SUB_296_2,
8316,338,DEPT_05,National,COMMODITY_177,SUB_177_3,
8317,498,DEPT_14,National,COMMODITY_194,SUB_194_4,
8318,288,DEPT_15,National,COMMODITY_086,SUB_086_5,
8319,150,DEPT_22,National,COMMODITY_017,SUB_017_6,
8320,22,DEPT_05,National,COMMODITY_297,SUB_297_7,
8321,43,DEPT_00,Private,COMMODITY_022,SUB_022_0,
8322,378,DEPT_18,Private,COMMODITY_004,SUB_004_1,
8323,332,DEPT_21,National,COMMODITY_204,SUB_204_2,
8324,435,DEPT_06,Private,COMMODITY_099,SUB_099_3,
8325,167,DEPT_09,National,COMMODITY_084,SUB_084_4,
8326,82,DEPT_17,National,COMMODITY_233,SUB_233_5,
8327,276,DEPT_17,National,COMMODITY_012,SUB_012_6,
8328,216,DEPT_23,Private,COMMODITY_096,SUB_096_7,
8329,220,DEPT_13,National,COMMODITY_097,SUB_097_0,
8330,471,DEPT_05,Private,COMMODITY_023,SUB_023_1,
8331,177,DEPT_15,Private,COMMODITY_009,SUB_009_2,
8332,179,DEPT_20,Private,COMMODITY_195,SUB_195_3,
8333,38,DEPT_06,National,COMMODITY_106,SUB_106_4,
8334,228,DEPT_23,National,COMMODITY_125,SUB_125_5,
8335,172,DEPT_11,National,COMMODITY_105,SUB_105_6,
8336,456,DEPT_23,Private,COMMODITY_082,SUB_082_7,
8337,207,DEPT_23,National,COMMODITY_013,SUB_013_0,
8338,297,DEPT_15,National,COMMODITY_036,SUB_036_1,
8339,247,DEPT_13,National,COMMODITY_285,SUB_285_2,
8340,83,DEPT_15,National,COMMODITY_283,SUB_283_3,
8341,312,DEPT_05,National,COMMODITY_224,SUB_224_4,
8342,298,DEPT_10,Private,COMMODITY_208,SUB_208_5,
8343,419,DEPT_06,National,COMMODITY_219,SUB_219_6,
8344,472,DEPT_16,National,COMMODITY_280,SUB_280_7,
8345,89,DEPT_18,National,COMMODITY_075,SUB_075_0,
8346,62,DEPT_16,National,COMMODITY_280,SUB_280_1,
8347,134,DEPT_08,National,COMMODITY_046,SUB_046_2,
8348,21,DEPT_11,National,COMMODITY_078,SUB_078_3,
8349,440,DEPT_08,National,COMMODITY_277,SUB_277_4,
8350,184,DEPT_05,National,COMMODITY_023,SUB_023_5,
8351,31,DEPT_14,Private,COMMODITY_030,SUB_030_6,
8352,328,DEPT_11,National,COMMODITY_272,SUB_272_7,
8353,202,DEPT_17,National,COMMODITY_051,SUB_051_0,
8354,206,DEPT_22,National,COMMODITY_189,SUB_189_1,
8355,84,DEPT_07,Private,COMMODITY_255,SUB_255_2,
8356,406,DEPT_15,National,COMMODITY_086,SUB_086_3,
8357,291,DEPT_01,Private,COMMODITY_268,SUB_268_4,
8358,277,DEPT_06,National,COMMODITY_111,SUB_111_5,
8359,487,DEPT_13,National,COMMODITY_122,SUB_122_6,
8360,260,DEPT_04,National,COMMODITY_146,SUB_146_7,
8361,391,DEPT_09,National,COMMODITY_246,SUB_246_0,
8362,400,DEPT_11,Private,COMMODITY_183,SUB_183_1,
8363,365,DEPT_06,National,COMMODITY_008,SUB_008_2,
8364,282,DEPT_00,National,COMMODITY_021,SUB_021_3,
8365,308,DEPT_07,National,COMMODITY_066,SUB_066_4,
8366,296,DEPT_08,National,COMMODITY_070,SUB_070_5,
8367,12,DEPT_13,National,COMMODITY_266,SUB_266_6,
8368,156,DEPT_13,Private,COMMODITY_039,SUB_039_7,
8369,274,DEPT_13,Private,COMMODITY_011,SUB_011_0,
8370,455,DEPT_16,National,COMMODITY_263,SUB_263_1,
8371,294,DEPT_24,Private,COMMODITY_236,SUB_236_2,
8372,308,DEPT_15,National,COMMODITY_139,SUB_139_3,
8373,322,DEPT_01,National,COMMODITY_184,SUB_184_4,
8374,6,DEPT_13,National,COMMODITY_225,SUB_225_5,
8375,83,DEPT_23,National,COMMODITY_096,SUB_096_6,
8376,397,DEPT_23,National,COMMODITY_213,SUB_213_7,
8377,335,DEPT_21,National,COMMODITY_072,SUB_072_0,
8378,26,DEPT_00,Private,COMMODITY_057,SUB_057_1,
8379,89,DEPT_22,National,COMMODITY_223,SUB_223_2,
8380,248,DEPT_18,National,COMMODITY_174,SUB_174_3,
8381,209,DEPT_00,Private,COMMODITY_167,SUB_167_4,
8382,471,DEPT_04,National,COMMODITY_040,SUB_040_5,
8383,85,DEPT_19,National,COMMODITY_095,SUB_095_6,
8384,359,DEPT_18,National,COMMODITY_075,SUB_075_7,
8385,18,DEPT_20,National,COMMODITY_115,SUB_115_0,
8386,320,DEPT_06,National,COMMODITY_219,SUB_219_1,
8387,343,DEPT_05,National,COMMODITY_248,SUB_248_2,
8388,370,DEPT_16,National,COMMODITY_092,SUB_092_3,
8389,233,DEPT_16,National,COMMODITY_230,SUB_230_4,
8390,333,DEPT_06,National,COMMODITY_217,SUB_217_5,
8391,263,DEPT_11,National,COMMODITY_026,SUB_026_6,
8392,332,DEPT_20,National,COMMODITY_069,SUB_069_7,
8393,72,DEPT_21,National,COMMODITY_256,SUB_256_0,
8394,366,DEPT_00,National,COMMODITY_252,SUB_252_1,
8395,245,DEPT_04,National,COMMODITY_059,SUB_059_2,
8396,470,DEPT_21,Private,COMMODITY_204,SUB_204_3,
8397,15,DEPT_00,National,COMMODITY_252,SUB_252_4,
8398,430,DEPT_16,Private,COMMODITY_230,SUB_230_5,
8399,80,DEPT_08,Private,COMMODITY_237,SUB_237_6,
8400,443,DEPT_17,Private,COMMODITY_261,SUB_261_7,
8401,69,DEPT_08,National,COMMODITY_053,SUB_053_0,
8402,35,DEPT_04,National,COMMODITY_166,SUB_166_1,
8403,456,DEPT_24,National,COMMODITY_168,SUB_168_2,
8404,345,DEPT_17,National,COMMODITY_077,SUB_077_3,
8405,46,DEPT_08,National,COMMODITY_239,SUB_239_4,
8406,480,DEPT_15,National,COMMODITY_139,SUB_139_5,
8407,414,DEPT_08,National,COMMODITY_053,SUB_053_6,
8408,390,DEPT_21,National,COMMODITY_007,SUB_007_7,
8409,458,DEPT_11,National,COMMODITY_105,SUB_105_0,
8410,270,DEPT_07,Private,COMMODITY_133,SUB_133_1,
8411,475,DEPT_19,National,COMMODITY_226,SUB_226_2,
8412,488,DEPT_19,Private,COMMODITY_120,SUB_120_3,
8413,479,DEPT_15,Private,COMMODITY_185,SUB_185_4,
8414,219,DEPT_23,National,COMMODITY_014,SUB_014_5,
8415,350,DEPT_24,Private,COMMODITY_249,SUB_249_6,
8416,378,DEPT_13,National,COMMODITY_028,SUB_028_7,
8417,252,DEPT_07,National,COMMODITY_255,SUB_255_0,
8418,299,DEPT_21,Private,COMMODITY_192,SUB_192_1,
8419,251,DEPT_22,National,COMMODITY_127,SUB_127_2,
8420,185,DEPT_24,Private,COMMODITY_016,SUB_016_3,
8421,156,DEPT_22,Private,COMMODITY_223,SUB_223_4,
8422,475,DEPT_01,National,COMMODITY_117,SUB_117_5,
8423,412,DEPT_20,National,COMMODITY_088,SUB_088_6,
8424,239,DEPT_08,National,COMMODITY_093,SUB_093_7,
8425,175,DEPT_23,National,COMMODITY_096,SUB_096_0,
8426,124,DEPT_23,National,COMMODITY_002,SUB_002_1,
8427,313,DEPT_08,Private,COMMODITY_163,SUB_163_2,
8428,115,DEPT_00,National,COMMODITY_022,SUB_022_3,
8429,22,DEPT_08,National,COMMODITY_277,SUB_277_4,
8430,285,DEPT_05,National,COMMODITY_248,SUB_248_5,
8431,168,DEPT_11,National,COMMODITY_183,SUB_183_6,
8432,215,DEPT_24,Private,COMMODITY_221,SUB_221_7,
8433,448,DEPT_06,Private,COMMODITY_219,SUB_219_0,
8434,153,DEPT_04,National,COMMODITY_080,SUB_080_1,
8435,79,DEPT_17,National,COMMODITY_178,SUB_178_2,
8436,167,DEPT_24,Private,COMMODITY_214,SUB_214_3,
8437,361,DEPT_16,National,COMMODITY_278,SUB_278_4,
8438,396,DEPT_13,National,COMMODITY_041,SUB_041_5,
8439,125,DEPT_11,National,COMMODITY_050,SUB_050_6,
8440,305,DEPT_02,National,COMMODITY_218,SUB_218_7,
8441,155,DEPT_22,National,COMMODITY_017,SUB_017_0,
8442,337,DEPT_15,National,COMMODITY_036,SUB_036_1,
8443,112,DEPT_05,National,COMMODITY_023,SUB_023_2,
8444,151,DEPT_05,National,COMMODITY_177,SUB_177_3,
8445,441,DEPT_14,National,COMMODITY_202,SUB_202_4,
8446,465,DEPT_12,National,COMMODITY_299,SUB_299_5,
8447,317,DEPT_05,National,COMMODITY_064,SUB_064_6,
8448,420,DEPT_17,National,COMMODITY_282,SUB_282_7,
8449,219,DEPT_07,Private,COMMODITY_292,SUB_292_0,
8450,68,DEPT_16,Private,COMMODITY_024,SUB_024_1,
8451,189,DEPT_06,Private,COMMODITY_091,SUB_091_2,
8452,82,DEPT_17,National,COMMODITY_178,SUB_178_3,
8453,244,DEPT_13,National,COMMODITY_035,SUB_035_4,
8454,198,DEPT_22,National,COMMODITY_142,SUB_142_5,
8455,215,DEPT_02,National,COMMODITY_033,SUB_033_6,
8456,3,DEPT_17,National,COMMODITY_015,SUB_015_7,
8457,241,DEPT_13,National,COMMODITY_294,SUB_294_0,
8458,293,DEPT_19,Private,COMMODITY_211,SUB_211_1,
8459,17,DEPT_06,National,COMMODITY_217,SUB_217_2,
8460,477,DEPT_02,National,COMMODITY_151,SUB_151_3,
8461,182,DEPT_21,Private,COMMODITY_132,SUB_132_4,
8462,20,DEPT_19,National,COMMODITY_187,SUB_187_5,
8463,329,DEPT_07,Private,COMMODITY_284,SUB_284_6,
8464,391,DEPT_04,National,COMMODITY_040,SUB_040_7,
8465,262,DEPT_02,National,COMMODITY_171,SUB_171_0,
8466,457,DEPT_00,National,COMMODITY_057,SUB_057_1,
8467,6,DEPT_11,Private,COMMODITY_032,SUB_032_2,
8468,382,DEPT_23,National,COMMODITY_213,SUB_213_3,
8469,376,DEPT_18,Private,COMMODITY_029,SUB_029_4,
8470,373,DEPT_08,Private,COMMODITY_277,SUB_277_5,
8471,11,DEPT_23,National,COMMODITY_067,SUB_067_6,
8472,380,DEPT_06,National,COMMODITY_106,SUB_106_7,
8473,52,DEPT_17,National,COMMODITY_051,SUB_051_0,
8474,459,DEPT_12,Private,COMMODITY_295,SUB_295_1,
8475,190,DEPT_20,National,COMMODITY_027,SUB_027_2,
8476,496,DEPT_16,National,COMMODITY_065,SUB_065_3,
8477,19,DEPT_13,National,COMMODITY_225,SUB_225_4,
8478,275,DEPT_09,National,COMMODITY_056,SUB_056_5,
8479,384,DEPT_07,Private,COMMODITY_284,SUB_284_6,
8480,374,DEPT_02,National,COMMODITY_218,SUB_218_7,
8481,335,DEPT_12,Private,COMMODITY_257,SUB_257_0,
8482,134,DEPT_17,Private,COMMODITY_077,SUB_077_1,
8483,300,DEPT_22,National,COMMODITY_073,SUB_073_2,
8484,325,DEPT_12,National,COMMODITY_286,SUB_286_3,
8485,253,DEPT_17,National,COMMODITY_282,SUB_282_4,
8486,489,DEPT_23,National,COMMODITY_014,SUB_014_5,
8487,122,DEPT_08,Private,COMMODITY_277,SUB_277_6,
8488,153,DEPT_24,National,COMMODITY_170,SUB_170_7,
8489,16,DEPT_14,National,COMMODITY_270,SUB_270_0,
8490,29,DEPT_13,National,COMMODITY_240,SUB_240_1,
8491,423,DEPT_20,Private,COMMODITY_088,SUB_088_2,
8492,409,DEPT_05,National,COMMODITY_222,SUB_222_3,
8493,337,DEPT_21,Private,COMMODITY_273,SUB_273_4,
8494,358,DEPT_19,National,COMMODITY_287,SUB_287_5,
8495,259,DEPT_21,Private,COMMODITY_007,SUB_007_6,
8496,211,DEPT_00,National,COMMODITY_068,SUB_068_7,
8497,258,DEPT_24,National,COMMODITY_087,SUB_087_0,
8498,329,DEPT_01,National,COMMODITY_184,SUB_184_1,
8499,471,DEPT_18,Private,COMMODITY_029,SUB_029_2,
8500,126,DEPT_13,National,COMMODITY_039,SUB_039_3,
8501,72,DEPT_15,National,COMMODITY_086,SUB_086_4,
8502,155,DEPT_19,Private,COMMODITY_043,SUB_043_5,
8503,495,DEPT_19,National,COMMODITY_120,SUB_120_6,
8504,321,DEPT_05,National,COMMODITY_222,SUB_222_7,
8505,451,DEPT_13,National,COMMODITY_298,SUB_298_0,
8506,134,DEPT_10,Private,COMMODITY_208,SUB_208_1,
8507,126,DEPT_21,Private,COMMODITY_072,SUB_072_2,
8508,56,DEPT_09,National,COMMODITY_232,SUB_232_3,
8509,65,DEPT_06,Private,COMMODITY_293,SUB_293_4,
8510,143,DEPT_17,Private,COMMODITY_261,SUB_261_5,
8511,10,DEPT_14,National,COMMODITY_290,SUB_290_6,
8512,112,DEPT_09,National,COMMODITY_056,SUB_056_7,
8513,81,DEPT_23,Private,COMMODITY_250,SUB_250_0,
8514,131,DEPT_24,National,COMMODITY_214,SUB_214_1,
8515,10,DEPT_17,Private,COMMODITY_261,SUB_261_2,
8516,45,DEPT_16,National,COMMODITY_243,SUB_243_3,
8517,26,DEPT_18,National,COMMODITY_157,SUB_157_4,
8518,190,DEPT_21,Private,COMMODITY_072,SUB_072_5,
8519,181,DEPT_03,Private,COMMODITY_296,SUB_296_6,
8520,355,DEPT_04,National,COMMODITY_146,SUB_146_7,
8521,256,DEPT_15,National,COMMODITY_186,SUB_186_0,
8522,222,DEPT_19,National,COMMODITY_095,SUB_095_1,
8523,199,DEPT_05,Private,COMMODITY_235,SUB_235_2,
8524,353,DEPT_18,Private,COMMODITY_029,SUB_029_3,
8525,316,DEPT_18,National,COMMODITY_029,SUB_029_4,
8526,128,DEPT_12,National,COMMODITY_258,SUB_258_5,
8527,182,DEPT_05,National,COMMODITY_222,SUB_222_6,
8528,424,DEPT_13,National,COMMODITY_225,SUB_225_7,
8529,38,DEPT_19,National,COMMODITY_211,SUB_211_0,
8530,385,DEPT_22,Private,COMMODITY_003,SUB_003_1,
8531,166,DEPT_10,National,COMMODITY_208,SUB_208_2,
8532,409,DEPT_19,National,COMMODITY_120,SUB_120_3,
8533,309,DEPT_23,Private,COMMODITY_013,SUB_013_4,
8534,441,DEPT_05,National,COMMODITY_245,SUB_245_5,
8535,366,DEPT_19,National,COMMODITY_095,SUB_095_6,
8536,68,DEPT_19,Private,COMMODITY_287,SUB_287_7,
8537,278,DEPT_19,National,COMMODITY_085,SUB_085_0,
8538,381,DEPT_22,National,COMMODITY_073,SUB_073_1,
8539,258,DEPT_13,National,COMMODITY_011,SUB_011_2,
8540,429,DEPT_13,National,COMMODITY_285,SUB_285_3,
8541,128,DEPT_19,National,COMMODITY_108,SUB_108_4,
8542,218,DEPT_14,National,COMMODITY_140,SUB_140_5,
8543,18,DEPT_21,National,COMMODITY_007,SUB_007_6,
8544,234,DEPT_23,Private,COMMODITY_014,SUB_014_7,
8545,378,DEPT_22,National,COMMODITY_003,SUB_003_0,
8546,402,DEPT_18,National,COMMODITY_004,SUB_004_1,
8547,333,DEPT_08,National,COMMODITY_053,SUB_053_2,
8548,10,DEPT_13,Private,COMMODITY_028,SUB_028_3,
8549,312,DEPT_00,National,COMMODITY_057,SUB_057_4,
8550,201,DEPT_02,Private,COMMODITY_165,SUB_165_5,
8551,338,DEPT_15,Private,COMMODITY_283,SUB_283_6,
8552,394,DEPT_13,National,COMMODITY_298,SUB_298_7,
8553,217,DEPT_19,National,COMMODITY_226,SUB_226_0,
8554,209,DEPT_24,Private,COMMODITY_249,SUB_249_1,
8555,488,DEPT_05,National,COMMODITY_074,SUB_074_2,
8556,68,DEPT_19,National,COMMODITY_289,SUB_289_3,
8557,86,DEPT_17,Private,COMMODITY_051,SUB_051_4,
8558,221,DEPT_07,National,COMMODITY_279,SUB_279_5,
8559,429,DEPT_08,Private,COMMODITY_093,SUB_093_6,
8560,204,DEPT_01,National,COMMODITY_268,SUB_268_7,
8561,262,DEPT_19,National,COMMODITY_095,SUB_095_0,
8562,432,DEPT_16,National,COMMODITY_243,SUB_243_1,
8563,128,DEPT_12,National,COMMODITY_172,SUB_172_2,
8564,138,DEPT_01,National,COMMODITY_184,SUB_184_3,
8565,237,DEPT_00,National,COMMODITY_252,SUB_252_4,
8566,114,DEPT_05,Private,COMMODITY_207,SUB_207_5,
8567,440,DEPT_17,Private,COMMODITY_216,SUB_216_6,
8568,178,DEPT_15,National,COMMODITY_283,SUB_283_7,
8569,353,DEPT_14,National,COMMODITY_194,SUB_194_0,
8570,411,DEPT_14,National,COMMODITY_194,SUB_194_1,
8571,231,DEPT_09,National,COMMODITY_116,SUB_116_2,
8572,304,DEPT_15,National,COMMODITY_025,SUB_025_3,
8573,324,DEPT_19,National,COMMODITY_095,SUB_095_4,
8574,291,DEPT_03,National,COMMODITY_159,SUB_159_5,
8575,269,DEPT_02,National,COMMODITY_033,SUB_033_6,
8576,348,DEPT_08,National,COMMODITY_237,SUB_237_7,
8577,362,DEPT_21,National,COMMODITY_238,SUB_238_0,
8578,40,DEPT_02,National,COMMODITY_033,SUB_033_1,
8579,447,DEPT_21,National,COMMODITY_200,SUB_200_2,
8580,275,DEPT_05,National,COMMODITY_023,SUB_023_3,
8581,427,DEPT_16,Private,COMMODITY_024,SUB_024_4,
8582,94,DEPT_04,Private,COMMODITY_254,SUB_254_5,
8583,48,DEPT_06,Private,COMMODITY_158,SUB_158_6,
8584,233,DEPT_11,National,COMMODITY_026,SUB_026_7,
8585,261,DEPT_23,National,COMMODITY_213,SUB_213_0,
8586,42,DEPT_08,Private,COMMODITY_046,SUB_046_1,
8587,21,DEPT_19,Private,COMMODITY_055,SUB_055_2,
8588,299,DEPT_01,Private,COMMODITY_155,SUB_155_3,
8589,196,DEPT_23,National,COMMODITY_175,SUB_175_4,
8590,472,DEPT_02,National,COMMODITY_169,SUB_169_5,
8591,295,DEPT_20,National,COMMODITY_088,SUB_088_6,
8592,140,DEPT_05,National,COMMODITY_235,SUB_235_7,
8593,35,DEPT_15,National,COMMODITY_086,SUB_086_0,
8594,76,DEPT_06,National,COMMODITY_217,SUB_217_1,
8595,299,DEPT_20,National,COMMODITY_269,SUB_269_2,
8596,485,DEPT_00,National,COMMODITY_022,SUB_022_3,
8597,97,DEPT_13,Private,COMMODITY_061,SUB_061_4,
8598,339,DEPT_24,National,COMMODITY_168,SUB_168_5,
8599,237,DEPT_16,National,COMMODITY_065,SUB_065_6,
8600,450,DEPT_14,Private,COMMODITY_206,SUB_206_7,
8601,350,DEPT_06,National,COMMODITY_217,SUB_217_0,
8602,185,DEPT_03,Private,COMMODITY_296,SUB_296_1,
8603,475,DEPT_15,Private,COMMODITY_038,SUB_038_2,
8604,387,DEPT_08,National,COMMODITY_239,SUB_239_3,
8605,33,DEPT_05,National,COMMODITY_297,SUB_297_4,
8606,273,DEPT_20,Private,COMMODITY_269,SUB_269_5,
8607,181,DEPT_08,National,COMMODITY_034,SUB_034_6,
8608,344,DEPT_00,National,COMMODITY_098,SUB_098_7,
8609,445,DEPT_22,Private,COMMODITY_121,SUB_121_0,
8610,32,DEPT_11,National,COMMODITY_156,SUB_156_1,
8611,493,DEPT_08,National,COMMODITY_070,SUB_070_2,
8612,137,DEPT_24,National,COMMODITY_016,SUB_016_3,
8613,336,DEPT_17,National,COMMODITY_233,SUB_233_4,
8614,260,DEPT_13,National,COMMODITY_240,SUB_240_5,
8615,2,DEPT_15,National,COMMODITY_009,SUB_009_6,
8616,339,DEPT_05,National,COMMODITY_177,SUB_177_7,
8617,422,DEPT_16,Private,COMMODITY_179,SUB_179_0,
8618,66,DEPT_14,Private,COMMODITY_209,SUB_209_1,
8619,70,DEPT_23,National,COMMODITY_135,SUB_135_2,
8620,40,DEPT_12,Private,COMMODITY_299,SUB_299_3,
8621,490,DEPT_10,National,COMMODITY_281,SUB_281_4,
8622,133,DEPT_05,National,COMMODITY_245,SUB_245_5,
8623,276,DEPT_02,National,COMMODITY_144,SUB_144_6,
8624,376,DEPT_23,National,COMMODITY_067,SUB_067_7,
8625,50,DEPT_05,National,COMMODITY_064,SUB_064_0,
8626,438,DEPT_11,Private,COMMODITY_026,SUB_026_1,
8627,389,DEPT_14,Private,COMMODITY_290,SUB_290_2,
8628,34,DEPT_08,National,COMMODITY_101,SUB_101_3,
8629,72,DEPT_23,National,COMMODITY_067,SUB_067_4,
8630,391,DEPT_14,National,COMMODITY_202,SUB_202_5,
8631,74,DEPT_00,Private,COMMODITY_098,SUB_098_6,
8632,244,DEPT_13,Private,COMMODITY_011,SUB_011_7,
8633,104,DEPT_18,National,COMMODITY_157,SUB_157_0,
8634,498,DEPT_13,National,COMMODITY_240,SUB_240_1,
8635,295,DEPT_05,National,COMMODITY_023,SUB_023_2,
8636,222,DEPT_16,Private,COMMODITY_179,SUB_179_3,
8637,189,DEPT_21,National,COMMODITY_288,SUB_288_4,
8638,234,DEPT_24,National,COMMODITY_249,SUB_249_5,
8639,144,DEPT_08,Private,COMMODITY_053,SUB_053_6,
8640,123,DEPT_22,National,COMMODITY_102,SUB_102_7,
8641,327,DEPT_07,National,COMMODITY_136,SUB_136_0,
8642,150,DEPT_13,National,COMMODITY_097,SUB_097_1,
8643,229,DEPT_23,National,COMMODITY_096,SUB_096_2,
8644,485,DEPT_13,National,COMMODITY_035,SUB_035_3,
8645,4,DEPT_01,National,COMMODITY_155,SUB_155_4,
8646,40,DEPT_00,National,COMMODITY_047,SUB_047_5,
8647,340,DEPT_20,National,COMMODITY_195,SUB_195_6,
8648,486,DEPT_24,National,COMMODITY_087,SUB_087_7,
8649,312,DEPT_23,National,COMMODITY_135,SUB_135_0,
8650,350,DEPT_00,National,COMMODITY_098,SUB_098_1,
8651,35,DEPT_03,National,COMMODITY_159,SUB_159_2,
8652,206,DEPT_02,National,COMMODITY_124,SUB_124_3,
8653,421,DEPT_05,National,COMMODITY_207,SUB_207_4,
8654,372,DEPT_21,Private,COMMODITY_138,SUB_138_5,
8655,427,DEPT_04,National,COMMODITY_205,SUB_205_6,
8656,257,DEPT_17,National,COMMODITY_282,SUB_282_7,
8657,382,DEPT_03,Private,COMMODITY_090,SUB_090_0,
8658,68,DEPT_17,National,COMMODITY_274,SUB_274_1,
8659,457,DEPT_14,National,COMMODITY_209,SUB_209_2,
8660,138,DEPT_20,Private,COMMODITY_027,SUB_027_3,
8661,186,DEPT_23,National,COMMODITY_175,SUB_175_4,
8662,330,DEPT_17,Private,COMMODITY_051,SUB_051_5,
8663,173,DEPT_13,National,COMMODITY_266,SUB_266_6,
8664,309,DEPT_13,Private,COMMODITY_164,SUB_164_7,
8665,47,DEPT_10,Private,COMMODITY_208,SUB_208_0,
8666,123,DEPT_16,Private,COMMODITY_083,SUB_083_1,
8667,46,DEPT_20,National,COMMODITY_027,SUB_027_2,
8668,471,DEPT_08,National,COMMODITY_100,SUB_100_3,
8669,369,DEPT_11,National,COMMODITY_231,SUB_231_4,
8670,446,DEPT_12,National,COMMODITY_299,SUB_299_5,
8671,152,DEPT_20,National,COMMODITY_027,SUB_027_6,
8672,254,DEPT_19,National,COMMODITY_287,SUB_287_7,
8673,145,DEPT_13,National,COMMODITY_294,SUB_294_0,
8674,482,DEPT_15,National,COMMODITY_025,SUB_025_1,
8675,178,DEPT_14,National,COMMODITY_206,SUB_206_2,
8676,25,DEPT_14,National,COMMODITY_198,SUB_198_3,
8677,352,DEPT_02,Private,COMMODITY_191,SUB_191_4,
8678,54,DEPT_12,National,COMMODITY_286,SUB_286_5,
8679,206,DEPT_01,National,COMMODITY_128,SUB_128_6,
8680,127,DEPT_05,National,COMMODITY_058,SUB_058_7,
8681,481,DEPT_23,National,COMMODITY_013,SUB_013_0,
8682,7,DEPT_23,National,COMMODITY_173,SUB_173_1,
8683,199,DEPT_08,Private,COMMODITY_046,SUB_046_2,
8684,486,DEPT_23,Private,COMMODITY_135,SUB_135_3,
8685,116,DEPT_19,National,COMMODITY_055,SUB_055_4,
8686,378,DEPT_17,Private,COMMODITY_051,SUB_051_5,
8687,489,DEPT_22,Private,COMMODITY_102,SUB_102_6,
8688,326,DEPT_11,National,COMMODITY_231,SUB_231_7,
8689,435,DEPT_19,National,COMMODITY_130,SUB_130_0,
8690,307,DEPT_12,National,COMMODITY_258,SUB_258_1,
8691,74,DEPT_01,Private,COMMODITY_268,SUB_268_2,
8692,146,DEPT_17,National,COMMODITY_259,SUB_259_3,
8693,332,DEPT_11,National,COMMODITY_105,SUB_105_4,
8694,293,DEPT_18,National,COMMODITY_150,SUB_150_5,
8695,375,DEPT_00,National,COMMODITY_021,SUB_021_6,
8696,135,DEPT_19,National,COMMODITY_085,SUB_085_7,
8697,419,DEPT_21,National,COMMODITY_228,SUB_228_0,
8698,439,DEPT_09,National,COMMODITY_113,SUB_113_1,
8699,374,DEPT_17,National,COMMODITY_012,SUB_012_2,
8700,44,DEPT_24,Private,COMMODITY_129,SUB_129_3,
8701,316,DEPT_16,National,COMMODITY_278,SUB_278_4,
8702,243,DEPT_00,Private,COMMODITY_167,SUB_167_5,
8703,263,DEPT_20,National,COMMODITY_088,SUB_088_6,
8704,298,DEPT_17,National,COMMODITY_203,SUB_203_7,
8705,361,DEPT_19,Private,COMMODITY_120,SUB_120_0,
8706,475,DEPT_18,National,COMMODITY_150,SUB_150_1,
8707,69,DEPT_12,National,COMMODITY_299,SUB_299_2,
8708,341,DEPT_07,National,COMMODITY_255,SUB_255_3,
8709,104,DEPT_13,National,COMMODITY_097,SUB_097_4,
8710,4,DEPT_18,National,COMMODITY_174,SUB_174_5,
8711,439,DEPT_03,National,COMMODITY_159,SUB_159_6,
8712,372,DEPT_17,Private,COMMODITY_275,SUB_275_7,
8713,106,DEPT_12,National,COMMODITY_257,SUB_257_0,
8714,276,DEPT_17,National,COMMODITY_259,SUB_259_1,
8715,483,DEPT_04,National,COMMODITY_205,SUB_205_2,
8716,277,DEPT_00,National,COMMODITY_068,SUB_068_3,
8717,5,DEPT_15,National,COMMODITY_086,SUB_086_4,
8718,141,DEPT_17,National,COMMODITY_071,SUB_071_5,
8719,223,DEPT_12,National,COMMODITY_227,SUB_227_6,
8720,144,DEPT_23,Private,COMMODITY_173,SUB_173_7,
8721,4,DEPT_18,National,COMMODITY_157,SUB_157_0,
8722,319,DEPT_00,National,COMMODITY_220,SUB_220_1,
8723,15,DEPT_15,Private,COMMODITY_009,SUB_009_2,
8724,384,DEPT_23,Private,COMMODITY_082,SUB_082_3,
8725,55,DEPT_12,National,COMMODITY_227,SUB_227_4,
8726,215,DEPT_08,National,COMMODITY_277,SUB_277_5,
8727,115,DEPT_04,National,COMMODITY_244,SUB_244_6,
8728,240,DEPT_22,National,COMMODITY_121,SUB_121_7,
8729,70,DEPT_12,National,COMMODITY_048,SUB_048_0,
8730,330,DEPT_09,National,COMMODITY_109,SUB_109_1,
8731,198,DEPT_22,Private,COMMODITY_121,SUB_121_2,
8732,185,DEPT_04,Private,COMMODITY_244,SUB_244_3,
8733,146,DEPT_20,National,COMMODITY_145,SUB_145_4,
8734,250,DEPT_08,National,COMMODITY_037,SUB_037_5,
8735,414,DEPT_20,National,COMMODITY_195,SUB_195_6,
8736,146,DEPT_13,Private,COMMODITY_298,SUB_298_7,
8737,20,DEPT_12,National,COMMODITY_257,SUB_257_0,
8738,42,DEPT_10,National,COMMODITY_281,SUB_281_1,
8739,139,DEPT_02,Private,COMMODITY_042,SUB_042_2,
8740,62,DEPT_20,Private,COMMODITY_264,SUB_264_3,
8741,443,DEPT_12,Private,COMMODITY_258,SUB_258_4,
8742,462,DEPT_01,National,COMMODITY_147,SUB_147_5,
8743,215,DEPT_01,National,COMMODITY_128,SUB_128_6,
8744,395,DEPT_06,National,COMMODITY_265,SUB_265_7,
8745,8,DEPT_17,Private,COMMODITY_112,SUB_112_0,
8746,387,DEPT_01,National,COMMODITY_134,SUB_134_1,
8747,13,DEPT_09,National,COMMODITY_056,SUB_056_2,
8748,467,DEPT_02,Private,COMMODITY_042,SUB_042_3,
8749,249,DEPT_20,National,COMMODITY_242,SUB_242_4,
8750,351,DEPT_17,Private,COMMODITY_259,SUB_259_5,
8751,1,DEPT_05,National,COMMODITY_222,SUB_222_6,
8752,31,DEPT_18,National,COMMODITY_174,SUB_174_7,
8753,327,DEPT_23,National,COMMODITY_002,SUB_002_0,
8754,465,DEPT_05,Private,COMMODITY_058,SUB_058_1,
8755,351,DEPT_22,Private,COMMODITY_223,SUB_223_2,
8756,434,DEPT_00,National,COMMODITY_076,SUB_076_3,
8757,292,DEPT_15,National,COMMODITY_036,SUB_036_4,
8758,455,DEPT_17,National,COMMODITY_178,SUB_178_5,
8759,4,DEPT_17,National,COMMODITY_012,SUB_012_6,
8760,439,DEPT_20,Private,COMMODITY_088,SUB_088_7,
8761,166,DEPT_09,National,COMMODITY_116,SUB_116_0,
8762,483,DEPT_08,National,COMMODITY_053,SUB_053_1,
8763,259,DEPT_18,Private,COMMODITY_174,SUB_174_2,
8764,278,DEPT_03,National,COMMODITY_090,SUB_090_3,
8765,306,DEPT_17,Private,COMMODITY_178,SUB_178_4,
8766,109,DEPT_11,Private,COMMODITY_026,SUB_026_5,
8767,300,DEPT_15,National,COMMODITY_009,SUB_009_6,
8768,444,DEPT_21,National,COMMODITY_200,SUB_200_7,
8769,471,DEPT_01,National,COMMODITY_063,SUB_063_0,
8770,163,DEPT_24,National,COMMODITY_214,SUB_214_1,
8771,61,DEPT_22,National,COMMODITY_003,SUB_003_2,
8772,392,DEPT_00,National,COMMODITY_076,SUB_076_3,
8773,211,DEPT_11,Private,COMMODITY_026,SUB_026_4,
8774,92,DEPT_16,National,COMMODITY_243,SUB_243_5,
8775,200,DEPT_03,National,COMMODITY_090,SUB_090_6,
8776,401,DEPT_21,National,COMMODITY_273,SUB_273_7,
8777,315,DEPT_22,National,COMMODITY_127,SUB_127_0,
8778,225,DEPT_21,Private,COMMODITY_273,SUB_273_1,
8779,136,DEPT_24,National,COMMODITY_249,SUB_249_2,
8780,338,DEPT_05,Private,COMMODITY_199,SUB_199_3,
8781,44,DEPT_06,National,COMMODITY_111,SUB_111_4,
8782,495,DEPT_07,National,COMMODITY_133,SUB_133_5,
8783,26,DEPT_07,National,COMMODITY_255,SUB_255_6,
8784,198,DEPT_24,National,COMMODITY_016,SUB_016_7,
8785,494,DEPT_19,National,COMMODITY_043,SUB_043_0,
8786,294,DEPT_06,National,COMMODITY_293,SUB_293_1,
8787,83,DEPT_24,National,COMMODITY_016,SUB_016_2,
8788,473,DEPT_01,National,COMMODITY_241,SUB_241_3,
8789,63,DEPT_13,National,COMMODITY_097,SUB_097_4,
8790,256,DEPT_05,National,COMMODITY_074,SUB_074_5,
8791,80,DEPT_23,National,COMMODITY_067,SUB_067_6,
8792,339,DEPT_08,National,COMMODITY_239,SUB_239_7,
8793,40,DEPT_07,National,COMMODITY_284,SUB_284_0,
8794,284,DEPT_22,National,COMMODITY_017,SUB_017_1,
8795,331,DEPT_00,National,COMMODITY_022,SUB_022_2,
8796,172,DEPT_12,Private,COMMODITY_295,SUB_295_3,
8797,325,DEPT_22,National,COMMODITY_247,SUB_247_4,
8798,349,DEPT_15,National,COMMODITY_036,SUB_036_5,
8799,448,DEPT_06,Private,COMMODITY_260,SUB_260_6,
8800,399,DEPT_14,Private,COMMODITY_030,SUB_030_7,
8801,106,DEPT_15,Private,COMMODITY_054,SUB_054_0,
8802,444,DEPT_01,National,COMMODITY_251,SUB_251_1,
8803,113,DEPT_05,National,COMMODITY_297,SUB_297_2,
8804,428,DEPT_17,National,COMMODITY_020,SUB_020_3,
8805,397,DEPT_13,Private,COMMODITY_196,SUB_196_4,
8806,256,DEPT_23,National,COMMODITY_096,SUB_096_5,
8807,322,DEPT_04,Private,COMMODITY_166,SUB_166_6,
8808,183,DEPT_07,National,COMMODITY_066,SUB_066_7,
8809,492,DEPT_13,National,COMMODITY_266,SUB_266_0,
8810,275,DEPT_22,National,COMMODITY_073,SUB_073_1,
8811,310,DEPT_06,National,COMMODITY_111,SUB_111_2,
8812,157,DEPT_06,Private,COMMODITY_111,SUB_111_3,
8813,347,DEPT_13,Private,COMMODITY_041,SUB_041_4,
8814,252,DEPT_16,Private,COMMODITY_179,SUB_179_5,
8815,209,DEPT_21,National,COMMODITY_288,SUB_288_6,
8816,346,DEPT_18,Private,COMMODITY_157,SUB_157_7,
8817,54,DEPT_05,National,COMMODITY_222,SUB_222_0,
8818,384,DEPT_12,Private,COMMODITY_295,SUB_295_1,
8819,489,DEPT_02,Private,COMMODITY_191,SUB_191_2,
8820,365,DEPT_20,National,COMMODITY_269,SUB_269_3,
8821,394,DEPT_13,Private,COMMODITY_225,SUB_225_4,
8822,471,DEPT_19,National,COMMODITY_120,SUB_120_5,
8823,193,DEPT_00,National,COMMODITY_068,SUB_068_6,
8824,131,DEPT_19,National,COMMODITY_190,SUB_190_7,
8825,219,DEPT_24,National,COMMODITY_131,SUB_131_0,
8826,385,DEPT_21,Private,COMMODITY_228,SUB_228_1,
8827,96,DEPT_17,Private,COMMODITY_112,SUB_112_2,
8828,431,DEPT_11,Private,COMMODITY_032,SUB_032_3,
8829,419,DEPT_06,National,COMMODITY_260,SUB_260_4,
8830,97,DEPT_15,National,COMMODITY_185,SUB_185_5,
8831,451,DEPT_13,National,COMMODITY_285,SUB_285_6,
8832,101,DEPT_02,Private,COMMODITY_218,SUB_218_7,
8833,118,DEPT_21,National,COMMODITY_212,SUB_212_0,
8834,256,DEPT_05,National,COMMODITY_207,SUB_207_1,
8835,430,DEPT_15,National,COMMODITY_009,SUB_009_2,
8836,81,DEPT_15,National,COMMODITY_009,SUB_009_3,
8837,435,DEPT_07,Private,COMMODITY_136,SUB_136_4,
8838,453,DEPT_15,National,COMMODITY_283,SUB_283_5,
8839,125,DEPT_24,National,COMMODITY_087,SUB_087_6,
8840,443,DEPT_00,Private,COMMODITY_000,SUB_000_7,
8841,25,DEPT_00,Private,COMMODITY_220,SUB_220_0,
8842,255,DEPT_13,National,COMMODITY_028,SUB_028_1,
8843,25,DEPT_00,National,COMMODITY_098,SUB_098_2,
8844,90,DEPT_16,National,COMMODITY_065,SUB_065_3,
8845,36,DEPT_05,Private,COMMODITY_074,SUB_074_4,
8846,102,DEPT_13,Private,COMMODITY_196,SUB_196_5,
8847,268,DEPT_19,Private,COMMODITY_190,SUB_190_6,
8848,323,DEPT_18,National,COMMODITY_150,SUB_150_7,
8849,2,DEPT_19,National,COMMODITY_055,SUB_055_0,
8850,482,DEPT_24,National,COMMODITY_005,SUB_005_1,
8851,442,DEPT_13,National,COMMODITY_028,SUB_028_2,
8852,16,DEPT_16,Private,COMMODITY_092,SUB_092_3,
8853,86,DEPT_13,Private,COMMODITY_039,SUB_039_4,
8854,304,DEPT_04,National,COMMODITY_059,SUB_059_5,
8855,460,DEPT_06,Private,COMMODITY_008,SUB_008_6,
8856,458,DEPT_14,National,COMMODITY_206,SUB_206_7,
8857,165,DEPT_18,Private,COMMODITY_157,SUB_157_0,
8858,401,DEPT_06,National,COMMODITY_260,SUB_260_1,
8859,160,DEPT_14,Private,COMMODITY_030,SUB_030_2,
8860,238,DEPT_00,National,COMMODITY_252,SUB_252_3,
8861,141,DEPT_22,National,COMMODITY_127,SUB_127_4,
8862,394,DEPT_19,National,COMMODITY_043,SUB_043_5,
8863,304,DEPT_04,National,COMMODITY_166,SUB_166_6,
8864,175,DEPT_08,National,COMMODITY_100,SUB_100_7,
8865,265,DEPT_24,National,COMMODITY_249,SUB_249_0,
8866,342,DEPT_15,National,COMMODITY_038,SUB_038_1,
8867,13,DEPT_18,National,COMMODITY_004,SUB_004_2,
8868,133,DEPT_21,National,COMMODITY_256,SUB_256_3,
8869,244,DEPT_23,National,COMMODITY_067,SUB_067_4,
8870,458,DEPT_13,National,COMMODITY_266,SUB_266_5,
8871,390,DEPT_00,National,COMMODITY_079,SUB_079_6,
8872,377,DEPT_04,National,COMMODITY_229,SUB_229_7,
8873,233,DEPT_15,National,COMMODITY_186,SUB_186_0,
8874,325,DEPT_21,Private,COMMODITY_204,SUB_204_1,
8875,236,DEPT_08,Private,COMMODITY_239,SUB_239_2,
8876,271,DEPT_06,Private,COMMODITY_158,SUB_158_3,
8877,44,DEPT_01,National,COMMODITY_251,SUB_251_4,
8878,301,DEPT_11,National,COMMODITY_272,SUB_272_5,
8879,174,DEPT_23,National,COMMODITY_175,SUB_175_6,
8880,391,DEPT_20,National,COMMODITY_027,SUB_027_7,
8881,247,DEPT_11,Private,COMMODITY_105,SUB_105_0,
8882,459,DEPT_00,National,COMMODITY_252,SUB_252_1,
8883,424,DEPT_08,National,COMMODITY_070,SUB_070_2,
8884,421,DEPT_02,Private,COMMODITY_124,SUB_124_3,
8885,429,DEPT_13,National,COMMODITY_196,SUB_196_4,
8886,439,DEPT_02,National,COMMODITY_191,SUB_191_5,
8887,175,DEPT_01,National,COMMODITY_147,SUB_147_6,
8888,121,DEPT_21,National,COMMODITY_204,SUB_204_7,
8889,54,DEPT_01,Private,COMMODITY_181,SUB_181_0,
8890,418,DEPT_10,National,COMMODITY_126,SUB_126_1,
8891,432,DEPT_19,National,COMMODITY_160,SUB_160_2,
8892,487,DEPT_22,Private,COMMODITY_044,SUB_044_3,
8893,220,DEPT_09,National,COMMODITY_246,SUB_246_4,
8894,96,DEPT_04,National,COMMODITY_205,SUB_205_5,
8895,281,DEPT_19,Private,COMMODITY_120,SUB_120_6,
8896,434,DEPT_02,National,COMMODITY_151,SUB_151_7,
8897,25,DEPT_17,National,COMMODITY_019,SUB_019_0,
8898,294,DEPT_23,Private,COMMODITY_135,SUB_135_1,
8899,80,DEPT_09,National,COMMODITY_271,SUB_271_2,
8900,222,DEPT_17,National,COMMODITY_259,SUB_259_3,
8901,40,DEPT_02,National,COMMODITY_169,SUB_169_4,
8902,337,DEPT_20,National,COMMODITY_269,SUB_269_5,
8903,114,DEPT_13,National,COMMODITY_060,SUB_060_6,
8904,488,DEPT_05,National,COMMODITY_064,SUB_064_7,
8905,486,DEPT_15,National,COMMODITY_283,SUB_283_0,
8906,157,DEPT_14,National,COMMODITY_140,SUB_140_1,
8907,234,DEPT_05,National,COMMODITY_222,SUB_222_2,
8908,216,DEPT_08,National,COMMODITY_053,SUB_053_3,
8909,319,DEPT_17,Private,COMMODITY_012,SUB_012_4,
8910,117,DEPT_23,Private,COMMODITY_173,SUB_173_5,
8911,59,DEPT_02,National,COMMODITY_144,SUB_144_6,
8912,252,DEPT_21,National,COMMODITY_138,SUB_138_7,
8913,263,DEPT_19,National,COMMODITY_287,SUB_287_0,
8914,192,DEPT_14,Private,COMMODITY_209,SUB_209_1,
8915,187,DEPT_01,Private,COMMODITY_155,SUB_155_2,
8916,65,DEPT_21,National,COMMODITY_273,SUB_273_3,
8917,77,DEPT_17,National,COMMODITY_051,SUB_051_4,
8918,318,DEPT_23,National,COMMODITY_135,SUB_135_5,
8919,452,DEPT_14,Private,COMMODITY_141,SUB_141_6,
8920,427,DEPT_21,National,COMMODITY_288,SUB_288_7,
8921,267,DEPT_04,National,COMMODITY_205,SUB_205_0,
8922,310,DEPT_22,Private,COMMODITY_073,SUB_073_1,
8923,45,DEPT_08,Private,COMMODITY_037,SUB_037_2,
8924,109,DEPT_07,National,COMMODITY_255,SUB_255_3,
8925,25,DEPT_24,National,COMMODITY_214,SUB_214_4,
8926,22,DEPT_01,National,COMMODITY_184,SUB_184_5,
8927,153,DEPT_06,Private,COMMODITY_265,SUB_265_6,
8928,47,DEPT_06,Private,COMMODITY_106,SUB_106_7,
8929,2,DEPT_01,National,COMMODITY_184,SUB_184_0,
8930,441,DEPT_13,Private,COMMODITY_028,SUB_028_1,
8931,487,DEPT_11,National,COMMODITY_272,SUB_272_2,
8932,96,DEPT_13,National,COMMODITY_164,SUB_164_3,
8933,49,DEPT_15,National,COMMODITY_054,SUB_054_4,
8934,204,DEPT_06,National,COMMODITY_265,SUB_265_5,
8935,355,DEPT_16,National,COMMODITY_092,SUB_092_6,
8936,432,DEPT_14,Private,COMMODITY_154,SUB_154_7,
8937,145,DEPT_13,National,COMMODITY_285,SUB_285_0,
8938,156,DEPT_16,National,COMMODITY_065,SUB_065_1,
8939,71,DEPT_23,National,COMMODITY_013,SUB_013_2,
8940,418,DEPT_13,National,COMMODITY_122,SUB_122_3,
8941,330,DEPT_00,National,COMMODITY_076,SUB_076_4,
8942,197,DEPT_12,Private,COMMODITY_295,SUB_295_5,
8943,390,DEPT_16,Private,COMMODITY_065,SUB_065_6,
8944,149,DEPT_14,National,COMMODITY_209,SUB_209_7,
8945,103,DEPT_00,National,COMMODITY_167,SUB_167_0,
8946,120,DEPT_01,National,COMMODITY_268,SUB_268_1,
8947,141,DEPT_22,Private,COMMODITY_044,SUB_044_2,
8948,417,DEPT_03,National,COMMODITY_001,SUB_001_3,
8949,296,DEPT_20,Private,COMMODITY_253,SUB_253_4,
8950,9,DEPT_17,National,COMMODITY_012,SUB_012_5,
8951,185,DEPT_12,National,COMMODITY_048,SUB_048_6,
8952,325,DEPT_02,National,COMMODITY_171,SUB_171_7,
8953,83,DEPT_11,National,COMMODITY_276,SUB_276_0,
8954,478,DEPT_03,Private,COMMODITY_090,SUB_090_1,
8955,252,DEPT_20,National,COMMODITY_069,SUB_069_2,
8956,25,DEPT_04,National,COMMODITY_244,SUB_244_3,
8957,443,DEPT_11,National,COMMODITY_272,SUB_272_4,
8958,446,DEPT_06,National,COMMODITY_197,SUB_197_5,
8959,133,DEPT_00,National,COMMODITY_052,SUB_052_6,
8960,272,DEPT_08,National,COMMODITY_123,SUB_123_7,
8961,354,DEPT_03,National,COMMODITY_090,SUB_090_0,
8962,115,DEPT_16,Private,COMMODITY_179,SUB_179_1,
8963,299,DEPT_18,National,COMMODITY_004,SUB_004_2,
8964,73,DEPT_20,National,COMMODITY_242,SUB_242_3,
8965,418,DEPT_08,National,COMMODITY_237,SUB_237_4,
8966,243,DEPT_00,Private,COMMODITY_167,SUB_167_5,
8967,206,DEPT_11,Private,COMMODITY_231,SUB_231_6,
8968,366,DEPT_11,National,COMMODITY_018,SUB_018_7,
8969,48,DEPT_04,Private,COMMODITY_254,SUB_254_0,
8970,197,DEPT_09,National,COMMODITY_109,SUB_109_1,
8971,282,DEPT_00,National,COMMODITY_047,SUB_047_2,
8972,136,DEPT_24,National,COMMODITY_129,SUB_129_3,
8973,443,DEPT_07,National,COMMODITY_136,SUB_136_4,
8974,433,DEPT_03,Private,COMMODITY_090,SUB_090_5,
8975,233,DEPT_05,Private,COMMODITY_074,SUB_074_6,
8976,236,DEPT_24,National,COMMODITY_168,SUB_168_7,
8977,223,DEPT_11,National,COMMODITY_026,SUB_026_0,
8978,285,DEPT_19,Private,COMMODITY_211,SUB_211_1,
8979,469,DEPT_04,Private,COMMODITY_244,SUB_244_2,
8980,145,DEPT_02,Private,COMMODITY_191,SUB_191_3,
8981,493,DEPT_21,Private,COMMODITY_138,SUB_138_4,
8982,481,DEPT_06,National,COMMODITY_099,SUB_099_5,
8983,369,DEPT_12,National,COMMODITY_227,SUB_227_6,
8984,331,DEPT_20,National,COMMODITY_242,SUB_242_7,
8985,186,DEPT_05,National,COMMODITY_023,SUB_023_0,
8986,255,DEPT_12,National,COMMODITY_172,SUB_172_1,
8987,243,DEPT_19,National,COMMODITY_085,SUB_085_2,
8988,166,DEPT_01,Private,COMMODITY_147,SUB_147_3,
8989,121,DEPT_20,National,COMMODITY_069,SUB_069_4,
8990,338,DEPT_19,National,COMMODITY_055,SUB_055_5,
8991,345,DEPT_13,National,COMMODITY_266,SUB_266_6,
8992,442,DEPT_13,Private,COMMODITY_285,SUB_285_7,
8993,50,DEPT_20,National,COMMODITY_145,SUB_145_0,
8994,492,DEPT_02,Private,COMMODITY_042,SUB_042_1,
8995,234,DEPT_13,Private,COMMODITY_097,SUB_097_2,
8996,379,DEPT_13,National,COMMODITY_097,SUB_097_3,
8997,294,DEPT_23,National,COMMODITY_149,SUB_149_4,
8998,347,DEPT_13,National,COMMODITY_193,SUB_193_5,
8999,330,DEPT_08,National,COMMODITY_100,SUB_100_6,
9000,338,DEPT_06,National,COMMODITY_219,SUB_219_7,
